arac_id,musteri_id,marka,model,model_yili,satin_alma_tarihi,garanti_bitis_tarihi,ilk_km
500001,100001,Marka-A,A-Sedan,2013,2013-12-02,2018-12-01,9
500002,100002,Marka-C,C-Mini,2019,2019-05-10,2024-05-08,15
500003,100003,Marka-A,A-SUV,2017,2017-07-08,2022-07-07,0
500004,100004,Marka-B,B-Hatch,2023,2023-08-27,2026-08-26,25
500005,100005,Marka-A,A-Sedan,2014,2014-05-21,2017-05-20,47
500006,100006,Marka-A,A-SUV,2013,2013-10-10,2016-10-09,0
500007,100007,Marka-A,A-Sedan,2023,2023-12-21,2028-12-19,45
500008,100007,Marka-A,A-Sedan,2015,2015-05-08,2020-05-06,28
500009,100008,Marka-A,A-Compact,2021,2021-09-19,2023-09-19,38
500010,100009,Marka-A,A-Sedan,2018,2018-01-16,2020-01-16,0
500011,100010,Marka-A,A-Sedan,2015,2015-12-10,2017-12-09,41
500012,100011,Marka-C,C-Mini,2018,2018-05-11,2021-05-10,0
500013,100012,Marka-C,C-Mini,2023,2023-02-24,2028-02-23,67
500014,100012,Marka-B,B-Touring,2021,2021-04-07,2024-04-06,0
500015,100013,Marka-A,A-Sedan,2017,2017-05-22,2022-05-21,40
500016,100014,Marka-A,A-Compact,2020,2020-10-23,2023-10-23,23
500017,100015,Marka-B,B-Crossover,2021,2021-04-13,2023-04-13,0
500018,100016,Marka-B,B-Hatch,2020,2020-01-05,2023-01-04,76
500019,100017,Marka-B,B-Touring,2020,2020-12-19,2025-12-18,11
500020,100018,Marka-C,C-Van,2025,2025-04-02,2028-04-01,29
500021,100019,Marka-A,A-Sedan,2014,2014-04-22,2017-04-21,15
500022,100020,Marka-A,A-SUV,2023,2023-08-05,2026-08-04,62
500023,100021,Marka-A,A-Sedan,2018,2018-06-10,2021-06-09,45
500024,100022,Marka-A,A-Compact,2022,2022-05-27,2027-05-26,17
500025,100022,Marka-B,B-Touring,2020,2020-07-01,2023-07-01,10
500026,100023,Marka-A,A-SUV,2019,2019-10-12,2021-10-11,52
500027,100024,Marka-A,A-Sedan,2023,2023-05-25,2025-05-24,26
500028,100025,Marka-B,B-Hatch,2015,2015-08-05,2017-08-04,0
500029,100026,Marka-A,A-Compact,2024,2024-07-21,2026-07-21,21
500030,100027,Marka-A,A-Compact,2014,2014-07-05,2019-07-04,22
500031,100028,Marka-B,B-Crossover,2020,2020-04-08,2023-04-08,52
500032,100029,Marka-A,A-Sedan,2017,2017-03-21,2020-03-20,0
500033,100030,Marka-A,A-Sedan,2022,2022-03-12,2025-03-11,33
500034,100031,Marka-B,B-Hatch,2022,2022-07-02,2027-07-01,36
500035,100031,Marka-A,A-Sedan,2014,2014-05-04,2017-05-03,46
500036,100032,Marka-A,A-Sedan,2013,2013-08-02,2018-08-01,49
500037,100033,Marka-A,A-Sedan,2025,2025-11-22,2027-11-22,69
500038,100034,Marka-A,A-Compact,2016,2016-02-04,2018-02-03,71
500039,100034,Marka-B,B-Crossover,2016,2016-11-14,2018-11-14,0
500040,100035,Marka-A,A-SUV,2025,2025-09-01,2027-09-01,19
500041,100036,Marka-A,A-Compact,2017,2017-02-09,2019-02-09,24
500042,100037,Marka-C,C-Van,2017,2017-05-17,2019-05-17,53
500043,100038,Marka-C,C-Van,2019,2019-02-23,2022-02-22,58
500044,100039,Marka-A,A-SUV,2021,2021-04-02,2024-04-01,17
500045,100040,Marka-A,A-SUV,2025,2025-08-23,2028-08-22,38
500046,100041,Marka-B,B-Hatch,2019,2019-05-15,2021-05-14,28
500047,100042,Marka-C,C-Van,2024,2024-01-04,2027-01-03,25
500048,100043,Marka-C,C-Mini,2024,2024-10-13,2029-10-12,47
500049,100044,Marka-C,C-Mini,2017,2017-10-20,2019-10-20,66
500050,100045,Marka-B,B-Hatch,2020,2020-10-27,2025-10-26,30
500051,100046,Marka-A,A-Sedan,2018,2018-08-26,2021-08-25,23
500052,100047,Marka-B,B-Crossover,2013,2013-06-08,2016-06-07,0
500053,100047,Marka-A,A-Sedan,2024,2024-08-15,2027-08-15,41
500054,100048,Marka-A,A-SUV,2016,2016-09-09,2021-09-08,71
500055,100048,Marka-A,A-SUV,2021,2021-02-03,2026-02-02,3
500056,100049,Marka-A,A-SUV,2013,2013-01-02,2016-01-02,25
500057,100050,Marka-A,A-Compact,2018,2018-01-04,2021-01-03,31
500058,100051,Marka-B,B-Hatch,2022,2022-05-18,2025-05-17,37
500059,100051,Marka-A,A-Compact,2015,2015-05-08,2018-05-07,54
500060,100052,Marka-A,A-Compact,2023,2023-09-02,2028-08-31,31
500061,100052,Marka-B,B-Touring,2025,2025-12-07,2028-12-06,14
500062,100053,Marka-C,C-Mini,2016,2016-11-02,2018-11-02,51
500063,100054,Marka-C,C-Mini,2022,2022-06-05,2027-06-04,56
500064,100055,Marka-A,A-Sedan,2025,2025-01-05,2027-01-05,0
500065,100055,Marka-A,A-Compact,2017,2017-07-09,2022-07-08,25
500066,100056,Marka-B,B-Crossover,2020,2020-02-02,2022-02-01,2
500067,100057,Marka-B,B-Hatch,2013,2013-02-03,2016-02-03,26
500068,100058,Marka-A,A-SUV,2017,2017-12-03,2019-12-03,41
500069,100059,Marka-A,A-SUV,2013,2013-08-26,2016-08-25,45
500070,100060,Marka-A,A-Compact,2016,2016-08-20,2019-08-20,48
500071,100061,Marka-C,C-Van,2016,2016-11-08,2019-11-08,0
500072,100062,Marka-C,C-Mini,2013,2013-04-07,2015-04-07,20
500073,100063,Marka-A,A-Sedan,2024,2024-08-08,2027-08-08,13
500074,100063,Marka-A,A-Sedan,2022,2022-12-02,2027-12-01,19
500075,100064,Marka-A,A-Compact,2015,2015-06-27,2018-06-26,16
500076,100065,Marka-A,A-Sedan,2016,2016-06-05,2019-06-05,52
500077,100066,Marka-C,C-Van,2018,2018-09-06,2021-09-05,10
500078,100067,Marka-B,B-Hatch,2018,2018-03-19,2021-03-18,21
500079,100068,Marka-C,C-Mini,2014,2014-10-04,2019-10-03,27
500080,100069,Marka-B,B-Hatch,2018,2018-01-01,2020-01-01,26
500081,100069,Marka-C,C-Van,2022,2022-04-16,2024-04-15,0
500082,100070,Marka-A,A-Sedan,2014,2014-08-21,2017-08-20,8
500083,100071,Marka-B,B-Crossover,2016,2016-11-10,2019-11-10,78
500084,100071,Marka-C,C-Van,2021,2021-06-05,2026-06-04,39
500085,100072,Marka-A,A-SUV,2020,2020-10-07,2022-10-07,17
500086,100073,Marka-B,B-Hatch,2019,2019-07-14,2021-07-13,38
500087,100074,Marka-B,B-Hatch,2018,2018-05-08,2023-05-07,43
500088,100075,Marka-A,A-Compact,2020,2020-04-23,2023-04-23,16
500089,100076,Marka-A,A-SUV,2018,2018-03-05,2021-03-04,3
500090,100077,Marka-C,C-Van,2013,2013-05-08,2016-05-07,35
500091,100078,Marka-B,B-Touring,2024,2024-06-06,2026-06-06,15
500092,100079,Marka-A,A-SUV,2021,2021-02-19,2024-02-19,23
500093,100080,Marka-B,B-Crossover,2018,2018-07-16,2023-07-15,53
500094,100081,Marka-A,A-Sedan,2019,2019-12-23,2024-12-21,29
500095,100082,Marka-A,A-Compact,2014,2014-07-27,2016-07-26,9
500096,100082,Marka-A,A-Compact,2017,2017-09-25,2020-09-24,58
500097,100083,Marka-A,A-Compact,2024,2024-05-27,2027-05-27,0
500098,100084,Marka-A,A-Sedan,2025,2025-04-14,2028-04-13,0
500099,100085,Marka-A,A-Sedan,2018,2018-03-03,2021-03-02,23
500100,100085,Marka-A,A-Compact,2015,2015-07-13,2017-07-12,37
500101,100086,Marka-B,B-Touring,2025,2025-02-16,2028-02-16,13
500102,100086,Marka-A,A-Compact,2024,2024-10-17,2027-10-17,46
500103,100087,Marka-A,A-SUV,2025,2025-04-20,2027-04-20,33
500104,100088,Marka-A,A-Sedan,2024,2024-06-23,2027-06-23,63
500105,100089,Marka-B,B-Hatch,2020,2020-06-03,2023-06-03,27
500106,100090,Marka-A,A-Sedan,2016,2016-02-16,2021-02-14,61
500107,100090,Marka-B,B-Crossover,2013,2013-03-20,2018-03-19,29
500108,100091,Marka-A,A-Sedan,2013,2013-10-03,2016-10-02,54
500109,100092,Marka-A,A-Sedan,2017,2017-07-19,2019-07-19,9
500110,100093,Marka-C,C-Van,2018,2018-07-15,2020-07-14,5
500111,100094,Marka-A,A-Compact,2025,2025-01-27,2030-01-26,7
500112,100095,Marka-B,B-Crossover,2021,2021-08-24,2024-08-23,77
500113,100096,Marka-A,A-SUV,2024,2024-07-03,2026-07-03,29
500114,100097,Marka-C,C-Van,2019,2019-11-18,2024-11-16,29
500115,100098,Marka-A,A-SUV,2018,2018-03-23,2021-03-22,0
500116,100099,Marka-C,C-Mini,2023,2023-10-15,2026-10-14,76
500117,100100,Marka-A,A-Sedan,2019,2019-01-06,2021-01-05,67
500118,100101,Marka-B,B-Hatch,2017,2017-08-04,2019-08-04,47
500119,100102,Marka-A,A-SUV,2013,2013-06-07,2016-06-06,40
500120,100103,Marka-C,C-Van,2016,2016-03-19,2019-03-19,37
500121,100104,Marka-C,C-Mini,2017,2017-02-12,2019-02-12,57
500122,100105,Marka-B,B-Touring,2024,2024-01-02,2028-12-31,27
500123,100106,Marka-B,B-Touring,2017,2017-06-07,2020-06-06,1
500124,100107,Marka-B,B-Hatch,2024,2024-01-15,2027-01-14,6
500125,100108,Marka-B,B-Touring,2020,2020-02-06,2023-02-05,53
500126,100108,Marka-A,A-Sedan,2023,2023-04-21,2026-04-20,38
500127,100109,Marka-A,A-Compact,2013,2013-06-18,2016-06-17,14
500128,100109,Marka-A,A-Compact,2018,2018-06-18,2021-06-17,37
500129,100110,Marka-B,B-Crossover,2017,2017-10-14,2020-10-13,0
500130,100111,Marka-C,C-Mini,2021,2021-02-18,2024-02-18,54
500131,100112,Marka-A,A-SUV,2018,2018-04-01,2020-03-31,13
500132,100113,Marka-A,A-Compact,2019,2019-11-16,2024-11-14,48
500133,100114,Marka-A,A-Compact,2013,2013-08-27,2015-08-27,15
500134,100115,Marka-A,A-Compact,2021,2021-02-17,2026-02-16,29
500135,100116,Marka-A,A-Sedan,2023,2023-04-16,2025-04-15,65
500136,100117,Marka-B,B-Hatch,2024,2024-02-25,2027-02-24,36
500137,100118,Marka-A,A-SUV,2023,2023-07-16,2025-07-15,41
500138,100119,Marka-B,B-Crossover,2021,2021-02-23,2024-02-23,35
500139,100120,Marka-C,C-Van,2025,2025-08-22,2028-08-21,9
500140,100121,Marka-A,A-SUV,2017,2017-12-24,2022-12-23,1
500141,100122,Marka-A,A-Sedan,2014,2014-01-02,2016-01-02,42
500142,100122,Marka-C,C-Mini,2016,2016-11-18,2019-11-18,50
500143,100123,Marka-B,B-Touring,2024,2024-10-20,2027-10-20,47
500144,100124,Marka-A,A-Compact,2023,2023-05-07,2025-05-06,0
500145,100124,Marka-B,B-Touring,2013,2013-01-06,2016-01-06,28
500146,100125,Marka-A,A-Compact,2016,2016-03-14,2019-03-14,69
500147,100126,Marka-A,A-Compact,2019,2019-05-07,2022-05-06,0
500148,100127,Marka-A,A-Sedan,2019,2019-04-15,2021-04-14,57
500149,100128,Marka-B,B-Hatch,2020,2020-05-11,2023-05-11,15
500150,100128,Marka-B,B-Hatch,2018,2018-06-03,2021-06-02,76
500151,100129,Marka-B,B-Touring,2023,2023-09-24,2025-09-23,29
500152,100130,Marka-B,B-Hatch,2023,2023-08-23,2026-08-22,38
500153,100131,Marka-C,C-Mini,2022,2022-01-21,2027-01-20,1
500154,100132,Marka-A,A-SUV,2022,2022-08-25,2025-08-24,35
500155,100133,Marka-C,C-Mini,2014,2014-08-04,2017-08-03,2
500156,100134,Marka-B,B-Crossover,2022,2022-02-22,2027-02-21,48
500157,100135,Marka-B,B-Touring,2014,2014-08-26,2017-08-25,41
500158,100136,Marka-B,B-Touring,2016,2016-10-25,2019-10-25,0
500159,100137,Marka-B,B-Touring,2025,2025-01-08,2028-01-08,74
500160,100138,Marka-B,B-Touring,2019,2019-06-05,2021-06-04,39
500161,100139,Marka-A,A-Compact,2014,2014-11-24,2019-11-23,47
500162,100140,Marka-C,C-Mini,2015,2015-03-21,2017-03-20,7
500163,100141,Marka-A,A-Sedan,2019,2019-11-13,2022-11-12,59
500164,100141,Marka-B,B-Crossover,2015,2015-11-05,2020-11-03,78
500165,100142,Marka-B,B-Crossover,2024,2024-11-25,2027-11-25,0
500166,100143,Marka-A,A-SUV,2019,2019-03-04,2021-03-03,23
500167,100144,Marka-A,A-Compact,2013,2013-11-26,2016-11-25,0
500168,100144,Marka-C,C-Van,2025,2025-12-16,2028-12-15,17
500169,100145,Marka-A,A-Compact,2024,2024-03-15,2027-03-15,36
500170,100146,Marka-A,A-Sedan,2020,2020-02-04,2022-02-03,0
500171,100147,Marka-A,A-Sedan,2017,2017-01-15,2019-01-15,12
500172,100148,Marka-C,C-Van,2017,2017-05-09,2022-05-08,39
500173,100149,Marka-A,A-Compact,2015,2015-07-23,2018-07-22,25
500174,100150,Marka-A,A-SUV,2022,2022-05-06,2025-05-05,68
500175,100151,Marka-B,B-Touring,2020,2020-04-05,2023-04-05,17
500176,100152,Marka-A,A-SUV,2022,2022-12-11,2025-12-10,0
500177,100153,Marka-B,B-Touring,2024,2024-08-12,2027-08-12,0
500178,100154,Marka-B,B-Crossover,2013,2013-09-03,2018-09-02,19
500179,100154,Marka-A,A-SUV,2015,2015-06-16,2017-06-15,12
500180,100155,Marka-C,C-Van,2017,2017-11-13,2020-11-12,62
500181,100156,Marka-A,A-Compact,2021,2021-01-02,2024-01-02,90
500182,100156,Marka-A,A-SUV,2013,2013-06-24,2018-06-23,37
500183,100157,Marka-A,A-Compact,2022,2022-10-11,2024-10-10,42
500184,100158,Marka-B,B-Touring,2015,2015-02-04,2020-02-03,58
500185,100159,Marka-A,A-SUV,2022,2022-11-15,2025-11-14,0
500186,100160,Marka-A,A-Sedan,2016,2016-03-18,2019-03-18,17
500187,100161,Marka-B,B-Touring,2013,2013-09-07,2016-09-06,29
500188,100162,Marka-A,A-Compact,2023,2023-02-01,2026-01-31,0
500189,100163,Marka-B,B-Hatch,2013,2013-10-21,2016-10-20,98
500190,100164,Marka-A,A-Sedan,2020,2020-01-11,2023-01-10,24
500191,100165,Marka-A,A-Compact,2014,2014-04-08,2017-04-07,51
500192,100165,Marka-B,B-Touring,2024,2024-05-16,2027-05-16,17
500193,100166,Marka-A,A-Sedan,2025,2025-05-22,2027-05-22,36
500194,100167,Marka-B,B-Touring,2018,2018-10-08,2021-10-07,23
500195,100168,Marka-A,A-SUV,2020,2020-07-13,2023-07-13,0
500196,100169,Marka-A,A-Sedan,2014,2014-07-01,2019-06-30,25
500197,100170,Marka-A,A-Compact,2014,2014-09-23,2017-09-22,22
500198,100171,Marka-A,A-Compact,2024,2024-11-03,2026-11-03,3
500199,100172,Marka-A,A-Sedan,2015,2015-09-10,2018-09-09,57
500200,100173,Marka-B,B-Crossover,2015,2015-06-09,2018-06-08,46
500201,100174,Marka-B,B-Touring,2019,2019-07-07,2022-07-06,65
500202,100175,Marka-A,A-SUV,2019,2019-01-03,2021-01-02,26
500203,100175,Marka-A,A-SUV,2021,2021-06-26,2024-06-25,33
500204,100176,Marka-A,A-Compact,2016,2016-08-20,2019-08-20,7
500205,100177,Marka-C,C-Van,2017,2017-09-10,2019-09-10,0
500206,100178,Marka-A,A-Sedan,2020,2020-09-12,2022-09-12,48
500207,100179,Marka-C,C-Van,2018,2018-04-14,2021-04-13,33
500208,100180,Marka-B,B-Touring,2021,2021-06-09,2024-06-08,4
500209,100181,Marka-B,B-Crossover,2016,2016-03-14,2018-03-14,0
500210,100182,Marka-A,A-Sedan,2021,2021-02-18,2026-02-17,16
500211,100183,Marka-C,C-Mini,2025,2025-05-25,2030-05-24,0
500212,100184,Marka-A,A-Compact,2013,2013-10-11,2015-10-11,65
500213,100185,Marka-C,C-Mini,2020,2020-12-08,2025-12-07,39
500214,100186,Marka-A,A-Compact,2016,2016-12-24,2018-12-24,15
500215,100187,Marka-A,A-Compact,2013,2013-03-08,2016-03-07,0
500216,100187,Marka-B,B-Touring,2024,2024-10-11,2027-10-11,78
500217,100188,Marka-B,B-Hatch,2019,2019-03-15,2021-03-14,72
500218,100189,Marka-C,C-Van,2018,2018-09-04,2021-09-03,33
500219,100190,Marka-A,A-Sedan,2024,2024-08-19,2029-08-18,0
500220,100191,Marka-A,A-Sedan,2016,2016-01-18,2019-01-17,94
500221,100192,Marka-B,B-Hatch,2013,2013-03-23,2016-03-22,15
500222,100193,Marka-A,A-SUV,2022,2022-09-23,2027-09-22,10
500223,100194,Marka-B,B-Crossover,2013,2013-02-10,2016-02-10,31
500224,100194,Marka-A,A-Compact,2025,2025-09-25,2028-09-24,22
500225,100195,Marka-A,A-Compact,2018,2018-07-13,2021-07-12,39
500226,100195,Marka-A,A-Compact,2015,2015-08-18,2018-08-17,17
500227,100196,Marka-B,B-Touring,2016,2016-11-21,2019-11-21,20
500228,100197,Marka-B,B-Touring,2013,2013-07-12,2015-07-12,45
500229,100198,Marka-A,A-Sedan,2018,2018-12-16,2021-12-15,45
500230,100199,Marka-B,B-Crossover,2017,2017-05-13,2022-05-12,61
500231,100200,Marka-A,A-Compact,2018,2018-09-08,2021-09-07,39
500232,100201,Marka-A,A-Compact,2014,2014-06-18,2019-06-17,65
500233,100202,Marka-B,B-Crossover,2016,2016-02-02,2021-01-31,24
500234,100203,Marka-A,A-Compact,2017,2017-11-06,2019-11-06,43
500235,100204,Marka-A,A-SUV,2023,2023-12-02,2026-12-01,0
500236,100205,Marka-C,C-Van,2018,2018-03-14,2021-03-13,20
500237,100206,Marka-A,A-SUV,2014,2014-03-05,2019-03-04,90
500238,100207,Marka-A,A-Sedan,2016,2016-01-20,2019-01-19,95
500239,100208,Marka-A,A-Compact,2017,2017-01-17,2019-01-17,42
500240,100209,Marka-B,B-Crossover,2013,2013-03-25,2016-03-24,51
500241,100210,Marka-B,B-Hatch,2013,2013-06-18,2015-06-18,4
500242,100211,Marka-A,A-SUV,2015,2015-10-07,2020-10-05,30
500243,100212,Marka-B,B-Crossover,2016,2016-07-17,2019-07-17,30
500244,100213,Marka-B,B-Crossover,2020,2020-10-25,2022-10-25,82
500245,100213,Marka-A,A-Sedan,2024,2024-05-26,2029-05-25,18
500246,100214,Marka-B,B-Crossover,2024,2024-05-23,2029-05-22,0
500247,100214,Marka-B,B-Crossover,2019,2019-10-21,2022-10-20,28
500248,100215,Marka-C,C-Van,2017,2017-01-13,2020-01-13,18
500249,100215,Marka-B,B-Hatch,2015,2015-09-27,2018-09-26,64
500250,100216,Marka-B,B-Touring,2015,2015-09-15,2020-09-13,39
500251,100217,Marka-B,B-Touring,2017,2017-06-06,2020-06-05,31
500252,100218,Marka-B,B-Crossover,2017,2017-03-23,2022-03-22,44
500253,100219,Marka-A,A-SUV,2014,2014-01-14,2017-01-13,40
500254,100219,Marka-A,A-SUV,2016,2016-04-26,2018-04-26,46
500255,100220,Marka-A,A-Sedan,2017,2017-11-06,2020-11-05,55
500256,100221,Marka-A,A-Compact,2017,2017-04-16,2022-04-15,46
500257,100222,Marka-B,B-Crossover,2025,2025-02-09,2027-02-09,16
500258,100223,Marka-A,A-SUV,2023,2023-03-19,2028-03-17,77
500259,100224,Marka-B,B-Crossover,2015,2015-10-04,2017-10-03,39
500260,100224,Marka-A,A-SUV,2019,2019-03-26,2021-03-25,70
500261,100225,Marka-A,A-Sedan,2025,2025-08-18,2027-08-18,32
500262,100226,Marka-A,A-Sedan,2016,2016-01-24,2018-01-23,5
500263,100227,Marka-A,A-Compact,2022,2022-02-04,2024-02-04,36
500264,100227,Marka-B,B-Touring,2023,2023-01-05,2026-01-04,66
500265,100228,Marka-C,C-Van,2013,2013-11-05,2018-11-04,39
500266,100229,Marka-B,B-Touring,2016,2016-02-02,2021-01-31,68
500267,100229,Marka-B,B-Hatch,2015,2015-02-11,2018-02-10,65
500268,100230,Marka-A,A-SUV,2015,2015-01-24,2020-01-23,0
500269,100231,Marka-A,A-SUV,2019,2019-04-06,2024-04-04,40
500270,100232,Marka-C,C-Van,2016,2016-04-22,2018-04-22,0
500271,100233,Marka-C,C-Mini,2023,2023-03-10,2025-03-09,45
500272,100234,Marka-B,B-Crossover,2021,2021-05-07,2024-05-06,45
500273,100235,Marka-A,A-Compact,2017,2017-06-13,2020-06-12,0
500274,100236,Marka-A,A-Compact,2025,2025-02-21,2028-02-21,10
500275,100237,Marka-C,C-Mini,2022,2022-07-10,2025-07-09,43
500276,100237,Marka-C,C-Van,2013,2013-05-21,2016-05-20,0
500277,100238,Marka-C,C-Mini,2017,2017-11-11,2019-11-11,29
500278,100239,Marka-B,B-Crossover,2023,2023-05-16,2026-05-15,93
500279,100240,Marka-B,B-Crossover,2021,2021-05-05,2024-05-04,45
500280,100241,Marka-B,B-Crossover,2016,2016-02-04,2021-02-02,8
500281,100242,Marka-A,A-SUV,2023,2023-06-11,2028-06-09,0
500282,100243,Marka-C,C-Van,2021,2021-08-05,2023-08-05,5
500283,100244,Marka-A,A-Sedan,2022,2022-08-15,2025-08-14,29
500284,100245,Marka-B,B-Hatch,2015,2015-07-18,2018-07-17,39
500285,100245,Marka-B,B-Touring,2016,2016-08-07,2021-08-06,0
500286,100246,Marka-A,A-Sedan,2013,2013-10-25,2016-10-24,23
500287,100247,Marka-A,A-Sedan,2013,2013-01-09,2016-01-09,48
500288,100248,Marka-B,B-Hatch,2022,2022-09-23,2024-09-22,15
500289,100249,Marka-A,A-Compact,2014,2014-06-17,2017-06-16,35
500290,100250,Marka-A,A-Compact,2014,2014-09-07,2017-09-06,57
500291,100251,Marka-B,B-Touring,2022,2022-04-27,2025-04-26,51
500292,100252,Marka-B,B-Touring,2020,2020-05-26,2023-05-26,19
500293,100253,Marka-C,C-Mini,2021,2021-09-16,2023-09-16,52
500294,100254,Marka-B,B-Touring,2014,2014-08-04,2017-08-03,45
500295,100255,Marka-C,C-Van,2024,2024-01-22,2027-01-21,0
500296,100255,Marka-B,B-Crossover,2014,2014-03-12,2017-03-11,27
500297,100256,Marka-B,B-Touring,2025,2025-03-16,2028-03-15,22
500298,100257,Marka-A,A-Compact,2016,2016-02-24,2021-02-22,51
500299,100258,Marka-B,B-Touring,2024,2024-08-20,2029-08-19,17
500300,100259,Marka-A,A-Sedan,2024,2024-09-15,2027-09-15,9
500301,100260,Marka-A,A-SUV,2020,2020-09-11,2023-09-11,22
500302,100261,Marka-A,A-SUV,2013,2013-02-10,2016-02-10,39
500303,100262,Marka-A,A-Compact,2020,2020-01-05,2022-01-04,0
500304,100263,Marka-A,A-Compact,2013,2013-05-07,2015-05-07,5
500305,100264,Marka-A,A-SUV,2016,2016-07-16,2021-07-15,60
500306,100265,Marka-A,A-SUV,2022,2022-06-18,2027-06-17,63
500307,100266,Marka-A,A-Compact,2015,2015-08-05,2017-08-04,48
500308,100266,Marka-B,B-Touring,2017,2017-02-05,2020-02-05,56
500309,100267,Marka-A,A-SUV,2015,2015-09-10,2018-09-09,28
500310,100268,Marka-B,B-Hatch,2013,2013-06-08,2016-06-07,31
500311,100269,Marka-A,A-SUV,2020,2020-03-18,2023-03-18,14
500312,100270,Marka-B,B-Crossover,2020,2020-08-06,2023-08-06,72
500313,100271,Marka-B,B-Touring,2016,2016-11-16,2019-11-16,20
500314,100272,Marka-C,C-Van,2014,2014-02-19,2017-02-18,0
500315,100273,Marka-C,C-Van,2013,2013-11-12,2015-11-12,32
500316,100274,Marka-C,C-Van,2016,2016-04-12,2021-04-11,11
500317,100274,Marka-B,B-Touring,2022,2022-11-18,2024-11-17,47
500318,100275,Marka-A,A-Sedan,2024,2024-09-18,2029-09-17,48
500319,100276,Marka-A,A-Compact,2021,2021-06-07,2024-06-06,54
500320,100277,Marka-B,B-Crossover,2022,2022-08-18,2024-08-17,52
500321,100278,Marka-A,A-SUV,2023,2023-10-10,2026-10-09,61
500322,100279,Marka-A,A-Sedan,2025,2025-08-09,2028-08-08,43
500323,100279,Marka-A,A-SUV,2016,2016-12-03,2019-12-03,70
500324,100280,Marka-C,C-Van,2023,2023-09-07,2025-09-06,0
500325,100281,Marka-C,C-Mini,2018,2018-09-12,2020-09-11,11
500326,100281,Marka-A,A-Compact,2020,2020-12-09,2022-12-09,54
500327,100282,Marka-A,A-SUV,2020,2020-03-27,2022-03-27,1
500328,100282,Marka-C,C-Mini,2016,2016-03-18,2018-03-18,27
500329,100283,Marka-B,B-Hatch,2014,2014-03-20,2017-03-19,38
500330,100284,Marka-B,B-Hatch,2013,2013-06-13,2015-06-13,42
500331,100285,Marka-A,A-Sedan,2013,2013-08-26,2016-08-25,0
500332,100286,Marka-A,A-Sedan,2025,2025-07-08,2030-07-07,30
500333,100287,Marka-B,B-Hatch,2020,2020-11-21,2025-11-20,35
500334,100288,Marka-A,A-SUV,2014,2014-07-10,2017-07-09,33
500335,100289,Marka-A,A-Compact,2022,2022-09-18,2027-09-17,20
500336,100289,Marka-A,A-SUV,2015,2015-02-10,2018-02-09,20
500337,100290,Marka-B,B-Touring,2014,2014-01-18,2017-01-17,8
500338,100291,Marka-B,B-Touring,2023,2023-03-07,2025-03-06,37
500339,100292,Marka-B,B-Touring,2024,2024-08-13,2029-08-12,21
500340,100293,Marka-B,B-Hatch,2014,2014-06-10,2019-06-09,28
500341,100293,Marka-B,B-Hatch,2022,2022-08-23,2025-08-22,30
500342,100294,Marka-A,A-Sedan,2024,2024-06-21,2026-06-21,11
500343,100295,Marka-B,B-Crossover,2020,2020-04-04,2025-04-03,1
500344,100295,Marka-C,C-Van,2017,2017-12-14,2020-12-13,24
500345,100296,Marka-A,A-Compact,2015,2015-10-08,2018-10-07,86
500346,100297,Marka-A,A-SUV,2014,2014-04-25,2017-04-24,19
500347,100298,Marka-B,B-Hatch,2015,2015-08-13,2020-08-11,56
500348,100299,Marka-B,B-Crossover,2013,2013-07-04,2015-07-04,48
500349,100300,Marka-B,B-Touring,2019,2019-10-27,2022-10-26,26
500350,100301,Marka-B,B-Crossover,2024,2024-02-14,2027-02-13,35
500351,100302,Marka-A,A-Sedan,2022,2022-06-23,2027-06-22,24
500352,100303,Marka-A,A-Sedan,2023,2023-06-21,2025-06-20,20
500353,100304,Marka-C,C-Van,2016,2016-02-09,2018-02-08,45
500354,100305,Marka-B,B-Crossover,2022,2022-11-26,2025-11-25,14
500355,100306,Marka-B,B-Touring,2013,2013-12-22,2018-12-21,14
500356,100306,Marka-C,C-Mini,2014,2014-03-19,2017-03-18,41
500357,100307,Marka-C,C-Mini,2015,2015-06-01,2018-05-31,18
500358,100308,Marka-A,A-SUV,2013,2013-07-24,2016-07-23,35
500359,100309,Marka-C,C-Van,2016,2016-09-08,2018-09-08,4
500360,100310,Marka-A,A-Compact,2015,2015-10-19,2020-10-17,13
500361,100311,Marka-B,B-Crossover,2014,2014-05-13,2017-05-12,60
500362,100311,Marka-A,A-Compact,2024,2024-08-13,2026-08-13,54
500363,100312,Marka-B,B-Crossover,2017,2017-12-10,2020-12-09,5
500364,100313,Marka-B,B-Touring,2025,2025-02-20,2028-02-20,44
500365,100314,Marka-A,A-SUV,2025,2025-05-11,2027-05-11,39
500366,100314,Marka-A,A-Sedan,2014,2014-01-03,2017-01-02,5
500367,100315,Marka-B,B-Touring,2016,2016-02-07,2019-02-06,72
500368,100316,Marka-A,A-Compact,2018,2018-12-18,2021-12-17,33
500369,100317,Marka-A,A-Compact,2017,2017-03-15,2019-03-15,12
500370,100318,Marka-B,B-Hatch,2015,2015-12-11,2018-12-10,60
500371,100319,Marka-A,A-SUV,2020,2020-11-17,2025-11-16,0
500372,100320,Marka-B,B-Crossover,2023,2023-07-09,2026-07-08,48
500373,100321,Marka-A,A-SUV,2022,2022-02-01,2025-01-31,15
500374,100322,Marka-A,A-Sedan,2024,2024-02-01,2027-01-31,24
500375,100322,Marka-A,A-Compact,2016,2016-08-07,2019-08-07,44
500376,100323,Marka-C,C-Mini,2015,2015-04-24,2018-04-23,14
500377,100323,Marka-C,C-Mini,2014,2014-01-27,2016-01-27,38
500378,100324,Marka-B,B-Hatch,2019,2019-04-13,2024-04-11,2
500379,100325,Marka-A,A-Sedan,2025,2025-12-25,2028-12-24,63
500380,100326,Marka-B,B-Hatch,2019,2019-10-16,2022-10-15,57
500381,100327,Marka-A,A-Compact,2021,2021-07-04,2024-07-03,0
500382,100328,Marka-B,B-Hatch,2021,2021-05-04,2024-05-03,43
500383,100329,Marka-A,A-SUV,2014,2014-02-27,2017-02-26,60
500384,100330,Marka-A,A-Sedan,2025,2025-02-04,2028-02-04,50
500385,100331,Marka-B,B-Touring,2013,2013-02-10,2016-02-10,37
500386,100332,Marka-A,A-SUV,2025,2025-01-18,2027-01-18,41
500387,100333,Marka-B,B-Hatch,2024,2024-06-19,2026-06-19,42
500388,100333,Marka-A,A-Sedan,2020,2020-03-15,2023-03-15,27
500389,100334,Marka-A,A-SUV,2017,2017-08-06,2020-08-05,22
500390,100335,Marka-B,B-Crossover,2025,2025-02-08,2027-02-08,78
500391,100336,Marka-A,A-Compact,2015,2015-10-25,2017-10-24,0
500392,100337,Marka-A,A-SUV,2015,2015-06-13,2017-06-12,41
500393,100338,Marka-A,A-Sedan,2015,2015-12-23,2017-12-22,32
500394,100339,Marka-A,A-SUV,2018,2018-08-11,2020-08-10,25
500395,100340,Marka-B,B-Crossover,2024,2024-07-05,2027-07-05,0
500396,100341,Marka-A,A-Compact,2013,2013-11-15,2016-11-14,34
500397,100342,Marka-B,B-Hatch,2022,2022-09-20,2025-09-19,0
500398,100343,Marka-B,B-Touring,2018,2018-12-12,2023-12-11,35
500399,100344,Marka-A,A-SUV,2017,2017-02-17,2019-02-17,28
500400,100345,Marka-B,B-Crossover,2015,2015-03-21,2018-03-20,5
500401,100346,Marka-B,B-Touring,2020,2020-09-18,2023-09-18,0
500402,100347,Marka-B,B-Touring,2024,2024-10-24,2027-10-24,15
500403,100348,Marka-B,B-Crossover,2016,2016-04-11,2019-04-11,18
500404,100349,Marka-B,B-Crossover,2017,2017-06-25,2022-06-24,27
500405,100350,Marka-B,B-Hatch,2013,2013-06-05,2016-06-04,40
500406,100351,Marka-B,B-Hatch,2019,2019-01-04,2021-01-03,14
500407,100352,Marka-A,A-SUV,2021,2021-06-05,2023-06-05,39
500408,100353,Marka-A,A-SUV,2024,2024-09-16,2026-09-16,7
500409,100354,Marka-A,A-SUV,2016,2016-07-13,2018-07-13,0
500410,100355,Marka-B,B-Hatch,2015,2015-08-06,2018-08-05,8
500411,100355,Marka-A,A-Compact,2025,2025-01-20,2028-01-20,15
500412,100356,Marka-A,A-SUV,2019,2019-02-10,2021-02-09,7
500413,100357,Marka-B,B-Touring,2023,2023-11-04,2026-11-03,17
500414,100358,Marka-A,A-SUV,2016,2016-09-24,2019-09-24,43
500415,100359,Marka-A,A-SUV,2018,2018-11-13,2023-11-12,84
500416,100360,Marka-A,A-SUV,2023,2023-12-14,2026-12-13,51
500417,100361,Marka-B,B-Hatch,2020,2020-12-02,2022-12-02,5
500418,100362,Marka-B,B-Touring,2013,2013-01-22,2016-01-22,43
500419,100362,Marka-A,A-SUV,2020,2020-02-13,2023-02-12,30
500420,100363,Marka-A,A-Compact,2015,2015-01-12,2017-01-11,37
500421,100364,Marka-A,A-Compact,2017,2017-11-22,2019-11-22,31
500422,100365,Marka-B,B-Hatch,2025,2025-11-02,2028-11-01,6
500423,100366,Marka-C,C-Mini,2015,2015-10-15,2017-10-14,13
500424,100367,Marka-B,B-Hatch,2016,2016-01-06,2019-01-05,0
500425,100368,Marka-A,A-Compact,2025,2025-01-07,2028-01-07,24
500426,100369,Marka-C,C-Van,2023,2023-03-14,2025-03-13,40
500427,100369,Marka-A,A-SUV,2013,2013-02-08,2016-02-08,39
500428,100370,Marka-A,A-Sedan,2013,2013-05-20,2015-05-20,0
500429,100371,Marka-B,B-Hatch,2021,2021-02-17,2023-02-17,1
500430,100372,Marka-A,A-Sedan,2022,2022-04-26,2024-04-25,77
500431,100373,Marka-A,A-Compact,2015,2015-04-23,2020-04-21,0
500432,100374,Marka-B,B-Crossover,2021,2021-05-10,2024-05-09,19
500433,100375,Marka-B,B-Touring,2018,2018-02-17,2020-02-17,69
500434,100375,Marka-A,A-Compact,2019,2019-09-23,2022-09-22,61
500435,100376,Marka-A,A-SUV,2020,2020-01-08,2025-01-06,47
500436,100377,Marka-B,B-Crossover,2021,2021-04-02,2024-04-01,49
500437,100378,Marka-A,A-SUV,2024,2024-02-01,2026-01-31,66
500438,100379,Marka-A,A-Sedan,2023,2023-06-05,2026-06-04,21
500439,100379,Marka-C,C-Van,2024,2024-09-25,2027-09-25,0
500440,100380,Marka-A,A-Sedan,2019,2019-02-04,2021-02-03,54
500441,100381,Marka-B,B-Touring,2013,2013-01-23,2015-01-23,46
500442,100382,Marka-A,A-SUV,2015,2015-11-09,2020-11-07,8
500443,100383,Marka-A,A-Compact,2023,2023-09-25,2026-09-24,5
500444,100384,Marka-B,B-Touring,2022,2022-08-19,2025-08-18,59
500445,100385,Marka-B,B-Touring,2023,2023-01-12,2028-01-11,64
500446,100386,Marka-A,A-SUV,2018,2018-05-10,2023-05-09,87
500447,100387,Marka-B,B-Crossover,2020,2020-05-03,2023-05-03,14
500448,100388,Marka-C,C-Mini,2017,2017-06-05,2022-06-04,7
500449,100389,Marka-A,A-Sedan,2016,2016-09-21,2019-09-21,0
500450,100390,Marka-A,A-Compact,2022,2022-10-03,2025-10-02,60
500451,100391,Marka-C,C-Mini,2015,2015-07-05,2018-07-04,17
500452,100392,Marka-B,B-Hatch,2025,2025-12-07,2028-12-06,41
500453,100393,Marka-A,A-Sedan,2013,2013-10-11,2015-10-11,15
500454,100394,Marka-A,A-Compact,2024,2024-12-15,2027-12-15,35
500455,100394,Marka-B,B-Touring,2025,2025-02-20,2028-02-20,0
500456,100395,Marka-A,A-Sedan,2023,2023-08-26,2026-08-25,18
500457,100396,Marka-A,A-SUV,2018,2018-08-08,2021-08-07,14
500458,100397,Marka-A,A-Compact,2023,2023-04-12,2026-04-11,59
500459,100398,Marka-A,A-Sedan,2024,2024-12-21,2027-12-21,24
500460,100398,Marka-A,A-Compact,2014,2014-02-16,2017-02-15,20
500461,100399,Marka-C,C-Van,2017,2017-01-08,2020-01-08,32
500462,100400,Marka-A,A-SUV,2018,2018-06-24,2020-06-23,11
500463,100401,Marka-A,A-Compact,2014,2014-06-23,2019-06-22,34
500464,100402,Marka-A,A-Sedan,2022,2022-09-06,2024-09-05,67
500465,100403,Marka-A,A-Compact,2020,2020-06-08,2023-06-08,76
500466,100404,Marka-A,A-Sedan,2024,2024-12-04,2027-12-04,51
500467,100405,Marka-C,C-Van,2017,2017-10-14,2020-10-13,33
500468,100406,Marka-A,A-Compact,2014,2014-07-19,2019-07-18,63
500469,100406,Marka-B,B-Hatch,2019,2019-05-27,2022-05-26,0
500470,100407,Marka-B,B-Hatch,2020,2020-12-07,2023-12-07,9
500471,100408,Marka-A,A-SUV,2023,2023-04-10,2026-04-09,20
500472,100409,Marka-B,B-Touring,2018,2018-01-14,2020-01-14,50
500473,100410,Marka-A,A-Compact,2025,2025-10-23,2028-10-22,27
500474,100411,Marka-A,A-SUV,2021,2021-03-22,2024-03-21,1
500475,100411,Marka-A,A-Compact,2016,2016-11-01,2019-11-01,25
500476,100412,Marka-A,A-SUV,2017,2017-04-18,2019-04-18,36
500477,100412,Marka-C,C-Mini,2016,2016-10-08,2018-10-08,0
500478,100413,Marka-B,B-Crossover,2023,2023-06-22,2026-06-21,0
500479,100413,Marka-C,C-Mini,2018,2018-06-03,2021-06-02,46
500480,100414,Marka-B,B-Crossover,2021,2021-06-23,2024-06-22,9
500481,100415,Marka-B,B-Touring,2025,2025-06-27,2028-06-26,25
500482,100416,Marka-C,C-Van,2015,2015-10-11,2020-10-09,29
500483,100417,Marka-B,B-Touring,2024,2024-08-21,2026-08-21,34
500484,100417,Marka-B,B-Crossover,2020,2020-09-14,2022-09-14,58
500485,100418,Marka-A,A-Sedan,2021,2021-04-18,2024-04-17,6
500486,100419,Marka-B,B-Hatch,2025,2025-08-19,2027-08-19,11
500487,100420,Marka-C,C-Van,2019,2019-11-27,2024-11-25,31
500488,100421,Marka-A,A-Sedan,2024,2024-12-19,2029-12-18,29
500489,100422,Marka-B,B-Touring,2017,2017-08-22,2020-08-21,61
500490,100423,Marka-C,C-Mini,2021,2021-02-18,2026-02-17,12
500491,100424,Marka-A,A-Sedan,2023,2023-12-09,2026-12-08,45
500492,100425,Marka-A,A-Compact,2025,2025-06-15,2028-06-14,41
500493,100426,Marka-B,B-Crossover,2014,2014-12-24,2017-12-23,10
500494,100427,Marka-A,A-Sedan,2013,2013-07-19,2015-07-19,26
500495,100428,Marka-A,A-Compact,2020,2020-03-11,2023-03-11,29
500496,100429,Marka-B,B-Crossover,2013,2013-04-03,2016-04-02,17
500497,100429,Marka-B,B-Touring,2016,2016-01-17,2019-01-16,28
500498,100430,Marka-A,A-SUV,2019,2019-08-21,2022-08-20,34
500499,100431,Marka-A,A-SUV,2014,2014-02-07,2017-02-06,61
500500,100432,Marka-A,A-SUV,2022,2022-11-12,2025-11-11,21
500501,100432,Marka-B,B-Hatch,2021,2021-07-16,2024-07-15,18
500502,100433,Marka-B,B-Hatch,2018,2018-02-21,2021-02-20,37
500503,100434,Marka-C,C-Mini,2019,2019-11-27,2022-11-26,9
500504,100435,Marka-B,B-Hatch,2020,2020-05-02,2023-05-02,30
500505,100436,Marka-B,B-Crossover,2013,2013-03-26,2018-03-25,71
500506,100437,Marka-B,B-Crossover,2020,2020-04-18,2023-04-18,24
500507,100438,Marka-A,A-SUV,2025,2025-01-15,2027-01-15,54
500508,100439,Marka-A,A-SUV,2025,2025-12-27,2027-12-27,0
500509,100440,Marka-B,B-Touring,2025,2025-12-18,2028-12-17,47
500510,100441,Marka-C,C-Van,2018,2018-06-19,2020-06-18,17
500511,100442,Marka-B,B-Touring,2013,2013-05-07,2015-05-07,23
500512,100443,Marka-C,C-Mini,2018,2018-04-13,2020-04-12,0
500513,100444,Marka-B,B-Hatch,2019,2019-11-16,2024-11-14,15
500514,100445,Marka-B,B-Crossover,2013,2013-04-03,2015-04-03,34
500515,100446,Marka-A,A-Compact,2015,2015-04-16,2018-04-15,56
500516,100447,Marka-C,C-Van,2019,2019-06-20,2021-06-19,81
500517,100448,Marka-C,C-Van,2013,2013-02-20,2015-02-20,22
500518,100449,Marka-A,A-Compact,2024,2024-10-08,2026-10-08,14
500519,100450,Marka-A,A-Compact,2024,2024-12-13,2027-12-13,17
500520,100451,Marka-A,A-SUV,2014,2014-12-05,2016-12-04,52
500521,100451,Marka-A,A-SUV,2023,2023-05-18,2025-05-17,63
500522,100452,Marka-B,B-Crossover,2020,2020-08-02,2022-08-02,30
500523,100453,Marka-B,B-Touring,2021,2021-02-16,2023-02-16,5
500524,100454,Marka-A,A-SUV,2016,2016-11-26,2019-11-26,23
500525,100455,Marka-A,A-Compact,2020,2020-08-08,2022-08-08,36
500526,100456,Marka-A,A-Compact,2022,2022-01-22,2025-01-21,64
500527,100457,Marka-B,B-Crossover,2025,2025-11-17,2028-11-16,51
500528,100458,Marka-C,C-Mini,2013,2013-06-10,2016-06-09,34
500529,100459,Marka-A,A-Compact,2015,2015-12-04,2018-12-03,15
500530,100460,Marka-B,B-Touring,2017,2017-09-03,2019-09-03,47
500531,100461,Marka-A,A-Compact,2013,2013-08-11,2016-08-10,43
500532,100462,Marka-B,B-Hatch,2020,2020-02-07,2023-02-06,22
500533,100463,Marka-A,A-Compact,2021,2021-06-08,2024-06-07,37
500534,100464,Marka-C,C-Mini,2021,2021-02-25,2023-02-25,28
500535,100464,Marka-A,A-Sedan,2014,2014-05-02,2017-05-01,0
500536,100465,Marka-C,C-Mini,2019,2019-10-04,2022-10-03,0
500537,100466,Marka-A,A-Sedan,2016,2016-11-10,2019-11-10,18
500538,100466,Marka-A,A-Sedan,2018,2018-05-22,2020-05-21,29
500539,100467,Marka-A,A-Compact,2019,2019-04-10,2022-04-09,29
500540,100468,Marka-A,A-Sedan,2017,2017-03-05,2020-03-04,56
500541,100469,Marka-A,A-Sedan,2016,2016-12-20,2018-12-20,44
500542,100470,Marka-B,B-Touring,2022,2022-06-04,2024-06-03,22
500543,100471,Marka-A,A-Sedan,2022,2022-05-26,2025-05-25,5
500544,100472,Marka-A,A-SUV,2022,2022-07-27,2025-07-26,21
500545,100473,Marka-C,C-Van,2023,2023-02-17,2026-02-16,0
500546,100474,Marka-B,B-Hatch,2025,2025-11-10,2030-11-09,7
500547,100475,Marka-A,A-Sedan,2023,2023-12-10,2026-12-09,0
500548,100476,Marka-A,A-Sedan,2018,2018-03-17,2021-03-16,0
500549,100477,Marka-B,B-Hatch,2020,2020-08-14,2022-08-14,99
500550,100478,Marka-C,C-Mini,2016,2016-11-22,2018-11-22,24
500551,100479,Marka-A,A-Compact,2017,2017-09-03,2020-09-02,57
500552,100479,Marka-C,C-Van,2018,2018-02-25,2021-02-24,1
500553,100480,Marka-A,A-Sedan,2016,2016-06-04,2021-06-03,49
500554,100481,Marka-B,B-Hatch,2013,2013-04-18,2018-04-17,75
500555,100482,Marka-C,C-Van,2021,2021-07-16,2024-07-15,42
500556,100483,Marka-A,A-SUV,2016,2016-03-17,2019-03-17,45
500557,100484,Marka-A,A-SUV,2013,2013-07-21,2016-07-20,33
500558,100485,Marka-A,A-Compact,2022,2022-12-22,2027-12-21,47
500559,100486,Marka-A,A-Compact,2019,2019-07-24,2022-07-23,0
500560,100487,Marka-A,A-Sedan,2018,2018-08-15,2021-08-14,42
500561,100488,Marka-A,A-SUV,2019,2019-07-04,2021-07-03,4
500562,100489,Marka-B,B-Touring,2016,2016-01-09,2019-01-08,38
500563,100490,Marka-A,A-Compact,2024,2024-08-09,2027-08-09,16
500564,100491,Marka-C,C-Mini,2025,2025-09-11,2028-09-10,11
500565,100492,Marka-B,B-Hatch,2017,2017-09-05,2019-09-05,59
500566,100493,Marka-B,B-Touring,2022,2022-07-22,2025-07-21,75
500567,100494,Marka-B,B-Hatch,2025,2025-02-03,2028-02-03,51
500568,100495,Marka-A,A-Compact,2020,2020-01-24,2022-01-23,27
500569,100496,Marka-B,B-Hatch,2016,2016-05-17,2019-05-17,61
500570,100496,Marka-B,B-Touring,2016,2016-12-17,2018-12-17,70
500571,100497,Marka-A,A-Compact,2024,2024-08-27,2026-08-27,0
500572,100498,Marka-B,B-Crossover,2015,2015-04-22,2017-04-21,15
500573,100499,Marka-B,B-Hatch,2021,2021-01-09,2023-01-09,23
500574,100500,Marka-B,B-Hatch,2017,2017-08-15,2022-08-14,42
500575,100501,Marka-A,A-Sedan,2016,2016-08-15,2019-08-15,44
500576,100502,Marka-B,B-Hatch,2022,2022-03-08,2025-03-07,18
500577,100503,Marka-B,B-Crossover,2022,2022-07-06,2024-07-05,27
500578,100504,Marka-A,A-Compact,2016,2016-11-18,2019-11-18,34
500579,100505,Marka-A,A-Compact,2019,2019-11-16,2024-11-14,6
500580,100506,Marka-C,C-Van,2016,2016-06-10,2019-06-10,0
500581,100506,Marka-A,A-SUV,2017,2017-02-24,2020-02-24,19
500582,100507,Marka-B,B-Touring,2018,2018-02-21,2021-02-20,26
500583,100508,Marka-A,A-Compact,2013,2013-11-06,2018-11-05,0
500584,100509,Marka-B,B-Crossover,2024,2024-09-04,2027-09-04,28
500585,100510,Marka-A,A-Sedan,2019,2019-08-11,2022-08-10,7
500586,100510,Marka-B,B-Hatch,2014,2014-06-15,2017-06-14,38
500587,100511,Marka-B,B-Crossover,2016,2016-12-06,2021-12-05,42
500588,100512,Marka-A,A-SUV,2014,2014-05-16,2016-05-15,0
500589,100513,Marka-A,A-Sedan,2024,2024-03-12,2027-03-12,7
500590,100514,Marka-C,C-Mini,2018,2018-10-19,2021-10-18,67
500591,100515,Marka-A,A-Sedan,2016,2016-05-21,2018-05-21,47
500592,100515,Marka-B,B-Touring,2025,2025-11-26,2027-11-26,35
500593,100516,Marka-A,A-Sedan,2022,2022-04-07,2024-04-06,18
500594,100517,Marka-B,B-Crossover,2015,2015-11-19,2017-11-18,42
500595,100518,Marka-A,A-SUV,2015,2015-04-21,2020-04-19,32
500596,100519,Marka-A,A-Compact,2023,2023-09-25,2026-09-24,24
500597,100520,Marka-B,B-Crossover,2021,2021-06-14,2023-06-14,31
500598,100521,Marka-A,A-SUV,2021,2021-11-27,2026-11-26,38
500599,100522,Marka-A,A-SUV,2015,2015-06-09,2020-06-07,41
500600,100523,Marka-C,C-Mini,2014,2014-02-08,2016-02-08,45
500601,100524,Marka-C,C-Mini,2015,2015-08-12,2020-08-10,26
500602,100525,Marka-B,B-Touring,2018,2018-06-19,2021-06-18,7
500603,100525,Marka-C,C-Mini,2015,2015-08-03,2018-08-02,69
500604,100526,Marka-B,B-Touring,2023,2023-07-08,2026-07-07,8
500605,100526,Marka-B,B-Touring,2016,2016-10-24,2019-10-24,0
500606,100527,Marka-A,A-Sedan,2015,2015-08-02,2018-08-01,37
500607,100527,Marka-A,A-Compact,2017,2017-03-01,2019-03-01,0
500608,100528,Marka-B,B-Crossover,2014,2014-01-03,2017-01-02,49
500609,100529,Marka-A,A-Sedan,2016,2016-12-09,2021-12-08,22
500610,100530,Marka-B,B-Hatch,2013,2013-09-08,2015-09-08,11
500611,100530,Marka-A,A-Compact,2019,2019-12-15,2022-12-14,23
500612,100531,Marka-B,B-Touring,2022,2022-01-01,2024-12-31,63
500613,100531,Marka-B,B-Hatch,2013,2013-02-10,2018-02-09,11
500614,100532,Marka-B,B-Touring,2017,2017-05-02,2022-05-01,49
500615,100532,Marka-C,C-Van,2020,2020-05-22,2025-05-21,4
500616,100533,Marka-C,C-Mini,2021,2021-11-17,2024-11-16,15
500617,100534,Marka-A,A-Compact,2024,2024-06-13,2026-06-13,0
500618,100535,Marka-B,B-Hatch,2016,2016-10-23,2021-10-22,33
500619,100536,Marka-C,C-Mini,2017,2017-03-05,2020-03-04,46
500620,100537,Marka-A,A-Compact,2025,2025-09-22,2028-09-21,41
500621,100537,Marka-A,A-SUV,2024,2024-03-24,2026-03-24,6
500622,100538,Marka-B,B-Hatch,2015,2015-09-17,2018-09-16,55
500623,100539,Marka-B,B-Crossover,2019,2019-06-12,2022-06-11,0
500624,100540,Marka-A,A-Compact,2023,2023-07-05,2026-07-04,22
500625,100541,Marka-A,A-Sedan,2024,2024-02-15,2027-02-14,47
500626,100542,Marka-A,A-SUV,2022,2022-02-11,2025-02-10,3
500627,100543,Marka-A,A-Sedan,2022,2022-08-06,2025-08-05,46
500628,100544,Marka-C,C-Mini,2021,2021-02-12,2024-02-12,38
500629,100545,Marka-A,A-SUV,2023,2023-01-26,2026-01-25,15
500630,100546,Marka-C,C-Mini,2021,2021-10-22,2023-10-22,44
500631,100546,Marka-A,A-Compact,2022,2022-01-13,2027-01-12,42
500632,100547,Marka-A,A-Compact,2023,2023-03-18,2025-03-17,28
500633,100548,Marka-B,B-Hatch,2021,2021-11-23,2024-11-22,55
500634,100549,Marka-B,B-Touring,2017,2017-02-22,2020-02-22,49
500635,100550,Marka-A,A-Sedan,2016,2016-07-19,2019-07-19,28
500636,100551,Marka-C,C-Mini,2025,2025-10-07,2030-10-06,65
500637,100552,Marka-B,B-Touring,2024,2024-06-22,2027-06-22,0
500638,100553,Marka-C,C-Mini,2014,2014-07-20,2019-07-19,88
500639,100553,Marka-B,B-Hatch,2019,2019-01-21,2022-01-20,17
500640,100554,Marka-B,B-Touring,2019,2019-06-09,2022-06-08,3
500641,100555,Marka-B,B-Hatch,2019,2019-04-17,2022-04-16,62
500642,100556,Marka-B,B-Hatch,2021,2021-04-24,2023-04-24,17
500643,100557,Marka-A,A-Compact,2019,2019-06-06,2022-06-05,67
500644,100558,Marka-B,B-Crossover,2020,2020-01-17,2025-01-15,2
500645,100559,Marka-B,B-Touring,2014,2014-07-15,2016-07-14,13
500646,100560,Marka-A,A-Sedan,2022,2022-07-11,2025-07-10,29
500647,100561,Marka-A,A-Compact,2013,2013-09-13,2016-09-12,10
500648,100562,Marka-A,A-Sedan,2018,2018-07-18,2021-07-17,61
500649,100563,Marka-C,C-Mini,2020,2020-07-04,2022-07-04,0
500650,100563,Marka-A,A-Compact,2024,2024-08-03,2026-08-03,54
500651,100564,Marka-B,B-Touring,2025,2025-11-11,2030-11-10,34
500652,100565,Marka-A,A-SUV,2023,2023-07-04,2025-07-03,16
500653,100566,Marka-A,A-SUV,2014,2014-12-14,2019-12-13,41
500654,100567,Marka-B,B-Hatch,2015,2015-09-27,2020-09-25,61
500655,100568,Marka-A,A-Compact,2017,2017-10-07,2019-10-07,58
500656,100569,Marka-B,B-Touring,2017,2017-02-22,2020-02-22,21
500657,100570,Marka-A,A-Compact,2018,2018-06-26,2020-06-25,37
500658,100571,Marka-B,B-Hatch,2024,2024-01-26,2027-01-25,0
500659,100572,Marka-A,A-Compact,2013,2013-09-27,2016-09-26,0
500660,100573,Marka-B,B-Hatch,2013,2013-08-20,2016-08-19,0
500661,100574,Marka-A,A-SUV,2022,2022-08-07,2025-08-06,15
500662,100575,Marka-A,A-SUV,2018,2018-08-11,2021-08-10,7
500663,100576,Marka-C,C-Van,2020,2020-07-02,2023-07-02,29
500664,100577,Marka-A,A-SUV,2017,2017-10-20,2020-10-19,33
500665,100578,Marka-B,B-Touring,2015,2015-09-02,2017-09-01,27
500666,100579,Marka-A,A-SUV,2022,2022-07-02,2025-07-01,40
500667,100580,Marka-B,B-Touring,2018,2018-03-17,2023-03-16,44
500668,100581,Marka-A,A-SUV,2016,2016-02-07,2018-02-06,46
500669,100582,Marka-B,B-Touring,2015,2015-07-04,2018-07-03,85
500670,100583,Marka-A,A-Compact,2015,2015-05-20,2020-05-18,21
500671,100584,Marka-B,B-Hatch,2020,2020-12-24,2022-12-24,44
500672,100585,Marka-B,B-Hatch,2019,2019-08-04,2022-08-03,0
500673,100586,Marka-A,A-Sedan,2016,2016-10-20,2018-10-20,14
500674,100587,Marka-A,A-Compact,2022,2022-01-12,2025-01-11,32
500675,100588,Marka-B,B-Touring,2017,2017-05-27,2020-05-26,49
500676,100588,Marka-B,B-Touring,2019,2019-06-15,2021-06-14,40
500677,100589,Marka-A,A-SUV,2022,2022-10-22,2027-10-21,76
500678,100590,Marka-B,B-Crossover,2018,2018-10-02,2021-10-01,27
500679,100591,Marka-A,A-Compact,2020,2020-07-11,2022-07-11,15
500680,100592,Marka-C,C-Mini,2015,2015-02-07,2017-02-06,14
500681,100592,Marka-B,B-Touring,2013,2013-01-05,2018-01-04,44
500682,100593,Marka-B,B-Crossover,2018,2018-07-15,2021-07-14,67
500683,100594,Marka-B,B-Hatch,2017,2017-04-05,2020-04-04,13
500684,100595,Marka-A,A-Compact,2022,2022-08-24,2025-08-23,13
500685,100596,Marka-A,A-Compact,2021,2021-10-15,2023-10-15,0
500686,100597,Marka-B,B-Crossover,2017,2017-07-04,2019-07-04,67
500687,100598,Marka-C,C-Mini,2020,2020-04-09,2022-04-09,17
500688,100599,Marka-B,B-Crossover,2013,2013-11-24,2018-11-23,24
500689,100599,Marka-C,C-Van,2015,2015-04-27,2017-04-26,47
500690,100600,Marka-A,A-Sedan,2018,2018-08-04,2021-08-03,39
500691,100601,Marka-C,C-Van,2021,2021-07-09,2024-07-08,35
500692,100602,Marka-A,A-SUV,2017,2017-04-02,2020-04-01,73
500693,100603,Marka-C,C-Van,2025,2025-04-20,2030-04-19,16
500694,100604,Marka-B,B-Hatch,2013,2013-07-21,2018-07-20,0
500695,100605,Marka-A,A-Sedan,2019,2019-07-25,2021-07-24,37
500696,100606,Marka-B,B-Touring,2022,2022-02-22,2024-02-22,3
500697,100607,Marka-B,B-Hatch,2014,2014-02-06,2016-02-06,0
500698,100608,Marka-A,A-Compact,2015,2015-01-22,2018-01-21,0
500699,100608,Marka-A,A-Sedan,2013,2013-12-02,2015-12-02,56
500700,100609,Marka-A,A-Compact,2013,2013-09-08,2016-09-07,4
500701,100610,Marka-A,A-Sedan,2021,2021-01-26,2024-01-26,12
500702,100611,Marka-B,B-Crossover,2021,2021-10-07,2026-10-06,51
500703,100612,Marka-A,A-Compact,2025,2025-05-15,2028-05-14,0
500704,100613,Marka-C,C-Van,2024,2024-09-20,2027-09-20,44
500705,100614,Marka-C,C-Mini,2024,2024-05-16,2027-05-16,17
500706,100615,Marka-B,B-Hatch,2014,2014-11-27,2017-11-26,13
500707,100616,Marka-C,C-Mini,2024,2024-09-25,2027-09-25,12
500708,100617,Marka-B,B-Touring,2020,2020-07-03,2023-07-03,55
500709,100617,Marka-A,A-SUV,2024,2024-07-05,2026-07-05,57
500710,100618,Marka-A,A-Sedan,2020,2020-04-10,2023-04-10,35
500711,100619,Marka-A,A-SUV,2020,2020-08-13,2023-08-13,69
500712,100620,Marka-A,A-Compact,2021,2021-01-03,2024-01-03,0
500713,100621,Marka-B,B-Touring,2022,2022-09-01,2024-08-31,61
500714,100622,Marka-A,A-Compact,2016,2016-09-08,2021-09-07,90
500715,100623,Marka-A,A-Sedan,2013,2013-09-12,2015-09-12,50
500716,100624,Marka-B,B-Touring,2025,2025-01-05,2028-01-05,6
500717,100625,Marka-B,B-Hatch,2019,2019-03-01,2022-02-28,38
500718,100626,Marka-B,B-Hatch,2019,2019-01-03,2022-01-02,8
500719,100627,Marka-A,A-Sedan,2013,2013-05-27,2016-05-26,39
500720,100628,Marka-C,C-Mini,2015,2015-03-04,2017-03-03,54
500721,100629,Marka-A,A-Sedan,2017,2017-09-17,2019-09-17,33
500722,100630,Marka-C,C-Van,2015,2015-03-25,2017-03-24,7
500723,100631,Marka-A,A-Sedan,2023,2023-11-13,2026-11-12,14
500724,100632,Marka-B,B-Crossover,2013,2013-12-08,2016-12-07,0
500725,100633,Marka-A,A-Sedan,2019,2019-07-22,2024-07-20,53
500726,100634,Marka-A,A-Sedan,2023,2023-02-06,2026-02-05,0
500727,100635,Marka-B,B-Crossover,2018,2018-12-04,2020-12-03,23
500728,100636,Marka-A,A-Sedan,2021,2021-11-19,2023-11-19,61
500729,100637,Marka-C,C-Mini,2014,2014-06-08,2016-06-07,18
500730,100638,Marka-B,B-Crossover,2022,2022-07-05,2025-07-04,38
500731,100638,Marka-A,A-Compact,2015,2015-09-14,2018-09-13,50
500732,100639,Marka-C,C-Van,2024,2024-03-07,2026-03-07,32
500733,100640,Marka-B,B-Crossover,2025,2025-09-24,2027-09-24,55
500734,100641,Marka-A,A-Compact,2014,2014-12-24,2016-12-23,50
500735,100642,Marka-A,A-SUV,2022,2022-01-07,2025-01-06,9
500736,100643,Marka-B,B-Hatch,2025,2025-07-10,2028-07-09,9
500737,100644,Marka-B,B-Crossover,2022,2022-12-10,2024-12-09,53
500738,100645,Marka-B,B-Touring,2015,2015-09-11,2018-09-10,44
500739,100646,Marka-A,A-Compact,2019,2019-10-07,2022-10-06,5
500740,100647,Marka-B,B-Touring,2024,2024-12-22,2029-12-21,11
500741,100648,Marka-B,B-Touring,2020,2020-06-17,2023-06-17,47
500742,100649,Marka-A,A-SUV,2025,2025-04-02,2028-04-01,50
500743,100650,Marka-B,B-Hatch,2025,2025-09-05,2027-09-05,43
500744,100651,Marka-C,C-Mini,2013,2013-03-17,2018-03-16,58
500745,100652,Marka-B,B-Crossover,2016,2016-10-04,2019-10-04,0
500746,100653,Marka-C,C-Van,2021,2021-06-16,2024-06-15,30
500747,100654,Marka-B,B-Crossover,2016,2016-05-25,2019-05-25,37
500748,100655,Marka-B,B-Crossover,2013,2013-02-27,2015-02-27,55
500749,100656,Marka-A,A-Compact,2013,2013-11-16,2016-11-15,0
500750,100656,Marka-B,B-Touring,2018,2018-11-18,2020-11-17,52
500751,100657,Marka-A,A-Compact,2014,2014-02-04,2017-02-03,84
500752,100658,Marka-B,B-Crossover,2025,2025-02-25,2030-02-24,0
500753,100659,Marka-A,A-Compact,2014,2014-08-10,2017-08-09,26
500754,100660,Marka-A,A-SUV,2016,2016-02-07,2019-02-06,41
500755,100661,Marka-A,A-Sedan,2014,2014-07-10,2019-07-09,34
500756,100661,Marka-B,B-Hatch,2024,2024-10-21,2027-10-21,59
500757,100662,Marka-B,B-Hatch,2023,2023-03-22,2025-03-21,49
500758,100663,Marka-B,B-Touring,2017,2017-06-04,2019-06-04,21
500759,100664,Marka-A,A-Compact,2020,2020-12-12,2022-12-12,11
500760,100665,Marka-A,A-Compact,2017,2017-12-11,2019-12-11,9
500761,100666,Marka-A,A-SUV,2018,2018-05-18,2020-05-17,66
500762,100667,Marka-B,B-Hatch,2025,2025-08-26,2028-08-25,16
500763,100668,Marka-A,A-SUV,2025,2025-06-21,2028-06-20,0
500764,100669,Marka-B,B-Crossover,2020,2020-06-06,2023-06-06,42
500765,100670,Marka-A,A-SUV,2023,2023-03-04,2025-03-03,33
500766,100671,Marka-A,A-SUV,2015,2015-07-22,2018-07-21,7
500767,100672,Marka-B,B-Hatch,2022,2022-04-14,2025-04-13,63
500768,100672,Marka-C,C-Mini,2020,2020-01-13,2023-01-12,31
500769,100673,Marka-A,A-Sedan,2021,2021-01-06,2023-01-06,65
500770,100674,Marka-A,A-Compact,2016,2016-09-14,2019-09-14,29
500771,100675,Marka-B,B-Crossover,2019,2019-08-05,2024-08-03,19
500772,100676,Marka-C,C-Van,2015,2015-09-12,2018-09-11,52
500773,100677,Marka-B,B-Crossover,2024,2024-08-19,2026-08-19,17
500774,100678,Marka-C,C-Van,2024,2024-06-24,2027-06-24,49
500775,100679,Marka-A,A-Sedan,2017,2017-04-07,2020-04-06,35
500776,100680,Marka-C,C-Van,2015,2015-03-02,2017-03-01,4
500777,100681,Marka-A,A-Compact,2018,2018-01-14,2023-01-13,16
500778,100682,Marka-A,A-SUV,2023,2023-12-01,2028-11-29,57
500779,100683,Marka-B,B-Touring,2022,2022-08-05,2025-08-04,35
500780,100684,Marka-C,C-Mini,2023,2023-10-10,2025-10-09,21
500781,100685,Marka-C,C-Van,2024,2024-11-16,2029-11-15,56
500782,100686,Marka-A,A-Sedan,2017,2017-02-04,2019-02-04,8
500783,100687,Marka-B,B-Crossover,2016,2016-07-08,2018-07-08,83
500784,100688,Marka-B,B-Crossover,2019,2019-03-05,2021-03-04,18
500785,100689,Marka-A,A-SUV,2022,2022-08-24,2025-08-23,36
500786,100689,Marka-B,B-Touring,2016,2016-10-15,2018-10-15,11
500787,100690,Marka-A,A-Sedan,2024,2024-02-06,2027-02-05,23
500788,100691,Marka-A,A-Compact,2023,2023-07-08,2025-07-07,0
500789,100692,Marka-B,B-Hatch,2020,2020-12-01,2022-12-01,72
500790,100693,Marka-B,B-Hatch,2020,2020-01-01,2022-12-31,8
500791,100694,Marka-B,B-Touring,2023,2023-10-10,2028-10-08,0
500792,100695,Marka-B,B-Hatch,2020,2020-08-26,2025-08-25,55
500793,100696,Marka-A,A-Compact,2016,2016-12-17,2019-12-17,11
500794,100697,Marka-C,C-Mini,2013,2013-07-21,2018-07-20,53
500795,100698,Marka-A,A-SUV,2015,2015-05-10,2020-05-08,57
500796,100699,Marka-A,A-Compact,2025,2025-07-27,2028-07-26,0
500797,100700,Marka-A,A-Sedan,2023,2023-03-18,2026-03-17,65
500798,100700,Marka-B,B-Crossover,2021,2021-07-15,2024-07-14,11
500799,100701,Marka-A,A-Sedan,2018,2018-11-26,2021-11-25,39
500800,100702,Marka-B,B-Crossover,2021,2021-12-01,2023-12-01,0
500801,100703,Marka-A,A-Sedan,2022,2022-10-19,2027-10-18,20
500802,100704,Marka-B,B-Hatch,2024,2024-11-12,2029-11-11,0
500803,100705,Marka-B,B-Hatch,2021,2021-06-04,2023-06-04,41
500804,100706,Marka-A,A-Sedan,2017,2017-12-01,2020-11-30,28
500805,100707,Marka-B,B-Touring,2016,2016-08-25,2021-08-24,45
500806,100708,Marka-C,C-Mini,2022,2022-03-02,2025-03-01,29
500807,100709,Marka-A,A-SUV,2018,2018-05-07,2021-05-06,21
500808,100710,Marka-C,C-Mini,2019,2019-11-25,2021-11-24,0
500809,100711,Marka-B,B-Crossover,2017,2017-02-16,2019-02-16,0
500810,100712,Marka-A,A-Compact,2017,2017-08-12,2020-08-11,18
500811,100713,Marka-B,B-Touring,2019,2019-01-10,2024-01-09,5
500812,100714,Marka-A,A-Compact,2025,2025-09-27,2030-09-26,10
500813,100715,Marka-B,B-Hatch,2016,2016-05-04,2019-05-04,57
500814,100716,Marka-A,A-Sedan,2025,2025-06-04,2027-06-04,45
500815,100717,Marka-B,B-Crossover,2021,2021-12-20,2024-12-19,1
500816,100718,Marka-C,C-Van,2021,2021-07-13,2024-07-12,34
500817,100719,Marka-A,A-SUV,2025,2025-04-19,2027-04-19,32
500818,100719,Marka-A,A-SUV,2014,2014-09-20,2017-09-19,23
500819,100720,Marka-B,B-Crossover,2022,2022-05-02,2027-05-01,70
500820,100721,Marka-B,B-Touring,2018,2018-02-24,2023-02-23,12
500821,100722,Marka-A,A-SUV,2020,2020-09-20,2022-09-20,28
500822,100723,Marka-B,B-Hatch,2023,2023-06-11,2026-06-10,47
500823,100724,Marka-A,A-SUV,2021,2021-06-01,2026-05-31,59
500824,100725,Marka-B,B-Touring,2021,2021-04-11,2026-04-10,50
500825,100726,Marka-C,C-Van,2017,2017-09-17,2020-09-16,53
500826,100726,Marka-B,B-Touring,2015,2015-12-01,2018-11-30,12
500827,100727,Marka-A,A-Compact,2021,2021-08-17,2024-08-16,11
500828,100728,Marka-A,A-Sedan,2015,2015-08-22,2018-08-21,0
500829,100729,Marka-B,B-Crossover,2018,2018-01-03,2023-01-02,11
500830,100730,Marka-A,A-Sedan,2025,2025-02-14,2030-02-13,30
500831,100731,Marka-A,A-Compact,2015,2015-02-03,2018-02-02,44
500832,100732,Marka-B,B-Crossover,2020,2020-11-10,2025-11-09,41
500833,100732,Marka-A,A-SUV,2025,2025-09-13,2027-09-13,19
500834,100733,Marka-A,A-SUV,2013,2013-10-01,2016-09-30,86
500835,100734,Marka-C,C-Van,2017,2017-07-17,2020-07-16,78
500836,100735,Marka-A,A-Compact,2024,2024-09-04,2027-09-04,13
500837,100736,Marka-C,C-Mini,2021,2021-06-25,2024-06-24,62
500838,100736,Marka-B,B-Touring,2024,2024-04-05,2027-04-05,0
500839,100737,Marka-B,B-Hatch,2023,2023-09-18,2025-09-17,64
500840,100738,Marka-A,A-SUV,2024,2024-02-12,2026-02-11,20
500841,100739,Marka-A,A-Compact,2021,2021-03-25,2023-03-25,18
500842,100740,Marka-B,B-Crossover,2024,2024-03-06,2026-03-06,31
500843,100741,Marka-B,B-Hatch,2018,2018-08-10,2021-08-09,48
500844,100741,Marka-A,A-SUV,2020,2020-03-22,2023-03-22,65
500845,100742,Marka-A,A-Sedan,2023,2023-09-06,2026-09-05,19
500846,100743,Marka-A,A-Compact,2024,2024-07-04,2029-07-03,52
500847,100744,Marka-A,A-Sedan,2024,2024-03-12,2026-03-12,30
500848,100744,Marka-A,A-Compact,2016,2016-06-19,2018-06-19,34
500849,100745,Marka-C,C-Van,2014,2014-03-26,2019-03-25,5
500850,100745,Marka-C,C-Mini,2022,2022-06-06,2024-06-05,4
500851,100746,Marka-B,B-Touring,2016,2016-02-01,2019-01-31,31
500852,100747,Marka-A,A-Compact,2018,2018-04-20,2021-04-19,68
500853,100748,Marka-B,B-Crossover,2021,2021-08-14,2023-08-14,28
500854,100749,Marka-B,B-Touring,2024,2024-03-04,2029-03-03,77
500855,100750,Marka-A,A-Sedan,2018,2018-06-18,2021-06-17,64
500856,100751,Marka-B,B-Hatch,2014,2014-08-18,2016-08-17,54
500857,100752,Marka-A,A-SUV,2016,2016-10-04,2019-10-04,47
500858,100753,Marka-B,B-Touring,2018,2018-02-07,2021-02-06,22
500859,100754,Marka-C,C-Mini,2016,2016-05-05,2019-05-05,6
500860,100755,Marka-A,A-Compact,2013,2013-09-08,2015-09-08,43
500861,100756,Marka-B,B-Touring,2019,2019-03-24,2021-03-23,37
500862,100756,Marka-A,A-Sedan,2019,2019-09-12,2021-09-11,0
500863,100757,Marka-C,C-Mini,2015,2015-02-27,2017-02-26,60
500864,100758,Marka-A,A-Sedan,2017,2017-11-04,2019-11-04,7
500865,100759,Marka-B,B-Crossover,2024,2024-12-08,2029-12-07,37
500866,100760,Marka-B,B-Crossover,2022,2022-04-07,2024-04-06,74
500867,100760,Marka-C,C-Van,2018,2018-12-22,2020-12-21,71
500868,100761,Marka-B,B-Crossover,2021,2021-06-26,2024-06-25,11
500869,100762,Marka-B,B-Hatch,2013,2013-06-17,2016-06-16,45
500870,100763,Marka-B,B-Touring,2021,2021-03-20,2024-03-19,0
500871,100764,Marka-C,C-Mini,2025,2025-09-15,2028-09-14,46
500872,100765,Marka-A,A-SUV,2013,2013-10-27,2016-10-26,38
500873,100766,Marka-C,C-Van,2018,2018-08-10,2020-08-09,49
500874,100767,Marka-B,B-Crossover,2017,2017-01-06,2019-01-06,45
500875,100767,Marka-A,A-Sedan,2017,2017-05-23,2020-05-22,66
500876,100768,Marka-B,B-Hatch,2016,2016-10-19,2018-10-19,34
500877,100769,Marka-A,A-Sedan,2020,2020-07-14,2023-07-14,46
500878,100770,Marka-A,A-SUV,2025,2025-09-06,2030-09-05,46
500879,100771,Marka-B,B-Crossover,2019,2019-08-05,2022-08-04,0
500880,100772,Marka-B,B-Touring,2018,2018-01-11,2021-01-10,73
500881,100773,Marka-C,C-Mini,2016,2016-09-27,2021-09-26,2
500882,100774,Marka-C,C-Van,2017,2017-09-17,2020-09-16,0
500883,100774,Marka-B,B-Hatch,2016,2016-04-27,2021-04-26,55
500884,100775,Marka-B,B-Touring,2025,2025-05-24,2028-05-23,6
500885,100776,Marka-A,A-SUV,2024,2024-04-13,2027-04-13,36
500886,100777,Marka-A,A-Compact,2019,2019-11-03,2022-11-02,54
500887,100778,Marka-B,B-Hatch,2018,2018-01-15,2020-01-15,0
500888,100779,Marka-A,A-Compact,2023,2023-10-17,2028-10-15,0
500889,100780,Marka-A,A-SUV,2015,2015-01-07,2020-01-06,40
500890,100781,Marka-B,B-Hatch,2023,2023-12-09,2028-12-07,12
500891,100782,Marka-A,A-SUV,2024,2024-07-02,2027-07-02,0
500892,100783,Marka-C,C-Mini,2018,2018-12-05,2023-12-04,24
500893,100784,Marka-C,C-Mini,2020,2020-06-06,2025-06-05,4
500894,100785,Marka-A,A-Sedan,2025,2025-12-26,2028-12-25,5
500895,100786,Marka-A,A-SUV,2024,2024-09-03,2026-09-03,53
500896,100787,Marka-C,C-Van,2023,2023-12-09,2025-12-08,66
500897,100787,Marka-A,A-Sedan,2013,2013-05-07,2016-05-06,90
500898,100788,Marka-B,B-Touring,2022,2022-09-24,2024-09-23,33
500899,100789,Marka-C,C-Van,2014,2014-02-03,2017-02-02,34
500900,100790,Marka-A,A-Compact,2023,2023-01-07,2025-01-06,47
500901,100791,Marka-A,A-SUV,2013,2013-08-18,2016-08-17,42
500902,100791,Marka-A,A-Compact,2013,2013-06-05,2016-06-04,20
500903,100792,Marka-B,B-Crossover,2022,2022-09-06,2025-09-05,26
500904,100793,Marka-B,B-Touring,2023,2023-09-10,2026-09-09,41
500905,100794,Marka-C,C-Mini,2023,2023-05-20,2025-05-19,65
500906,100795,Marka-C,C-Van,2019,2019-06-10,2021-06-09,16
500907,100796,Marka-A,A-Sedan,2015,2015-01-24,2017-01-23,115
500908,100797,Marka-A,A-Sedan,2024,2024-10-09,2026-10-09,10
500909,100798,Marka-A,A-Compact,2021,2021-09-03,2024-09-02,51
500910,100799,Marka-B,B-Crossover,2019,2019-06-27,2021-06-26,55
500911,100800,Marka-A,A-Compact,2022,2022-03-22,2025-03-21,40
500912,100801,Marka-A,A-Compact,2017,2017-02-10,2019-02-10,2
500913,100802,Marka-B,B-Touring,2022,2022-02-20,2025-02-19,70
500914,100803,Marka-A,A-Sedan,2022,2022-07-21,2025-07-20,37
500915,100804,Marka-B,B-Hatch,2016,2016-04-08,2019-04-08,66
500916,100804,Marka-A,A-Sedan,2016,2016-11-22,2021-11-21,14
500917,100805,Marka-B,B-Touring,2023,2023-12-13,2028-12-11,21
500918,100806,Marka-A,A-Compact,2019,2019-01-16,2021-01-15,4
500919,100807,Marka-A,A-SUV,2016,2016-01-21,2021-01-19,35
500920,100808,Marka-B,B-Crossover,2018,2018-08-05,2021-08-04,48
500921,100808,Marka-A,A-SUV,2021,2021-11-08,2023-11-08,76
500922,100809,Marka-A,A-Sedan,2019,2019-03-22,2022-03-21,20
500923,100810,Marka-C,C-Mini,2016,2016-12-24,2019-12-24,28
500924,100811,Marka-B,B-Touring,2024,2024-11-17,2026-11-17,63
500925,100812,Marka-B,B-Touring,2017,2017-01-14,2022-01-13,0
500926,100813,Marka-A,A-SUV,2019,2019-07-04,2022-07-03,71
500927,100813,Marka-B,B-Hatch,2020,2020-11-05,2022-11-05,36
500928,100814,Marka-A,A-Compact,2023,2023-02-26,2026-02-25,13
500929,100814,Marka-A,A-Sedan,2013,2013-01-03,2016-01-03,63
500930,100815,Marka-B,B-Touring,2015,2015-12-02,2018-12-01,12
500931,100816,Marka-B,B-Hatch,2020,2020-04-06,2023-04-06,31
500932,100817,Marka-A,A-Compact,2019,2019-07-16,2022-07-15,2
500933,100818,Marka-A,A-Compact,2014,2014-02-07,2017-02-06,48
500934,100819,Marka-B,B-Crossover,2015,2015-10-18,2020-10-16,0
500935,100820,Marka-B,B-Hatch,2019,2019-08-18,2024-08-16,35
500936,100821,Marka-A,A-Sedan,2021,2021-02-01,2026-01-31,30
500937,100822,Marka-B,B-Hatch,2023,2023-09-04,2026-09-03,39
500938,100822,Marka-B,B-Touring,2018,2018-01-05,2021-01-04,30
500939,100823,Marka-A,A-SUV,2013,2013-03-27,2015-03-27,16
500940,100824,Marka-B,B-Touring,2014,2014-09-16,2019-09-15,0
500941,100824,Marka-A,A-Sedan,2014,2014-05-18,2017-05-17,40
500942,100825,Marka-B,B-Touring,2014,2014-07-22,2016-07-21,12
500943,100826,Marka-B,B-Touring,2014,2014-09-21,2016-09-20,16
500944,100827,Marka-B,B-Touring,2014,2014-07-06,2019-07-05,33
500945,100828,Marka-B,B-Hatch,2019,2019-10-01,2022-09-30,52
500946,100829,Marka-B,B-Touring,2017,2017-07-06,2020-07-05,20
500947,100830,Marka-A,A-Sedan,2018,2018-02-12,2021-02-11,46
500948,100831,Marka-C,C-Mini,2021,2021-03-20,2023-03-20,38
500949,100832,Marka-B,B-Hatch,2019,2019-04-04,2022-04-03,62
500950,100833,Marka-A,A-Compact,2025,2025-02-19,2030-02-18,17
500951,100834,Marka-B,B-Hatch,2024,2024-11-19,2026-11-19,48
500952,100835,Marka-A,A-SUV,2021,2021-09-13,2024-09-12,24
500953,100835,Marka-A,A-Sedan,2017,2017-05-25,2019-05-25,95
500954,100836,Marka-B,B-Crossover,2025,2025-04-22,2027-04-22,19
500955,100836,Marka-B,B-Crossover,2017,2017-05-01,2022-04-30,2
500956,100837,Marka-C,C-Mini,2014,2014-03-22,2016-03-21,31
500957,100838,Marka-C,C-Mini,2025,2025-07-21,2028-07-20,41
500958,100839,Marka-A,A-SUV,2021,2021-01-16,2024-01-16,7
500959,100840,Marka-A,A-Compact,2013,2013-06-14,2018-06-13,46
500960,100840,Marka-B,B-Touring,2022,2022-11-20,2025-11-19,51
500961,100841,Marka-A,A-Sedan,2013,2013-08-14,2015-08-14,68
500962,100842,Marka-B,B-Crossover,2019,2019-02-21,2022-02-20,39
500963,100843,Marka-B,B-Hatch,2019,2019-07-12,2022-07-11,53
500964,100844,Marka-B,B-Touring,2019,2019-12-13,2022-12-12,25
500965,100845,Marka-A,A-Sedan,2020,2020-06-25,2023-06-25,49
500966,100846,Marka-C,C-Mini,2021,2021-10-04,2024-10-03,0
500967,100847,Marka-A,A-SUV,2013,2013-02-04,2015-02-04,17
500968,100847,Marka-A,A-Compact,2019,2019-08-02,2022-08-01,0
500969,100848,Marka-A,A-Sedan,2019,2019-08-21,2022-08-20,2
500970,100849,Marka-A,A-Sedan,2025,2025-02-04,2030-02-03,52
500971,100850,Marka-C,C-Mini,2019,2019-07-15,2022-07-14,0
500972,100851,Marka-A,A-SUV,2018,2018-03-12,2021-03-11,48
500973,100852,Marka-B,B-Crossover,2021,2021-05-03,2026-05-02,49
500974,100853,Marka-B,B-Touring,2013,2013-09-05,2016-09-04,63
500975,100854,Marka-B,B-Touring,2015,2015-01-18,2017-01-17,26
500976,100855,Marka-A,A-Compact,2016,2016-12-15,2019-12-15,44
500977,100856,Marka-A,A-SUV,2013,2013-10-10,2016-10-09,8
500978,100857,Marka-A,A-Compact,2023,2023-11-03,2028-11-01,39
500979,100858,Marka-A,A-Sedan,2022,2022-01-25,2024-01-25,45
500980,100859,Marka-A,A-Compact,2016,2016-01-05,2019-01-04,17
500981,100860,Marka-B,B-Touring,2022,2022-08-17,2025-08-16,64
500982,100861,Marka-A,A-SUV,2014,2014-01-10,2019-01-09,0
500983,100862,Marka-B,B-Touring,2025,2025-03-14,2027-03-14,0
500984,100863,Marka-A,A-Compact,2014,2014-04-14,2017-04-13,0
500985,100864,Marka-A,A-Sedan,2024,2024-03-19,2027-03-19,41
500986,100865,Marka-A,A-Sedan,2025,2025-05-07,2028-05-06,0
500987,100866,Marka-B,B-Crossover,2022,2022-07-03,2027-07-02,7
500988,100866,Marka-A,A-Compact,2025,2025-02-04,2027-02-04,36
500989,100867,Marka-A,A-SUV,2015,2015-08-17,2017-08-16,55
500990,100868,Marka-C,C-Van,2021,2021-01-07,2023-01-07,0
500991,100869,Marka-A,A-SUV,2020,2020-02-12,2025-02-10,55
500992,100870,Marka-C,C-Van,2017,2017-03-09,2019-03-09,2
500993,100871,Marka-A,A-Sedan,2013,2013-07-03,2018-07-02,17
500994,100872,Marka-A,A-Compact,2019,2019-10-23,2022-10-22,34
500995,100873,Marka-B,B-Crossover,2015,2015-09-16,2018-09-15,25
500996,100874,Marka-B,B-Crossover,2018,2018-06-18,2021-06-17,0
500997,100875,Marka-A,A-Compact,2013,2013-07-04,2016-07-03,72
500998,100876,Marka-A,A-Sedan,2017,2017-01-09,2020-01-09,25
500999,100877,Marka-A,A-SUV,2024,2024-05-02,2026-05-02,47
501000,100877,Marka-B,B-Crossover,2020,2020-01-21,2023-01-20,50
501001,100878,Marka-A,A-Compact,2015,2015-02-17,2018-02-16,59
501002,100879,Marka-A,A-Compact,2020,2020-07-01,2025-06-30,58
501003,100880,Marka-B,B-Hatch,2018,2018-12-20,2023-12-19,11
501004,100881,Marka-B,B-Crossover,2020,2020-05-12,2023-05-12,35
501005,100882,Marka-A,A-SUV,2025,2025-03-25,2028-03-24,13
501006,100883,Marka-C,C-Mini,2025,2025-11-06,2027-11-06,38
501007,100884,Marka-B,B-Hatch,2013,2013-05-11,2016-05-10,21
501008,100885,Marka-B,B-Crossover,2024,2024-09-25,2027-09-25,74
501009,100886,Marka-B,B-Hatch,2025,2025-05-03,2027-05-03,19
501010,100887,Marka-A,A-SUV,2022,2022-08-09,2024-08-08,69
501011,100887,Marka-B,B-Crossover,2018,2018-06-06,2020-06-05,43
501012,100888,Marka-A,A-Compact,2024,2024-07-04,2027-07-04,54
501013,100889,Marka-A,A-SUV,2019,2019-01-20,2022-01-19,49
501014,100890,Marka-B,B-Crossover,2024,2024-05-24,2027-05-24,46
501015,100891,Marka-B,B-Crossover,2018,2018-02-10,2020-02-10,66
501016,100892,Marka-A,A-Compact,2023,2023-09-17,2028-09-15,0
501017,100893,Marka-A,A-Sedan,2024,2024-09-01,2027-09-01,34
501018,100893,Marka-B,B-Hatch,2024,2024-11-26,2029-11-25,67
501019,100894,Marka-A,A-SUV,2020,2020-07-01,2022-07-01,37
501020,100895,Marka-B,B-Crossover,2022,2022-07-26,2025-07-25,0
501021,100896,Marka-A,A-SUV,2017,2017-06-26,2019-06-26,61
501022,100897,Marka-A,A-Sedan,2021,2021-06-01,2024-05-31,22
501023,100898,Marka-A,A-SUV,2025,2025-03-22,2028-03-21,46
501024,100899,Marka-A,A-Compact,2025,2025-07-22,2028-07-21,36
501025,100900,Marka-A,A-SUV,2015,2015-01-05,2018-01-04,36
501026,100901,Marka-C,C-Van,2015,2015-08-21,2017-08-20,49
501027,100902,Marka-A,A-SUV,2018,2018-09-17,2021-09-16,30
501028,100903,Marka-A,A-Compact,2024,2024-07-11,2029-07-10,20
501029,100904,Marka-A,A-Compact,2020,2020-10-15,2023-10-15,24
501030,100905,Marka-C,C-Van,2014,2014-12-22,2019-12-21,19
501031,100906,Marka-B,B-Crossover,2025,2025-05-08,2027-05-08,13
501032,100907,Marka-C,C-Van,2023,2023-01-05,2026-01-04,66
501033,100907,Marka-A,A-Compact,2015,2015-05-04,2017-05-03,76
501034,100908,Marka-A,A-Compact,2024,2024-06-08,2026-06-08,35
501035,100909,Marka-B,B-Hatch,2017,2017-03-23,2020-03-22,14
501036,100910,Marka-C,C-Van,2020,2020-03-21,2023-03-21,0
501037,100911,Marka-A,A-Sedan,2023,2023-06-26,2028-06-24,36
501038,100912,Marka-C,C-Van,2015,2015-07-24,2018-07-23,0
501039,100913,Marka-B,B-Touring,2014,2014-09-21,2017-09-20,2
501040,100914,Marka-A,A-Sedan,2018,2018-05-11,2021-05-10,35
501041,100915,Marka-A,A-SUV,2025,2025-11-08,2027-11-08,35
501042,100916,Marka-B,B-Touring,2013,2013-07-22,2016-07-21,57
501043,100917,Marka-C,C-Van,2018,2018-03-15,2021-03-14,24
501044,100918,Marka-A,A-Compact,2024,2024-02-19,2027-02-18,0
501045,100918,Marka-B,B-Crossover,2023,2023-03-02,2025-03-01,8
501046,100919,Marka-A,A-Sedan,2014,2014-07-25,2017-07-24,0
501047,100920,Marka-A,A-SUV,2019,2019-03-12,2022-03-11,31
501048,100921,Marka-B,B-Touring,2019,2019-06-16,2024-06-14,16
501049,100921,Marka-B,B-Hatch,2016,2016-04-12,2019-04-12,53
501050,100922,Marka-A,A-SUV,2019,2019-09-01,2021-08-31,69
501051,100923,Marka-A,A-Sedan,2017,2017-03-02,2020-03-01,32
501052,100924,Marka-C,C-Van,2018,2018-12-21,2020-12-20,43
501053,100924,Marka-C,C-Mini,2014,2014-01-06,2016-01-06,29
501054,100925,Marka-A,A-SUV,2017,2017-02-13,2019-02-13,0
501055,100925,Marka-A,A-SUV,2022,2022-05-26,2025-05-25,51
501056,100926,Marka-A,A-SUV,2016,2016-06-11,2019-06-11,62
501057,100927,Marka-B,B-Touring,2023,2023-10-20,2026-10-19,57
501058,100927,Marka-B,B-Crossover,2019,2019-03-01,2024-02-28,3
501059,100928,Marka-A,A-Compact,2021,2021-05-05,2023-05-05,47
501060,100929,Marka-B,B-Touring,2019,2019-10-08,2022-10-07,2
501061,100930,Marka-B,B-Touring,2021,2021-09-19,2024-09-18,67
501062,100930,Marka-A,A-SUV,2015,2015-02-08,2017-02-07,36
501063,100931,Marka-A,A-Compact,2021,2021-03-07,2023-03-07,55
501064,100932,Marka-C,C-Mini,2023,2023-10-18,2028-10-16,63
501065,100933,Marka-A,A-SUV,2022,2022-05-03,2025-05-02,64
501066,100933,Marka-C,C-Van,2014,2014-10-11,2016-10-10,3
501067,100934,Marka-A,A-Compact,2021,2021-05-05,2024-05-04,28
501068,100935,Marka-C,C-Van,2014,2014-09-26,2019-09-25,51
501069,100936,Marka-A,A-SUV,2022,2022-07-21,2025-07-20,39
501070,100937,Marka-B,B-Crossover,2020,2020-03-20,2023-03-20,44
501071,100938,Marka-A,A-SUV,2025,2025-11-11,2028-11-10,57
501072,100939,Marka-A,A-Sedan,2013,2013-02-18,2018-02-17,36
501073,100940,Marka-C,C-Mini,2015,2015-04-11,2018-04-10,0
501074,100941,Marka-A,A-Sedan,2013,2013-11-15,2016-11-14,46
501075,100942,Marka-B,B-Hatch,2014,2014-09-04,2019-09-03,41
501076,100943,Marka-B,B-Touring,2013,2013-10-12,2016-10-11,2
501077,100944,Marka-A,A-SUV,2021,2021-03-22,2024-03-21,38
501078,100945,Marka-B,B-Touring,2020,2020-02-24,2023-02-23,32
501079,100946,Marka-B,B-Hatch,2024,2024-11-19,2027-11-19,14
501080,100947,Marka-C,C-Mini,2014,2014-05-09,2017-05-08,7
501081,100948,Marka-B,B-Hatch,2017,2017-01-01,2021-12-31,74
501082,100949,Marka-B,B-Hatch,2020,2020-11-04,2025-11-03,24
501083,100950,Marka-A,A-Compact,2015,2015-02-07,2018-02-06,14
501084,100951,Marka-B,B-Touring,2024,2024-01-26,2029-01-24,3
501085,100952,Marka-A,A-Sedan,2023,2023-01-05,2026-01-04,31
501086,100953,Marka-A,A-SUV,2021,2021-04-23,2026-04-22,18
501087,100954,Marka-B,B-Hatch,2019,2019-09-03,2022-09-02,45
501088,100955,Marka-A,A-SUV,2013,2013-06-06,2015-06-06,56
501089,100956,Marka-C,C-Van,2016,2016-02-21,2021-02-19,69
501090,100957,Marka-B,B-Hatch,2013,2013-02-08,2016-02-08,45
501091,100958,Marka-B,B-Crossover,2020,2020-01-13,2025-01-11,8
501092,100958,Marka-B,B-Hatch,2018,2018-12-16,2020-12-15,9
501093,100959,Marka-C,C-Van,2021,2021-06-14,2023-06-14,9
501094,100960,Marka-C,C-Van,2022,2022-10-23,2027-10-22,25
501095,100961,Marka-A,A-Compact,2020,2020-07-26,2022-07-26,46
501096,100962,Marka-A,A-Compact,2019,2019-05-14,2021-05-13,45
501097,100963,Marka-A,A-Sedan,2017,2017-09-24,2020-09-23,23
501098,100964,Marka-A,A-Compact,2013,2013-06-13,2018-06-12,35
501099,100964,Marka-B,B-Hatch,2023,2023-02-17,2025-02-16,51
501100,100965,Marka-C,C-Mini,2022,2022-04-05,2027-04-04,30
501101,100966,Marka-B,B-Crossover,2021,2021-11-02,2023-11-02,33
501102,100967,Marka-B,B-Hatch,2019,2019-11-20,2022-11-19,0
501103,100968,Marka-A,A-Compact,2023,2023-09-13,2025-09-12,20
501104,100969,Marka-A,A-Compact,2018,2018-09-27,2020-09-26,83
501105,100970,Marka-B,B-Touring,2022,2022-11-16,2027-11-15,55
501106,100970,Marka-B,B-Hatch,2018,2018-08-09,2021-08-08,17
501107,100971,Marka-A,A-Compact,2018,2018-03-05,2021-03-04,56
501108,100972,Marka-A,A-Compact,2022,2022-01-04,2024-01-04,4
501109,100973,Marka-B,B-Hatch,2020,2020-03-18,2023-03-18,48
501110,100974,Marka-A,A-SUV,2019,2019-04-14,2022-04-13,35
501111,100975,Marka-B,B-Crossover,2022,2022-04-02,2024-04-01,2
501112,100976,Marka-B,B-Hatch,2018,2018-02-16,2021-02-15,53
501113,100977,Marka-B,B-Hatch,2021,2021-03-26,2024-03-25,36
501114,100978,Marka-B,B-Crossover,2015,2015-09-14,2018-09-13,42
501115,100979,Marka-B,B-Touring,2014,2014-10-08,2017-10-07,47
501116,100980,Marka-A,A-Compact,2021,2021-06-17,2024-06-16,26
501117,100981,Marka-A,A-Compact,2014,2014-08-06,2016-08-05,23
501118,100981,Marka-A,A-Sedan,2013,2013-07-08,2015-07-08,27
501119,100982,Marka-B,B-Touring,2013,2013-06-22,2016-06-21,41
501120,100983,Marka-A,A-SUV,2021,2021-09-14,2024-09-13,37
501121,100984,Marka-C,C-Van,2018,2018-08-25,2023-08-24,20
501122,100985,Marka-B,B-Hatch,2018,2018-04-17,2021-04-16,30
501123,100986,Marka-A,A-SUV,2018,2018-09-25,2021-09-24,30
501124,100987,Marka-B,B-Hatch,2019,2019-09-25,2022-09-24,56
501125,100988,Marka-A,A-Sedan,2017,2017-11-17,2020-11-16,19
501126,100989,Marka-B,B-Crossover,2014,2014-09-26,2017-09-25,34
501127,100990,Marka-B,B-Hatch,2020,2020-02-21,2022-02-20,43
501128,100991,Marka-B,B-Touring,2014,2014-04-09,2016-04-08,37
501129,100992,Marka-B,B-Hatch,2014,2014-09-12,2017-09-11,35
501130,100992,Marka-C,C-Mini,2014,2014-06-13,2019-06-12,31
501131,100993,Marka-A,A-Compact,2021,2021-02-21,2024-02-21,0
501132,100993,Marka-A,A-Compact,2013,2013-07-02,2016-07-01,27
501133,100994,Marka-A,A-Sedan,2016,2016-12-22,2018-12-22,2
501134,100995,Marka-A,A-Sedan,2022,2022-07-07,2027-07-06,49
501135,100996,Marka-C,C-Mini,2024,2024-07-04,2026-07-04,18
501136,100996,Marka-A,A-Compact,2017,2017-05-18,2022-05-17,57
501137,100997,Marka-A,A-Sedan,2018,2018-03-09,2023-03-08,0
501138,100997,Marka-A,A-Compact,2016,2016-05-02,2019-05-02,36
501139,100998,Marka-B,B-Touring,2017,2017-09-24,2020-09-23,4
501140,100999,Marka-A,A-SUV,2020,2020-01-01,2022-12-31,42
501141,101000,Marka-B,B-Hatch,2013,2013-01-27,2016-01-27,53
501142,101000,Marka-A,A-Sedan,2014,2014-01-23,2016-01-23,18
501143,101001,Marka-B,B-Hatch,2015,2015-02-02,2017-02-01,35
501144,101002,Marka-A,A-SUV,2013,2013-04-10,2016-04-09,8
501145,101002,Marka-C,C-Van,2019,2019-03-11,2022-03-10,88
501146,101003,Marka-A,A-Sedan,2020,2020-05-04,2023-05-04,20
501147,101004,Marka-A,A-Sedan,2023,2023-09-16,2028-09-14,78
501148,101005,Marka-A,A-Compact,2025,2025-01-08,2028-01-08,10
501149,101006,Marka-B,B-Touring,2015,2015-12-03,2020-12-01,8
501150,101007,Marka-C,C-Van,2024,2024-07-19,2026-07-19,0
501151,101008,Marka-A,A-Compact,2022,2022-12-18,2025-12-17,66
501152,101009,Marka-A,A-Sedan,2020,2020-01-25,2023-01-24,2
501153,101010,Marka-B,B-Crossover,2017,2017-06-02,2020-06-01,28
501154,101011,Marka-B,B-Hatch,2019,2019-04-10,2022-04-09,20
501155,101012,Marka-C,C-Van,2021,2021-09-06,2023-09-06,39
501156,101013,Marka-A,A-Compact,2018,2018-11-27,2021-11-26,0
501157,101014,Marka-A,A-Compact,2025,2025-11-19,2027-11-19,27
501158,101015,Marka-A,A-Sedan,2021,2021-08-20,2024-08-19,49
501159,101016,Marka-A,A-Compact,2024,2024-04-16,2027-04-16,55
501160,101017,Marka-A,A-Sedan,2019,2019-10-26,2022-10-25,62
501161,101018,Marka-A,A-SUV,2015,2015-06-06,2020-06-04,46
501162,101019,Marka-A,A-SUV,2023,2023-05-14,2026-05-13,29
501163,101020,Marka-B,B-Touring,2013,2013-04-04,2018-04-03,52
501164,101020,Marka-A,A-SUV,2019,2019-12-19,2024-12-17,35
501165,101021,Marka-A,A-Compact,2024,2024-07-25,2027-07-25,41
501166,101022,Marka-C,C-Mini,2020,2020-04-02,2022-04-02,80
501167,101023,Marka-A,A-SUV,2023,2023-08-24,2028-08-22,0
501168,101024,Marka-A,A-SUV,2013,2013-12-16,2015-12-16,60
501169,101024,Marka-A,A-SUV,2018,2018-12-02,2023-12-01,51
501170,101025,Marka-A,A-SUV,2016,2016-04-24,2021-04-23,58
501171,101026,Marka-A,A-Sedan,2021,2021-10-25,2026-10-24,43
501172,101027,Marka-C,C-Mini,2021,2021-03-13,2026-03-12,12
501173,101028,Marka-B,B-Hatch,2014,2014-10-07,2016-10-06,59
501174,101029,Marka-B,B-Hatch,2022,2022-06-27,2025-06-26,0
501175,101030,Marka-A,A-SUV,2023,2023-06-06,2025-06-05,0
501176,101031,Marka-A,A-Compact,2017,2017-07-08,2022-07-07,39
501177,101032,Marka-A,A-Sedan,2024,2024-04-11,2029-04-10,37
501178,101033,Marka-A,A-Compact,2017,2017-03-25,2019-03-25,38
501179,101034,Marka-A,A-Sedan,2014,2014-09-08,2019-09-07,61
501180,101035,Marka-B,B-Hatch,2018,2018-04-09,2021-04-08,57
501181,101036,Marka-C,C-Mini,2013,2013-12-27,2016-12-26,0
501182,101037,Marka-A,A-Sedan,2015,2015-05-23,2020-05-21,72
501183,101038,Marka-B,B-Hatch,2018,2018-07-06,2021-07-05,45
501184,101039,Marka-C,C-Van,2023,2023-01-25,2028-01-24,33
501185,101040,Marka-B,B-Crossover,2014,2014-10-12,2016-10-11,16
501186,101041,Marka-A,A-Compact,2023,2023-04-02,2026-04-01,40
501187,101042,Marka-A,A-SUV,2013,2013-02-26,2016-02-26,31
501188,101043,Marka-A,A-SUV,2021,2021-02-24,2024-02-24,16
501189,101044,Marka-A,A-Sedan,2025,2025-09-15,2028-09-14,72
501190,101045,Marka-A,A-Compact,2014,2014-07-06,2017-07-05,0
501191,101046,Marka-A,A-Compact,2020,2020-01-01,2021-12-31,40
501192,101047,Marka-B,B-Hatch,2021,2021-08-17,2026-08-16,32
501193,101048,Marka-A,A-SUV,2020,2020-01-25,2023-01-24,82
501194,101049,Marka-A,A-Sedan,2025,2025-05-14,2028-05-13,19
501195,101050,Marka-C,C-Van,2024,2024-02-11,2027-02-10,17
501196,101050,Marka-A,A-SUV,2021,2021-01-03,2023-01-03,36
501197,101051,Marka-B,B-Hatch,2019,2019-03-13,2024-03-11,23
501198,101052,Marka-B,B-Crossover,2014,2014-08-04,2016-08-03,0
501199,101053,Marka-C,C-Mini,2018,2018-03-26,2021-03-25,65
501200,101054,Marka-B,B-Hatch,2019,2019-01-17,2022-01-16,53
501201,101055,Marka-A,A-Sedan,2019,2019-06-09,2021-06-08,28
501202,101055,Marka-A,A-Compact,2014,2014-02-01,2017-01-31,10
501203,101056,Marka-C,C-Van,2019,2019-11-11,2024-11-09,23
501204,101057,Marka-B,B-Hatch,2016,2016-01-01,2017-12-31,48
501205,101058,Marka-A,A-SUV,2016,2016-08-16,2018-08-16,15
501206,101059,Marka-A,A-SUV,2019,2019-12-07,2022-12-06,43
501207,101060,Marka-B,B-Touring,2025,2025-05-02,2030-05-01,42
501208,101061,Marka-B,B-Hatch,2016,2016-12-09,2019-12-09,15
501209,101062,Marka-B,B-Crossover,2018,2018-03-08,2020-03-07,4
501210,101063,Marka-A,A-Compact,2024,2024-04-23,2029-04-22,57
501211,101064,Marka-B,B-Hatch,2015,2015-04-06,2018-04-05,74
501212,101065,Marka-A,A-Sedan,2022,2022-04-09,2025-04-08,22
501213,101066,Marka-C,C-Mini,2014,2014-03-13,2016-03-12,42
501214,101067,Marka-A,A-SUV,2025,2025-10-02,2027-10-02,24
501215,101067,Marka-A,A-SUV,2014,2014-04-27,2017-04-26,0
501216,101068,Marka-A,A-SUV,2024,2024-11-25,2026-11-25,31
501217,101069,Marka-A,A-Sedan,2021,2021-10-11,2024-10-10,0
501218,101070,Marka-B,B-Touring,2024,2024-04-10,2027-04-10,26
501219,101071,Marka-B,B-Crossover,2017,2017-07-15,2020-07-14,31
501220,101072,Marka-B,B-Touring,2016,2016-04-01,2021-03-31,48
501221,101073,Marka-A,A-SUV,2021,2021-10-14,2024-10-13,0
501222,101074,Marka-B,B-Crossover,2013,2013-09-22,2016-09-21,62
501223,101075,Marka-B,B-Hatch,2021,2021-01-06,2023-01-06,26
501224,101076,Marka-C,C-Mini,2025,2025-04-27,2030-04-26,46
501225,101077,Marka-C,C-Van,2019,2019-08-18,2021-08-17,61
501226,101078,Marka-B,B-Crossover,2013,2013-06-05,2016-06-04,39
501227,101079,Marka-C,C-Mini,2024,2024-09-08,2027-09-08,8
501228,101080,Marka-C,C-Van,2020,2020-09-07,2022-09-07,38
501229,101081,Marka-A,A-Compact,2016,2016-02-22,2021-02-20,0
501230,101082,Marka-C,C-Mini,2013,2013-09-10,2018-09-09,36
501231,101083,Marka-B,B-Hatch,2013,2013-10-09,2016-10-08,0
501232,101084,Marka-C,C-Mini,2018,2018-07-22,2021-07-21,33
501233,101085,Marka-A,A-Compact,2016,2016-08-25,2019-08-25,62
501234,101086,Marka-A,A-Compact,2024,2024-11-16,2027-11-16,52
501235,101087,Marka-A,A-Compact,2024,2024-02-15,2027-02-14,11
501236,101087,Marka-A,A-SUV,2020,2020-06-16,2022-06-16,23
501237,101088,Marka-A,A-Compact,2022,2022-05-17,2024-05-16,47
501238,101089,Marka-A,A-Sedan,2022,2022-11-04,2024-11-03,20
501239,101090,Marka-B,B-Touring,2015,2015-04-19,2020-04-17,42
501240,101091,Marka-B,B-Crossover,2025,2025-03-26,2027-03-26,42
501241,101092,Marka-B,B-Touring,2014,2014-12-19,2016-12-18,45
501242,101093,Marka-B,B-Hatch,2024,2024-02-12,2026-02-11,0
501243,101094,Marka-B,B-Touring,2025,2025-10-23,2027-10-23,30
501244,101095,Marka-A,A-Sedan,2022,2022-09-11,2025-09-10,78
501245,101096,Marka-A,A-Compact,2022,2022-10-04,2027-10-03,15
501246,101097,Marka-A,A-Sedan,2018,2018-12-20,2020-12-19,35
501247,101098,Marka-A,A-Sedan,2015,2015-12-26,2017-12-25,27
501248,101099,Marka-A,A-SUV,2016,2016-12-08,2019-12-08,27
501249,101100,Marka-B,B-Crossover,2016,2016-08-05,2018-08-05,45
501250,101101,Marka-B,B-Touring,2016,2016-04-13,2018-04-13,29
501251,101101,Marka-B,B-Crossover,2021,2021-07-10,2023-07-10,48
501252,101102,Marka-A,A-Compact,2013,2013-08-03,2016-08-02,58
501253,101103,Marka-A,A-Compact,2020,2020-02-06,2023-02-05,0
501254,101103,Marka-B,B-Touring,2013,2013-03-16,2016-03-15,58
501255,101104,Marka-B,B-Touring,2021,2021-11-24,2024-11-23,60
501256,101105,Marka-B,B-Touring,2020,2020-02-10,2023-02-09,3
501257,101106,Marka-B,B-Crossover,2018,2018-05-15,2020-05-14,18
501258,101107,Marka-B,B-Touring,2022,2022-06-20,2025-06-19,55
501259,101108,Marka-A,A-Sedan,2013,2013-05-12,2018-05-11,0
501260,101109,Marka-B,B-Crossover,2022,2022-11-18,2024-11-17,43
501261,101110,Marka-A,A-Sedan,2020,2020-02-16,2023-02-15,53
501262,101110,Marka-B,B-Crossover,2024,2024-03-23,2027-03-23,22
501263,101111,Marka-A,A-SUV,2013,2013-09-07,2015-09-07,45
501264,101112,Marka-B,B-Crossover,2013,2013-11-22,2016-11-21,0
501265,101112,Marka-C,C-Mini,2023,2023-09-15,2025-09-14,0
501266,101113,Marka-B,B-Touring,2025,2025-02-27,2028-02-27,23
501267,101114,Marka-B,B-Hatch,2023,2023-06-19,2026-06-18,24
501268,101115,Marka-A,A-Compact,2013,2013-03-23,2015-03-23,39
501269,101116,Marka-B,B-Touring,2023,2023-06-10,2026-06-09,21
501270,101117,Marka-C,C-Van,2022,2022-07-19,2027-07-18,0
501271,101118,Marka-A,A-Sedan,2017,2017-10-02,2019-10-02,12
501272,101119,Marka-A,A-SUV,2024,2024-02-20,2027-02-19,61
501273,101120,Marka-C,C-Mini,2018,2018-09-07,2021-09-06,0
501274,101121,Marka-A,A-Compact,2017,2017-04-18,2020-04-17,19
501275,101122,Marka-A,A-Sedan,2017,2017-08-15,2019-08-15,45
501276,101123,Marka-A,A-SUV,2014,2014-05-19,2017-05-18,19
501277,101124,Marka-A,A-SUV,2018,2018-11-23,2020-11-22,15
501278,101125,Marka-A,A-Compact,2018,2018-04-23,2021-04-22,23
501279,101126,Marka-C,C-Mini,2022,2022-08-27,2027-08-26,62
501280,101127,Marka-A,A-SUV,2022,2022-02-25,2025-02-24,52
501281,101128,Marka-A,A-SUV,2016,2016-04-23,2018-04-23,44
501282,101129,Marka-B,B-Touring,2014,2014-01-18,2019-01-17,0
501283,101130,Marka-A,A-Sedan,2015,2015-06-19,2017-06-18,71
501284,101131,Marka-A,A-SUV,2017,2017-09-04,2020-09-03,0
501285,101132,Marka-C,C-Mini,2014,2014-08-18,2017-08-17,53
501286,101133,Marka-A,A-SUV,2024,2024-01-08,2026-01-07,64
501287,101133,Marka-A,A-Compact,2015,2015-02-09,2018-02-08,10
501288,101134,Marka-B,B-Hatch,2025,2025-06-23,2027-06-23,0
501289,101135,Marka-C,C-Mini,2014,2014-04-23,2016-04-22,31
501290,101135,Marka-A,A-Sedan,2021,2021-04-22,2023-04-22,29
501291,101136,Marka-A,A-Sedan,2021,2021-12-14,2024-12-13,71
501292,101137,Marka-A,A-Compact,2016,2016-10-07,2019-10-07,0
501293,101138,Marka-B,B-Touring,2019,2019-11-20,2022-11-19,0
501294,101139,Marka-B,B-Hatch,2016,2016-10-22,2019-10-22,35
501295,101140,Marka-B,B-Hatch,2020,2020-02-13,2022-02-12,69
501296,101141,Marka-C,C-Van,2023,2023-06-24,2025-06-23,1
501297,101142,Marka-A,A-Compact,2025,2025-10-11,2028-10-10,0
501298,101143,Marka-A,A-Compact,2025,2025-01-14,2028-01-14,8
501299,101143,Marka-B,B-Touring,2025,2025-08-09,2028-08-08,14
501300,101144,Marka-A,A-Compact,2023,2023-06-16,2028-06-14,69
501301,101145,Marka-C,C-Mini,2024,2024-09-10,2027-09-10,29
501302,101145,Marka-B,B-Touring,2022,2022-04-05,2027-04-04,27
501303,101146,Marka-A,A-Compact,2019,2019-12-14,2022-12-13,9
501304,101147,Marka-A,A-Sedan,2015,2015-04-26,2020-04-24,53
501305,101148,Marka-B,B-Touring,2018,2018-08-05,2020-08-04,7
501306,101149,Marka-A,A-Sedan,2013,2013-11-05,2018-11-04,18
501307,101150,Marka-A,A-Compact,2019,2019-07-09,2024-07-07,22
501308,101151,Marka-C,C-Van,2022,2022-12-13,2027-12-12,45
501309,101152,Marka-A,A-Compact,2014,2014-11-02,2016-11-01,48
501310,101153,Marka-C,C-Van,2020,2020-01-13,2023-01-12,40
501311,101154,Marka-B,B-Crossover,2018,2018-03-27,2021-03-26,74
501312,101155,Marka-B,B-Hatch,2022,2022-08-04,2025-08-03,50
501313,101156,Marka-C,C-Mini,2016,2016-01-10,2018-01-09,33
501314,101156,Marka-B,B-Crossover,2021,2021-01-26,2026-01-25,43
501315,101157,Marka-A,A-Compact,2020,2020-01-21,2023-01-20,6
501316,101157,Marka-A,A-Sedan,2015,2015-12-04,2017-12-03,17
501317,101158,Marka-B,B-Crossover,2019,2019-09-15,2022-09-14,52
501318,101159,Marka-B,B-Hatch,2017,2017-03-27,2020-03-26,4
501319,101160,Marka-A,A-SUV,2023,2023-02-01,2026-01-31,86
501320,101161,Marka-B,B-Hatch,2018,2018-06-11,2020-06-10,11
501321,101162,Marka-A,A-Sedan,2022,2022-02-16,2025-02-15,14
501322,101163,Marka-B,B-Crossover,2022,2022-05-17,2027-05-16,0
501323,101164,Marka-B,B-Crossover,2014,2014-02-20,2019-02-19,21
501324,101165,Marka-A,A-Compact,2019,2019-03-09,2022-03-08,21
501325,101166,Marka-B,B-Hatch,2025,2025-07-08,2027-07-08,25
501326,101167,Marka-A,A-Sedan,2015,2015-07-27,2020-07-25,80
501327,101168,Marka-C,C-Mini,2019,2019-12-20,2021-12-19,27
501328,101169,Marka-A,A-Sedan,2014,2014-04-04,2017-04-03,66
501329,101169,Marka-C,C-Van,2015,2015-05-23,2020-05-21,66
501330,101170,Marka-B,B-Hatch,2015,2015-09-04,2020-09-02,23
501331,101171,Marka-A,A-Sedan,2019,2019-12-24,2022-12-23,57
501332,101172,Marka-A,A-SUV,2015,2015-01-05,2018-01-04,10
501333,101173,Marka-A,A-Compact,2013,2013-08-22,2015-08-22,40
501334,101174,Marka-A,A-SUV,2016,2016-08-25,2019-08-25,0
501335,101175,Marka-B,B-Hatch,2025,2025-03-04,2030-03-03,31
501336,101176,Marka-B,B-Crossover,2018,2018-05-05,2020-05-04,5
501337,101177,Marka-C,C-Van,2021,2021-10-02,2023-10-02,44
501338,101178,Marka-A,A-Compact,2025,2025-08-01,2030-07-31,21
501339,101179,Marka-C,C-Van,2022,2022-01-17,2025-01-16,50
501340,101180,Marka-B,B-Crossover,2018,2018-05-22,2021-05-21,37
501341,101181,Marka-B,B-Hatch,2014,2014-06-07,2017-06-06,0
501342,101181,Marka-A,A-Compact,2014,2014-05-04,2016-05-03,8
501343,101182,Marka-B,B-Hatch,2017,2017-06-04,2022-06-03,19
501344,101183,Marka-B,B-Crossover,2016,2016-09-20,2019-09-20,32
501345,101184,Marka-A,A-Compact,2023,2023-03-11,2025-03-10,19
501346,101184,Marka-C,C-Van,2021,2021-12-10,2023-12-10,64
501347,101185,Marka-A,A-Compact,2024,2024-12-09,2029-12-08,30
501348,101186,Marka-B,B-Touring,2019,2019-01-24,2024-01-23,23
501349,101187,Marka-A,A-Sedan,2018,2018-04-23,2021-04-22,14
501350,101187,Marka-C,C-Mini,2020,2020-04-17,2025-04-16,12
501351,101188,Marka-B,B-Crossover,2025,2025-09-19,2028-09-18,83
501352,101189,Marka-A,A-Sedan,2018,2018-02-17,2021-02-16,11
501353,101190,Marka-A,A-SUV,2013,2013-04-09,2016-04-08,78
501354,101190,Marka-B,B-Hatch,2016,2016-02-14,2018-02-13,34
501355,101191,Marka-B,B-Hatch,2017,2017-04-02,2022-04-01,0
501356,101192,Marka-B,B-Hatch,2021,2021-02-18,2024-02-18,56
501357,101193,Marka-B,B-Hatch,2015,2015-12-18,2017-12-17,47
501358,101194,Marka-B,B-Crossover,2022,2022-02-04,2027-02-03,6
501359,101195,Marka-A,A-Sedan,2023,2023-05-13,2026-05-12,33
501360,101196,Marka-A,A-Compact,2014,2014-07-13,2017-07-12,57
501361,101197,Marka-A,A-SUV,2014,2014-11-08,2017-11-07,29
501362,101198,Marka-A,A-Sedan,2013,2013-10-13,2016-10-12,60
501363,101199,Marka-A,A-Compact,2023,2023-09-23,2025-09-22,31
501364,101200,Marka-A,A-Compact,2020,2020-05-14,2022-05-14,3
501365,101201,Marka-B,B-Hatch,2021,2021-05-11,2024-05-10,18
501366,101202,Marka-C,C-Mini,2016,2016-10-08,2018-10-08,57
501367,101203,Marka-A,A-Sedan,2019,2019-07-23,2022-07-22,56
501368,101204,Marka-B,B-Hatch,2025,2025-10-01,2028-09-30,46
501369,101205,Marka-B,B-Crossover,2017,2017-06-25,2022-06-24,52
501370,101206,Marka-A,A-Compact,2015,2015-03-26,2018-03-25,45
501371,101207,Marka-C,C-Mini,2016,2016-09-22,2018-09-22,59
501372,101208,Marka-A,A-Compact,2023,2023-04-11,2025-04-10,98
501373,101209,Marka-B,B-Hatch,2015,2015-05-07,2017-05-06,53
501374,101210,Marka-A,A-Sedan,2017,2017-11-18,2020-11-17,51
501375,101211,Marka-A,A-Compact,2016,2016-08-04,2019-08-04,22
501376,101211,Marka-B,B-Crossover,2013,2013-11-01,2015-11-01,7
501377,101212,Marka-B,B-Touring,2014,2014-05-10,2017-05-09,49
501378,101213,Marka-B,B-Hatch,2013,2013-09-12,2016-09-11,12
501379,101214,Marka-A,A-Sedan,2013,2013-02-15,2016-02-15,33
501380,101215,Marka-C,C-Van,2013,2013-07-20,2015-07-20,0
501381,101216,Marka-C,C-Mini,2015,2015-11-13,2017-11-12,92
501382,101217,Marka-A,A-Compact,2016,2016-02-02,2019-02-01,0
501383,101218,Marka-B,B-Hatch,2019,2019-05-12,2022-05-11,7
501384,101219,Marka-C,C-Mini,2015,2015-11-08,2017-11-07,19
501385,101220,Marka-C,C-Van,2021,2021-03-23,2024-03-22,0
501386,101221,Marka-A,A-SUV,2025,2025-10-18,2028-10-17,69
501387,101222,Marka-A,A-Compact,2025,2025-09-26,2027-09-26,61
501388,101223,Marka-A,A-SUV,2023,2023-08-10,2028-08-08,19
501389,101224,Marka-A,A-Sedan,2019,2019-08-17,2022-08-16,36
501390,101225,Marka-A,A-Sedan,2017,2017-03-22,2022-03-21,86
501391,101226,Marka-A,A-Compact,2016,2016-04-11,2021-04-10,15
501392,101227,Marka-A,A-Compact,2019,2019-02-26,2024-02-25,0
501393,101228,Marka-A,A-Sedan,2021,2021-02-05,2024-02-05,46
501394,101229,Marka-A,A-Sedan,2025,2025-12-20,2028-12-19,42
501395,101230,Marka-C,C-Van,2025,2025-02-02,2028-02-02,38
501396,101231,Marka-A,A-SUV,2022,2022-03-11,2025-03-10,58
501397,101232,Marka-A,A-SUV,2013,2013-01-27,2016-01-27,43
501398,101233,Marka-C,C-Van,2019,2019-08-17,2021-08-16,0
501399,101234,Marka-B,B-Hatch,2021,2021-04-13,2023-04-13,0
501400,101235,Marka-A,A-Compact,2016,2016-12-06,2019-12-06,0
501401,101236,Marka-A,A-SUV,2017,2017-01-04,2020-01-04,0
501402,101237,Marka-A,A-SUV,2025,2025-11-07,2028-11-06,0
501403,101238,Marka-C,C-Van,2019,2019-10-19,2022-10-18,49
501404,101239,Marka-C,C-Mini,2013,2013-09-21,2015-09-21,33
501405,101240,Marka-A,A-SUV,2019,2019-02-18,2022-02-17,54
501406,101241,Marka-B,B-Touring,2013,2013-03-20,2015-03-20,0
501407,101242,Marka-A,A-SUV,2017,2017-12-13,2019-12-13,0
501408,101243,Marka-B,B-Hatch,2019,2019-07-22,2021-07-21,0
501409,101243,Marka-A,A-Sedan,2016,2016-02-12,2019-02-11,0
501410,101244,Marka-A,A-SUV,2025,2025-03-08,2028-03-07,22
501411,101244,Marka-B,B-Crossover,2019,2019-04-23,2024-04-21,22
501412,101245,Marka-A,A-Sedan,2021,2021-11-15,2024-11-14,65
501413,101246,Marka-C,C-Mini,2019,2019-04-04,2022-04-03,37
501414,101247,Marka-A,A-Compact,2024,2024-09-15,2027-09-15,65
501415,101248,Marka-A,A-Sedan,2014,2014-02-11,2016-02-11,42
501416,101248,Marka-B,B-Crossover,2020,2020-11-27,2022-11-27,14
501417,101249,Marka-A,A-Sedan,2018,2018-09-16,2021-09-15,35
501418,101250,Marka-B,B-Crossover,2019,2019-10-02,2022-10-01,32
501419,101251,Marka-A,A-SUV,2022,2022-08-01,2025-07-31,51
501420,101252,Marka-A,A-SUV,2023,2023-03-15,2025-03-14,19
501421,101253,Marka-B,B-Touring,2013,2013-03-20,2015-03-20,0
501422,101253,Marka-A,A-Sedan,2019,2019-09-12,2024-09-10,20
501423,101254,Marka-A,A-SUV,2025,2025-10-06,2028-10-05,70
501424,101255,Marka-A,A-Sedan,2019,2019-01-07,2022-01-06,37
501425,101256,Marka-A,A-Sedan,2018,2018-12-23,2021-12-22,42
501426,101257,Marka-A,A-Compact,2018,2018-09-18,2023-09-17,41
501427,101258,Marka-B,B-Touring,2023,2023-12-22,2025-12-21,16
501428,101259,Marka-C,C-Mini,2014,2014-06-11,2019-06-10,32
501429,101260,Marka-B,B-Touring,2025,2025-08-09,2027-08-09,14
501430,101261,Marka-C,C-Van,2020,2020-10-19,2022-10-19,42
501431,101262,Marka-A,A-Sedan,2016,2016-11-24,2018-11-24,37
501432,101263,Marka-A,A-SUV,2021,2021-05-10,2024-05-09,50
501433,101264,Marka-A,A-Sedan,2024,2024-04-06,2027-04-06,49
501434,101265,Marka-C,C-Mini,2015,2015-12-06,2018-12-05,40
501435,101265,Marka-A,A-Compact,2019,2019-11-14,2021-11-13,0
501436,101266,Marka-B,B-Crossover,2019,2019-04-03,2021-04-02,33
501437,101266,Marka-A,A-Compact,2021,2021-06-25,2026-06-24,29
501438,101267,Marka-A,A-Sedan,2013,2013-10-20,2016-10-19,32
501439,101268,Marka-A,A-SUV,2022,2022-03-07,2027-03-06,19
501440,101269,Marka-C,C-Van,2020,2020-05-08,2022-05-08,7
501441,101270,Marka-B,B-Touring,2023,2023-11-18,2026-11-17,53
501442,101270,Marka-A,A-Compact,2014,2014-06-02,2016-06-01,29
501443,101271,Marka-A,A-SUV,2019,2019-10-24,2022-10-23,13
501444,101272,Marka-B,B-Crossover,2025,2025-02-22,2028-02-22,67
501445,101273,Marka-A,A-Compact,2020,2020-07-08,2022-07-08,44
501446,101273,Marka-A,A-Sedan,2017,2017-03-07,2022-03-06,38
501447,101274,Marka-A,A-Sedan,2021,2021-08-09,2023-08-09,39
501448,101275,Marka-B,B-Touring,2021,2021-10-23,2023-10-23,36
501449,101276,Marka-B,B-Crossover,2023,2023-09-14,2025-09-13,38
501450,101277,Marka-A,A-Compact,2018,2018-11-03,2021-11-02,35
501451,101278,Marka-A,A-Compact,2020,2020-12-19,2022-12-19,32
501452,101279,Marka-B,B-Touring,2016,2016-12-21,2018-12-21,33
501453,101280,Marka-A,A-Compact,2022,2022-04-24,2024-04-23,30
501454,101281,Marka-A,A-Compact,2018,2018-11-21,2023-11-20,7
501455,101281,Marka-A,A-SUV,2022,2022-04-27,2025-04-26,45
501456,101282,Marka-C,C-Mini,2024,2024-01-22,2029-01-20,77
501457,101282,Marka-C,C-Van,2016,2016-12-12,2019-12-12,16
501458,101283,Marka-A,A-SUV,2021,2021-05-09,2024-05-08,14
501459,101283,Marka-A,A-SUV,2016,2016-10-21,2019-10-21,41
501460,101284,Marka-C,C-Mini,2021,2021-10-09,2026-10-08,44
501461,101285,Marka-C,C-Mini,2021,2021-12-15,2023-12-15,44
501462,101285,Marka-B,B-Hatch,2021,2021-08-24,2024-08-23,35
501463,101286,Marka-A,A-Sedan,2019,2019-05-26,2022-05-25,54
501464,101287,Marka-C,C-Van,2017,2017-08-14,2020-08-13,6
501465,101288,Marka-B,B-Hatch,2023,2023-02-15,2025-02-14,27
501466,101289,Marka-B,B-Hatch,2019,2019-12-16,2021-12-15,23
501467,101290,Marka-C,C-Mini,2018,2018-05-21,2020-05-20,50
501468,101291,Marka-A,A-SUV,2025,2025-05-15,2028-05-14,33
501469,101292,Marka-C,C-Van,2017,2017-05-01,2020-04-30,32
501470,101293,Marka-A,A-SUV,2017,2017-07-02,2020-07-01,9
501471,101294,Marka-C,C-Van,2024,2024-07-06,2027-07-06,49
501472,101295,Marka-A,A-SUV,2018,2018-05-19,2021-05-18,31
501473,101296,Marka-B,B-Hatch,2015,2015-01-18,2017-01-17,3
501474,101297,Marka-B,B-Crossover,2013,2013-03-21,2016-03-20,33
501475,101298,Marka-B,B-Crossover,2023,2023-10-01,2026-09-30,34
501476,101299,Marka-A,A-Compact,2013,2013-08-23,2015-08-23,5
501477,101299,Marka-C,C-Van,2025,2025-09-21,2030-09-20,0
501478,101300,Marka-A,A-Compact,2020,2020-02-12,2023-02-11,8
501479,101301,Marka-A,A-Sedan,2017,2017-11-05,2022-11-04,45
501480,101302,Marka-A,A-Sedan,2023,2023-06-19,2028-06-17,53
501481,101303,Marka-A,A-Sedan,2022,2022-06-06,2025-06-05,14
501482,101304,Marka-B,B-Crossover,2019,2019-08-07,2024-08-05,31
501483,101305,Marka-A,A-Compact,2023,2023-11-24,2026-11-23,54
501484,101305,Marka-B,B-Touring,2019,2019-02-03,2022-02-02,0
501485,101306,Marka-C,C-Mini,2017,2017-03-19,2022-03-18,0
501486,101307,Marka-A,A-SUV,2016,2016-03-14,2019-03-14,0
501487,101308,Marka-B,B-Touring,2020,2020-08-05,2022-08-05,32
501488,101309,Marka-A,A-SUV,2018,2018-07-03,2021-07-02,0
501489,101310,Marka-A,A-SUV,2019,2019-09-12,2022-09-11,51
501490,101310,Marka-B,B-Hatch,2025,2025-03-08,2030-03-07,4
501491,101311,Marka-A,A-Compact,2015,2015-10-01,2018-09-30,6
501492,101312,Marka-B,B-Crossover,2022,2022-10-17,2025-10-16,30
501493,101313,Marka-A,A-Compact,2017,2017-12-18,2020-12-17,23
501494,101314,Marka-A,A-Compact,2013,2013-03-07,2018-03-06,29
501495,101315,Marka-C,C-Van,2019,2019-06-17,2022-06-16,0
501496,101316,Marka-A,A-Sedan,2021,2021-05-24,2024-05-23,55
501497,101317,Marka-A,A-SUV,2015,2015-11-06,2020-11-04,38
501498,101318,Marka-B,B-Hatch,2013,2013-02-18,2016-02-18,27
501499,101319,Marka-A,A-Compact,2014,2014-03-22,2017-03-21,46
501500,101319,Marka-C,C-Van,2013,2013-09-12,2016-09-11,34
501501,101320,Marka-C,C-Van,2015,2015-07-20,2018-07-19,90
501502,101321,Marka-C,C-Mini,2022,2022-10-05,2024-10-04,35
501503,101322,Marka-A,A-SUV,2017,2017-07-12,2019-07-12,58
501504,101323,Marka-B,B-Crossover,2020,2020-01-08,2022-01-07,37
501505,101324,Marka-B,B-Crossover,2020,2020-03-17,2022-03-17,48
501506,101325,Marka-A,A-SUV,2017,2017-08-05,2020-08-04,19
501507,101326,Marka-A,A-Compact,2023,2023-07-15,2028-07-13,55
501508,101327,Marka-A,A-Sedan,2025,2025-12-05,2030-12-04,76
501509,101328,Marka-B,B-Crossover,2020,2020-01-13,2023-01-12,37
501510,101329,Marka-B,B-Touring,2016,2016-02-23,2019-02-22,28
501511,101330,Marka-A,A-Compact,2016,2016-04-09,2018-04-09,64
501512,101331,Marka-A,A-Sedan,2023,2023-01-07,2026-01-06,0
501513,101332,Marka-B,B-Crossover,2018,2018-12-13,2023-12-12,24
501514,101333,Marka-B,B-Crossover,2023,2023-10-05,2026-10-04,11
501515,101334,Marka-A,A-Compact,2019,2019-07-17,2022-07-16,8
501516,101335,Marka-A,A-Sedan,2022,2022-02-23,2025-02-22,32
501517,101336,Marka-A,A-Compact,2016,2016-09-19,2019-09-19,0
501518,101337,Marka-A,A-SUV,2020,2020-11-06,2023-11-06,17
501519,101338,Marka-B,B-Hatch,2017,2017-12-04,2019-12-04,82
501520,101339,Marka-A,A-Sedan,2023,2023-06-20,2026-06-19,22
501521,101340,Marka-A,A-Sedan,2018,2018-09-22,2021-09-21,32
501522,101341,Marka-B,B-Touring,2013,2013-10-17,2018-10-16,29
501523,101342,Marka-A,A-SUV,2020,2020-09-02,2025-09-01,70
501524,101343,Marka-A,A-Sedan,2013,2013-12-26,2016-12-25,18
501525,101344,Marka-B,B-Hatch,2022,2022-10-21,2027-10-20,3
501526,101345,Marka-B,B-Touring,2024,2024-10-07,2027-10-07,14
501527,101346,Marka-A,A-Compact,2019,2019-03-04,2021-03-03,17
501528,101346,Marka-A,A-Sedan,2020,2020-02-27,2025-02-25,20
501529,101347,Marka-B,B-Hatch,2014,2014-01-01,2016-12-31,0
501530,101348,Marka-C,C-Van,2016,2016-01-17,2019-01-16,44
501531,101349,Marka-C,C-Van,2023,2023-11-23,2028-11-21,27
501532,101349,Marka-A,A-SUV,2013,2013-01-16,2018-01-15,29
501533,101350,Marka-B,B-Hatch,2013,2013-09-18,2018-09-17,67
501534,101351,Marka-A,A-Compact,2024,2024-11-17,2026-11-17,22
501535,101351,Marka-A,A-SUV,2022,2022-02-18,2025-02-17,25
501536,101352,Marka-A,A-Sedan,2013,2013-06-15,2016-06-14,20
501537,101353,Marka-B,B-Hatch,2019,2019-10-06,2022-10-05,52
501538,101354,Marka-A,A-Compact,2014,2014-10-15,2016-10-14,27
501539,101354,Marka-A,A-Sedan,2025,2025-05-12,2030-05-11,19
501540,101355,Marka-A,A-Compact,2018,2018-09-11,2021-09-10,35
501541,101356,Marka-B,B-Hatch,2020,2020-02-03,2022-02-02,10
501542,101357,Marka-A,A-Sedan,2020,2020-03-22,2022-03-22,43
501543,101358,Marka-A,A-Sedan,2016,2016-11-07,2021-11-06,28
501544,101359,Marka-B,B-Touring,2016,2016-12-12,2019-12-12,28
501545,101360,Marka-A,A-Sedan,2017,2017-06-12,2020-06-11,48
501546,101361,Marka-A,A-Compact,2013,2013-01-19,2016-01-19,35
501547,101362,Marka-B,B-Touring,2018,2018-12-12,2021-12-11,27
501548,101363,Marka-C,C-Mini,2019,2019-09-01,2022-08-31,56
501549,101364,Marka-A,A-Sedan,2019,2019-07-03,2022-07-02,0
501550,101365,Marka-C,C-Mini,2024,2024-07-22,2027-07-22,54
501551,101366,Marka-C,C-Mini,2023,2023-06-08,2028-06-06,34
501552,101366,Marka-B,B-Hatch,2014,2014-09-26,2017-09-25,11
501553,101367,Marka-B,B-Touring,2013,2013-04-23,2018-04-22,54
501554,101368,Marka-B,B-Hatch,2017,2017-08-08,2019-08-08,31
501555,101369,Marka-B,B-Touring,2016,2016-07-06,2019-07-06,20
501556,101370,Marka-B,B-Hatch,2024,2024-08-06,2029-08-05,62
501557,101371,Marka-B,B-Hatch,2022,2022-02-18,2027-02-17,44
501558,101372,Marka-A,A-Compact,2018,2018-06-12,2021-06-11,0
501559,101372,Marka-C,C-Van,2014,2014-02-13,2017-02-12,55
501560,101373,Marka-A,A-Compact,2025,2025-02-23,2028-02-23,90
501561,101374,Marka-A,A-Sedan,2022,2022-12-03,2025-12-02,32
501562,101374,Marka-B,B-Touring,2020,2020-09-14,2022-09-14,23
501563,101375,Marka-B,B-Touring,2019,2019-12-02,2022-12-01,28
501564,101375,Marka-C,C-Mini,2015,2015-11-26,2018-11-25,14
501565,101376,Marka-A,A-SUV,2013,2013-12-18,2018-12-17,14
501566,101376,Marka-A,A-Compact,2021,2021-06-20,2024-06-19,36
501567,101377,Marka-A,A-Sedan,2017,2017-10-13,2022-10-12,34
501568,101378,Marka-B,B-Touring,2022,2022-09-21,2027-09-20,84
501569,101379,Marka-C,C-Van,2023,2023-08-11,2026-08-10,0
501570,101380,Marka-A,A-Compact,2018,2018-03-16,2023-03-15,6
501571,101381,Marka-B,B-Touring,2023,2023-11-10,2025-11-09,14
501572,101382,Marka-B,B-Crossover,2024,2024-10-25,2026-10-25,32
501573,101382,Marka-C,C-Mini,2025,2025-08-27,2027-08-27,46
501574,101383,Marka-A,A-SUV,2020,2020-03-16,2023-03-16,34
501575,101384,Marka-B,B-Touring,2014,2014-08-19,2016-08-18,29
501576,101385,Marka-B,B-Hatch,2016,2016-10-11,2019-10-11,29
501577,101386,Marka-B,B-Touring,2024,2024-04-20,2029-04-19,48
501578,101387,Marka-C,C-Van,2021,2021-01-14,2026-01-13,0
501579,101388,Marka-C,C-Mini,2021,2021-09-23,2026-09-22,40
501580,101389,Marka-C,C-Van,2021,2021-12-16,2024-12-15,27
501581,101390,Marka-A,A-SUV,2020,2020-06-11,2023-06-11,50
501582,101391,Marka-A,A-Sedan,2021,2021-11-15,2024-11-14,5
501583,101392,Marka-B,B-Touring,2013,2013-03-19,2018-03-18,58
501584,101393,Marka-A,A-Sedan,2017,2017-08-23,2022-08-22,6
501585,101393,Marka-B,B-Touring,2017,2017-03-13,2019-03-13,10
501586,101394,Marka-A,A-Sedan,2017,2017-03-09,2022-03-08,37
501587,101395,Marka-B,B-Touring,2018,2018-02-09,2023-02-08,35
501588,101396,Marka-B,B-Touring,2014,2014-03-16,2017-03-15,19
501589,101397,Marka-B,B-Touring,2022,2022-07-02,2024-07-01,49
501590,101398,Marka-B,B-Crossover,2013,2013-04-24,2016-04-23,0
501591,101398,Marka-B,B-Touring,2023,2023-05-25,2026-05-24,52
501592,101399,Marka-A,A-Compact,2016,2016-09-03,2018-09-03,44
501593,101399,Marka-B,B-Crossover,2015,2015-01-06,2018-01-05,80
501594,101400,Marka-B,B-Crossover,2019,2019-10-23,2022-10-22,55
501595,101401,Marka-A,A-Sedan,2016,2016-05-15,2018-05-15,11
501596,101402,Marka-A,A-Compact,2017,2017-07-15,2020-07-14,39
501597,101403,Marka-B,B-Hatch,2018,2018-08-25,2021-08-24,39
501598,101404,Marka-B,B-Crossover,2017,2017-10-25,2022-10-24,0
501599,101405,Marka-B,B-Touring,2023,2023-01-17,2028-01-16,9
501600,101406,Marka-B,B-Hatch,2022,2022-04-08,2024-04-07,12
501601,101407,Marka-B,B-Hatch,2020,2020-05-12,2022-05-12,65
501602,101408,Marka-B,B-Hatch,2023,2023-07-27,2028-07-25,19
501603,101409,Marka-B,B-Touring,2023,2023-09-25,2028-09-23,42
501604,101410,Marka-A,A-Sedan,2023,2023-10-06,2025-10-05,42
501605,101411,Marka-A,A-SUV,2013,2013-11-05,2016-11-04,47
501606,101412,Marka-A,A-Compact,2021,2021-07-20,2024-07-19,51
501607,101412,Marka-C,C-Mini,2022,2022-05-11,2024-05-10,17
501608,101413,Marka-A,A-Sedan,2018,2018-02-06,2021-02-05,34
501609,101414,Marka-A,A-Sedan,2015,2015-04-23,2017-04-22,48
501610,101414,Marka-B,B-Touring,2013,2013-05-14,2018-05-13,23
501611,101415,Marka-C,C-Mini,2016,2016-07-21,2019-07-21,43
501612,101416,Marka-B,B-Crossover,2015,2015-01-01,2017-12-31,44
501613,101416,Marka-B,B-Hatch,2021,2021-02-18,2024-02-18,10
501614,101417,Marka-C,C-Van,2024,2024-02-05,2027-02-04,33
501615,101418,Marka-A,A-SUV,2015,2015-06-01,2017-05-31,41
501616,101419,Marka-A,A-SUV,2018,2018-07-20,2021-07-19,25
501617,101420,Marka-B,B-Crossover,2021,2021-04-04,2024-04-03,97
501618,101421,Marka-B,B-Touring,2025,2025-08-27,2027-08-27,35
501619,101422,Marka-C,C-Van,2020,2020-08-08,2022-08-08,85
501620,101423,Marka-B,B-Touring,2017,2017-05-23,2019-05-23,63
501621,101424,Marka-A,A-Sedan,2023,2023-10-26,2028-10-24,53
501622,101425,Marka-A,A-SUV,2016,2016-04-26,2018-04-26,72
501623,101426,Marka-B,B-Crossover,2024,2024-11-11,2029-11-10,0
501624,101427,Marka-A,A-Sedan,2025,2025-12-14,2028-12-13,95
501625,101427,Marka-B,B-Crossover,2018,2018-05-02,2021-05-01,7
501626,101428,Marka-A,A-SUV,2022,2022-10-27,2027-10-26,82
501627,101429,Marka-B,B-Touring,2024,2024-12-24,2027-12-24,20
501628,101430,Marka-A,A-Sedan,2017,2017-11-03,2022-11-02,0
501629,101431,Marka-C,C-Van,2018,2018-12-27,2023-12-26,1
501630,101432,Marka-C,C-Mini,2014,2014-10-15,2016-10-14,40
501631,101433,Marka-A,A-Sedan,2020,2020-07-12,2023-07-12,0
501632,101433,Marka-C,C-Van,2017,2017-03-25,2020-03-24,40
501633,101434,Marka-C,C-Van,2019,2019-06-12,2021-06-11,27
501634,101435,Marka-A,A-SUV,2025,2025-07-12,2030-07-11,1
501635,101436,Marka-B,B-Crossover,2013,2013-10-13,2015-10-13,49
501636,101437,Marka-A,A-Sedan,2024,2024-07-07,2026-07-07,56
501637,101438,Marka-B,B-Crossover,2021,2021-10-07,2023-10-07,58
501638,101438,Marka-C,C-Mini,2019,2019-01-18,2022-01-17,23
501639,101439,Marka-A,A-SUV,2022,2022-10-21,2025-10-20,28
501640,101440,Marka-C,C-Van,2021,2021-09-03,2024-09-02,51
501641,101441,Marka-A,A-Compact,2025,2025-09-08,2027-09-08,0
501642,101442,Marka-B,B-Touring,2022,2022-06-03,2024-06-02,35
501643,101443,Marka-A,A-Compact,2015,2015-02-16,2017-02-15,55
501644,101444,Marka-B,B-Touring,2025,2025-06-13,2027-06-13,20
501645,101445,Marka-A,A-Sedan,2021,2021-03-12,2024-03-11,7
501646,101446,Marka-A,A-SUV,2022,2022-03-10,2025-03-09,5
501647,101447,Marka-B,B-Crossover,2021,2021-02-17,2023-02-17,23
501648,101448,Marka-C,C-Mini,2014,2014-08-23,2017-08-22,23
501649,101449,Marka-A,A-Compact,2013,2013-10-27,2018-10-26,64
501650,101450,Marka-B,B-Hatch,2023,2023-01-24,2026-01-23,62
501651,101450,Marka-B,B-Crossover,2015,2015-09-27,2018-09-26,42
501652,101451,Marka-A,A-SUV,2017,2017-10-14,2022-10-13,4
501653,101451,Marka-A,A-Sedan,2025,2025-12-15,2028-12-14,25
501654,101452,Marka-B,B-Hatch,2019,2019-06-06,2021-06-05,48
501655,101453,Marka-A,A-SUV,2015,2015-10-26,2020-10-24,41
501656,101454,Marka-C,C-Van,2013,2013-05-09,2016-05-08,4
501657,101455,Marka-A,A-SUV,2025,2025-03-22,2028-03-21,84
501658,101456,Marka-B,B-Crossover,2020,2020-09-17,2023-09-17,54
501659,101456,Marka-B,B-Crossover,2014,2014-11-04,2019-11-03,18
501660,101457,Marka-B,B-Hatch,2024,2024-02-19,2027-02-18,42
501661,101458,Marka-C,C-Van,2015,2015-12-13,2017-12-12,14
501662,101459,Marka-B,B-Hatch,2023,2023-08-20,2026-08-19,53
501663,101459,Marka-B,B-Crossover,2024,2024-02-14,2027-02-13,18
501664,101460,Marka-A,A-SUV,2024,2024-02-25,2027-02-24,19
501665,101461,Marka-A,A-Sedan,2018,2018-02-17,2021-02-16,57
501666,101462,Marka-C,C-Mini,2025,2025-09-19,2030-09-18,0
501667,101463,Marka-A,A-SUV,2024,2024-07-24,2027-07-24,30
501668,101463,Marka-C,C-Mini,2017,2017-06-27,2020-06-26,45
501669,101464,Marka-B,B-Hatch,2013,2013-08-13,2015-08-13,89
501670,101465,Marka-A,A-Compact,2022,2022-09-23,2025-09-22,21
501671,101466,Marka-A,A-Sedan,2015,2015-02-11,2020-02-10,56
501672,101467,Marka-A,A-Compact,2020,2020-07-01,2022-07-01,78
501673,101468,Marka-A,A-Sedan,2016,2016-12-07,2021-12-06,30
501674,101469,Marka-C,C-Van,2016,2016-09-21,2018-09-21,26
501675,101470,Marka-B,B-Touring,2024,2024-07-14,2027-07-14,0
501676,101470,Marka-A,A-Sedan,2021,2021-02-27,2024-02-27,36
501677,101471,Marka-A,A-Compact,2020,2020-12-24,2022-12-24,29
501678,101472,Marka-A,A-SUV,2025,2025-03-23,2030-03-22,0
501679,101473,Marka-B,B-Crossover,2013,2013-11-08,2018-11-07,41
501680,101474,Marka-C,C-Van,2013,2013-07-20,2016-07-19,46
501681,101475,Marka-B,B-Touring,2019,2019-01-17,2022-01-16,7
501682,101476,Marka-B,B-Hatch,2020,2020-04-06,2025-04-05,7
501683,101477,Marka-A,A-Compact,2016,2016-01-11,2018-01-10,3
501684,101478,Marka-A,A-Sedan,2024,2024-12-17,2026-12-17,63
501685,101479,Marka-A,A-SUV,2018,2018-03-20,2020-03-19,42
501686,101480,Marka-B,B-Touring,2020,2020-07-24,2025-07-23,35
501687,101481,Marka-A,A-Compact,2016,2016-03-06,2019-03-06,0
501688,101482,Marka-B,B-Hatch,2023,2023-06-03,2025-06-02,44
501689,101482,Marka-A,A-SUV,2013,2013-01-10,2016-01-10,69
501690,101483,Marka-B,B-Touring,2014,2014-05-15,2016-05-14,25
501691,101484,Marka-A,A-Sedan,2020,2020-05-18,2023-05-18,22
501692,101485,Marka-A,A-Sedan,2025,2025-01-24,2030-01-23,30
501693,101486,Marka-B,B-Hatch,2020,2020-07-17,2023-07-17,11
501694,101487,Marka-B,B-Touring,2022,2022-09-21,2025-09-20,30
501695,101488,Marka-C,C-Van,2013,2013-06-01,2015-06-01,35
501696,101489,Marka-B,B-Touring,2013,2013-12-20,2016-12-19,0
501697,101489,Marka-A,A-Compact,2016,2016-08-15,2019-08-15,52
501698,101490,Marka-A,A-Compact,2016,2016-05-14,2018-05-14,15
501699,101491,Marka-B,B-Crossover,2019,2019-12-22,2024-12-20,7
501700,101492,Marka-B,B-Touring,2024,2024-03-20,2027-03-20,0
501701,101493,Marka-A,A-Sedan,2020,2020-08-14,2022-08-14,3
501702,101494,Marka-C,C-Van,2019,2019-01-14,2022-01-13,29
501703,101494,Marka-B,B-Crossover,2022,2022-04-02,2025-04-01,41
501704,101495,Marka-A,A-SUV,2022,2022-08-12,2025-08-11,8
501705,101496,Marka-A,A-SUV,2013,2013-05-04,2016-05-03,23
501706,101497,Marka-A,A-Sedan,2013,2013-06-01,2016-05-31,16
501707,101497,Marka-A,A-SUV,2014,2014-09-20,2016-09-19,39
501708,101498,Marka-A,A-Sedan,2021,2021-09-07,2024-09-06,24
501709,101499,Marka-A,A-SUV,2022,2022-06-10,2025-06-09,15
501710,101500,Marka-B,B-Hatch,2022,2022-02-11,2024-02-11,0
501711,101501,Marka-B,B-Crossover,2022,2022-02-20,2027-02-19,22
501712,101502,Marka-A,A-SUV,2014,2014-09-07,2017-09-06,32
501713,101503,Marka-A,A-Compact,2014,2014-09-24,2017-09-23,16
501714,101504,Marka-B,B-Touring,2022,2022-02-26,2024-02-26,47
501715,101505,Marka-B,B-Touring,2016,2016-04-08,2018-04-08,64
501716,101506,Marka-A,A-Sedan,2016,2016-06-08,2019-06-08,38
501717,101507,Marka-A,A-Sedan,2023,2023-12-23,2025-12-22,0
501718,101508,Marka-B,B-Touring,2015,2015-10-01,2018-09-30,10
501719,101508,Marka-C,C-Mini,2018,2018-12-07,2021-12-06,18
501720,101509,Marka-C,C-Mini,2018,2018-11-04,2021-11-03,16
501721,101510,Marka-A,A-Compact,2019,2019-08-19,2022-08-18,14
501722,101511,Marka-B,B-Touring,2019,2019-06-21,2021-06-20,31
501723,101512,Marka-C,C-Van,2017,2017-03-01,2020-02-29,14
501724,101513,Marka-A,A-Compact,2017,2017-10-26,2022-10-25,50
501725,101514,Marka-A,A-Sedan,2017,2017-06-18,2022-06-17,35
501726,101515,Marka-A,A-Sedan,2024,2024-03-27,2027-03-27,10
501727,101516,Marka-A,A-SUV,2017,2017-10-02,2019-10-02,7
501728,101516,Marka-B,B-Hatch,2023,2023-03-03,2028-03-01,65
501729,101517,Marka-B,B-Touring,2016,2016-07-08,2019-07-08,55
501730,101518,Marka-C,C-Van,2022,2022-11-25,2024-11-24,80
501731,101519,Marka-C,C-Mini,2017,2017-01-26,2022-01-25,102
501732,101520,Marka-B,B-Touring,2017,2017-07-04,2020-07-03,49
501733,101521,Marka-B,B-Touring,2016,2016-04-14,2021-04-13,8
501734,101521,Marka-C,C-Van,2015,2015-03-25,2018-03-24,37
501735,101522,Marka-B,B-Touring,2015,2015-07-16,2018-07-15,23
501736,101523,Marka-B,B-Hatch,2020,2020-02-10,2023-02-09,33
501737,101524,Marka-B,B-Hatch,2022,2022-11-27,2025-11-26,21
501738,101525,Marka-C,C-Van,2015,2015-05-25,2018-05-24,17
501739,101526,Marka-B,B-Hatch,2022,2022-11-23,2025-11-22,0
501740,101527,Marka-B,B-Crossover,2024,2024-08-02,2027-08-02,25
501741,101528,Marka-C,C-Van,2022,2022-07-20,2027-07-19,39
501742,101529,Marka-B,B-Touring,2015,2015-02-13,2018-02-12,0
501743,101530,Marka-A,A-SUV,2016,2016-10-03,2021-10-02,0
501744,101531,Marka-A,A-Sedan,2020,2020-12-09,2025-12-08,10
501745,101532,Marka-A,A-SUV,2021,2021-06-14,2023-06-14,16
501746,101533,Marka-A,A-SUV,2023,2023-07-13,2026-07-12,25
501747,101534,Marka-A,A-SUV,2020,2020-03-04,2023-03-04,35
501748,101535,Marka-A,A-SUV,2023,2023-11-07,2025-11-06,34
501749,101536,Marka-B,B-Crossover,2024,2024-12-14,2026-12-14,89
501750,101537,Marka-B,B-Hatch,2022,2022-07-11,2025-07-10,58
501751,101538,Marka-B,B-Hatch,2014,2014-10-21,2017-10-20,25
501752,101539,Marka-A,A-Compact,2023,2023-04-04,2025-04-03,38
501753,101540,Marka-A,A-Sedan,2013,2013-06-07,2016-06-06,27
501754,101541,Marka-A,A-SUV,2018,2018-08-01,2020-07-31,0
501755,101542,Marka-B,B-Hatch,2016,2016-10-05,2019-10-05,83
501756,101543,Marka-A,A-Compact,2025,2025-11-01,2028-10-31,50
501757,101543,Marka-B,B-Hatch,2016,2016-12-02,2019-12-02,35
501758,101544,Marka-A,A-SUV,2019,2019-12-13,2021-12-12,0
501759,101545,Marka-B,B-Touring,2013,2013-11-25,2016-11-24,19
501760,101546,Marka-B,B-Crossover,2018,2018-01-27,2023-01-26,18
501761,101546,Marka-A,A-Compact,2015,2015-07-14,2018-07-13,0
501762,101547,Marka-A,A-SUV,2021,2021-09-23,2024-09-22,0
501763,101547,Marka-A,A-Compact,2021,2021-11-12,2023-11-12,24
501764,101548,Marka-A,A-Compact,2016,2016-03-03,2019-03-03,0
501765,101548,Marka-A,A-Sedan,2024,2024-06-01,2026-06-01,39
501766,101549,Marka-A,A-Sedan,2022,2022-05-11,2025-05-10,24
501767,101550,Marka-A,A-SUV,2024,2024-02-15,2027-02-14,30
501768,101551,Marka-C,C-Van,2024,2024-05-10,2026-05-10,15
501769,101552,Marka-C,C-Mini,2014,2014-04-14,2019-04-13,71
501770,101553,Marka-B,B-Hatch,2019,2019-08-07,2022-08-06,40
501771,101553,Marka-A,A-Sedan,2022,2022-07-08,2025-07-07,14
501772,101554,Marka-A,A-Compact,2015,2015-01-18,2020-01-17,37
501773,101554,Marka-A,A-Compact,2016,2016-10-16,2018-10-16,54
501774,101555,Marka-A,A-Compact,2023,2023-05-18,2025-05-17,9
501775,101555,Marka-B,B-Crossover,2016,2016-05-09,2019-05-09,11
501776,101556,Marka-B,B-Touring,2023,2023-06-27,2028-06-25,68
501777,101557,Marka-C,C-Van,2018,2018-03-22,2021-03-21,32
501778,101558,Marka-B,B-Touring,2025,2025-04-15,2027-04-15,35
501779,101559,Marka-B,B-Touring,2024,2024-07-25,2026-07-25,7
501780,101559,Marka-A,A-Compact,2014,2014-09-03,2017-09-02,6
501781,101560,Marka-B,B-Hatch,2022,2022-07-18,2025-07-17,0
501782,101561,Marka-B,B-Crossover,2020,2020-09-27,2023-09-27,24
501783,101562,Marka-C,C-Van,2019,2019-08-04,2022-08-03,2
501784,101563,Marka-A,A-SUV,2022,2022-06-07,2024-06-06,46
501785,101564,Marka-B,B-Touring,2018,2018-04-13,2021-04-12,64
501786,101565,Marka-A,A-SUV,2023,2023-07-10,2028-07-08,0
501787,101566,Marka-B,B-Touring,2022,2022-10-01,2025-09-30,40
501788,101567,Marka-B,B-Hatch,2018,2018-05-18,2020-05-17,26
501789,101568,Marka-B,B-Touring,2016,2016-12-05,2018-12-05,19
501790,101569,Marka-A,A-Compact,2014,2014-07-24,2017-07-23,0
501791,101570,Marka-A,A-SUV,2015,2015-04-13,2018-04-12,8
501792,101571,Marka-C,C-Van,2020,2020-05-09,2025-05-08,44
501793,101572,Marka-A,A-Sedan,2018,2018-01-16,2023-01-15,25
501794,101573,Marka-A,A-Sedan,2023,2023-03-02,2026-03-01,25
501795,101574,Marka-A,A-Compact,2015,2015-09-04,2018-09-03,41
501796,101575,Marka-B,B-Touring,2018,2018-01-12,2020-01-12,16
501797,101576,Marka-A,A-Sedan,2018,2018-02-16,2020-02-16,26
501798,101577,Marka-A,A-Sedan,2016,2016-05-19,2018-05-19,54
501799,101578,Marka-A,A-Compact,2017,2017-04-24,2020-04-23,25
501800,101579,Marka-C,C-Van,2024,2024-01-22,2027-01-21,19
501801,101580,Marka-A,A-SUV,2014,2014-12-10,2017-12-09,17
501802,101581,Marka-B,B-Touring,2021,2021-02-03,2024-02-03,71
501803,101582,Marka-A,A-Compact,2020,2020-11-27,2023-11-27,76
501804,101583,Marka-A,A-Sedan,2016,2016-04-13,2018-04-13,34
501805,101584,Marka-A,A-Compact,2017,2017-02-03,2022-02-02,60
501806,101584,Marka-B,B-Crossover,2025,2025-12-14,2028-12-13,35
501807,101585,Marka-B,B-Crossover,2013,2013-03-27,2018-03-26,58
501808,101585,Marka-A,A-Compact,2024,2024-09-06,2027-09-06,19
501809,101586,Marka-B,B-Hatch,2014,2014-07-14,2017-07-13,24
501810,101587,Marka-A,A-Compact,2023,2023-03-08,2026-03-07,56
501811,101587,Marka-C,C-Van,2019,2019-05-11,2024-05-09,41
501812,101588,Marka-A,A-SUV,2017,2017-09-21,2020-09-20,54
501813,101589,Marka-A,A-SUV,2023,2023-08-23,2028-08-21,45
501814,101590,Marka-B,B-Touring,2023,2023-06-09,2026-06-08,0
501815,101591,Marka-B,B-Crossover,2015,2015-07-10,2017-07-09,13
501816,101592,Marka-A,A-Sedan,2017,2017-02-14,2020-02-14,19
501817,101593,Marka-B,B-Crossover,2020,2020-09-18,2023-09-18,36
501818,101594,Marka-A,A-Sedan,2014,2014-03-18,2016-03-17,51
501819,101595,Marka-A,A-Compact,2015,2015-08-12,2020-08-10,0
501820,101596,Marka-A,A-Sedan,2014,2014-04-15,2017-04-14,60
501821,101597,Marka-A,A-Compact,2017,2017-12-25,2019-12-25,42
501822,101598,Marka-A,A-SUV,2025,2025-07-16,2027-07-16,36
501823,101599,Marka-A,A-Compact,2016,2016-02-04,2018-02-03,55
501824,101600,Marka-B,B-Touring,2017,2017-08-16,2020-08-15,7
501825,101601,Marka-A,A-Sedan,2020,2020-12-23,2023-12-23,50
501826,101602,Marka-B,B-Hatch,2022,2022-05-27,2024-05-26,61
501827,101603,Marka-A,A-SUV,2023,2023-10-15,2028-10-13,55
501828,101604,Marka-A,A-Compact,2023,2023-03-09,2025-03-08,2
501829,101605,Marka-A,A-SUV,2020,2020-11-03,2022-11-03,5
501830,101606,Marka-A,A-Sedan,2014,2014-10-15,2016-10-14,25
501831,101607,Marka-A,A-Sedan,2025,2025-01-25,2027-01-25,30
501832,101608,Marka-B,B-Touring,2024,2024-09-27,2027-09-27,31
501833,101608,Marka-B,B-Touring,2020,2020-10-12,2023-10-12,99
501834,101609,Marka-C,C-Mini,2015,2015-08-10,2018-08-09,15
501835,101610,Marka-A,A-SUV,2019,2019-09-14,2022-09-13,45
501836,101611,Marka-A,A-Sedan,2021,2021-10-09,2024-10-08,38
501837,101612,Marka-A,A-SUV,2016,2016-03-22,2019-03-22,20
501838,101613,Marka-B,B-Hatch,2025,2025-01-24,2028-01-24,33
501839,101614,Marka-B,B-Crossover,2018,2018-05-07,2020-05-06,36
501840,101615,Marka-C,C-Mini,2021,2021-02-06,2024-02-06,21
501841,101616,Marka-A,A-Sedan,2025,2025-12-18,2028-12-17,49
501842,101616,Marka-B,B-Touring,2013,2013-06-14,2016-06-13,47
501843,101617,Marka-C,C-Mini,2013,2013-03-18,2016-03-17,10
501844,101617,Marka-A,A-Sedan,2017,2017-12-12,2019-12-12,0
501845,101618,Marka-A,A-SUV,2023,2023-10-27,2025-10-26,19
501846,101619,Marka-A,A-SUV,2020,2020-02-08,2025-02-06,19
501847,101620,Marka-A,A-Sedan,2018,2018-07-01,2020-06-30,65
501848,101621,Marka-A,A-Sedan,2024,2024-01-26,2027-01-25,0
501849,101622,Marka-A,A-SUV,2021,2021-11-09,2024-11-08,102
501850,101623,Marka-A,A-SUV,2018,2018-02-20,2021-02-19,71
501851,101624,Marka-C,C-Van,2015,2015-03-21,2018-03-20,19
501852,101625,Marka-A,A-SUV,2025,2025-12-04,2028-12-03,0
501853,101625,Marka-C,C-Van,2023,2023-10-07,2026-10-06,42
501854,101626,Marka-A,A-SUV,2025,2025-11-15,2028-11-14,13
501855,101627,Marka-C,C-Mini,2013,2013-09-12,2016-09-11,10
501856,101628,Marka-A,A-Sedan,2020,2020-07-24,2023-07-24,0
501857,101629,Marka-A,A-SUV,2022,2022-03-02,2027-03-01,49
501858,101630,Marka-C,C-Van,2018,2018-10-05,2021-10-04,58
501859,101631,Marka-A,A-SUV,2020,2020-05-27,2025-05-26,33
501860,101632,Marka-B,B-Touring,2013,2013-07-18,2018-07-17,16
501861,101632,Marka-B,B-Touring,2019,2019-09-09,2022-09-08,0
501862,101633,Marka-A,A-Sedan,2018,2018-12-05,2020-12-04,16
501863,101634,Marka-A,A-Sedan,2021,2021-06-26,2026-06-25,21
501864,101634,Marka-A,A-SUV,2020,2020-08-03,2023-08-03,10
501865,101635,Marka-C,C-Van,2016,2016-10-16,2018-10-16,5
501866,101636,Marka-A,A-SUV,2020,2020-08-21,2025-08-20,51
501867,101637,Marka-B,B-Touring,2016,2016-09-18,2021-09-17,34
501868,101638,Marka-B,B-Touring,2017,2017-08-27,2019-08-27,40
501869,101639,Marka-A,A-Compact,2019,2019-12-12,2021-12-11,43
501870,101640,Marka-B,B-Touring,2018,2018-01-14,2021-01-13,4
501871,101640,Marka-C,C-Mini,2013,2013-01-27,2016-01-27,0
501872,101641,Marka-A,A-Sedan,2014,2014-01-04,2016-01-04,31
501873,101642,Marka-C,C-Van,2017,2017-02-19,2022-02-18,66
501874,101643,Marka-A,A-Compact,2016,2016-08-18,2019-08-18,24
501875,101643,Marka-A,A-SUV,2021,2021-02-02,2024-02-02,25
501876,101644,Marka-C,C-Mini,2013,2013-12-01,2015-12-01,50
501877,101645,Marka-A,A-Compact,2018,2018-08-20,2020-08-19,0
501878,101646,Marka-B,B-Touring,2019,2019-02-10,2021-02-09,0
501879,101647,Marka-B,B-Crossover,2013,2013-07-14,2015-07-14,19
501880,101647,Marka-A,A-Sedan,2022,2022-06-11,2027-06-10,19
501881,101648,Marka-A,A-SUV,2014,2014-01-11,2019-01-10,50
501882,101649,Marka-C,C-Van,2013,2013-07-03,2016-07-02,33
501883,101649,Marka-A,A-Sedan,2013,2013-11-05,2018-11-04,33
501884,101650,Marka-A,A-Compact,2017,2017-01-03,2022-01-02,18
501885,101650,Marka-B,B-Crossover,2015,2015-09-17,2018-09-16,50
501886,101651,Marka-A,A-Compact,2015,2015-10-24,2018-10-23,25
501887,101652,Marka-A,A-Sedan,2016,2016-07-04,2021-07-03,62
501888,101653,Marka-A,A-Compact,2019,2019-11-25,2021-11-24,51
501889,101654,Marka-B,B-Crossover,2019,2019-04-09,2022-04-08,33
501890,101655,Marka-C,C-Mini,2016,2016-07-14,2018-07-14,0
501891,101655,Marka-A,A-Compact,2019,2019-02-03,2022-02-02,74
501892,101656,Marka-A,A-Compact,2018,2018-05-21,2021-05-20,66
501893,101657,Marka-B,B-Crossover,2014,2014-10-22,2016-10-21,49
501894,101657,Marka-B,B-Crossover,2022,2022-08-21,2024-08-20,48
501895,101658,Marka-B,B-Crossover,2018,2018-06-14,2021-06-13,26
501896,101659,Marka-A,A-Compact,2022,2022-07-22,2025-07-21,57
501897,101659,Marka-A,A-Compact,2025,2025-02-18,2027-02-18,0
501898,101660,Marka-C,C-Mini,2022,2022-07-26,2024-07-25,26
501899,101661,Marka-A,A-Sedan,2018,2018-02-22,2023-02-21,77
501900,101662,Marka-A,A-Compact,2025,2025-01-18,2028-01-18,4
501901,101663,Marka-A,A-Sedan,2018,2018-12-23,2021-12-22,23
501902,101664,Marka-C,C-Mini,2015,2015-12-12,2018-12-11,11
501903,101665,Marka-B,B-Crossover,2015,2015-03-24,2020-03-22,55
501904,101666,Marka-A,A-SUV,2017,2017-09-25,2022-09-24,59
501905,101667,Marka-A,A-SUV,2015,2015-01-09,2017-01-08,15
501906,101668,Marka-A,A-SUV,2019,2019-07-24,2021-07-23,50
501907,101668,Marka-A,A-SUV,2013,2013-08-22,2018-08-21,25
501908,101669,Marka-C,C-Mini,2013,2013-02-21,2015-02-21,42
501909,101670,Marka-C,C-Van,2023,2023-10-12,2025-10-11,0
501910,101671,Marka-B,B-Hatch,2018,2018-08-03,2021-08-02,49
501911,101672,Marka-B,B-Touring,2014,2014-11-09,2017-11-08,59
501912,101673,Marka-A,A-Sedan,2019,2019-11-19,2021-11-18,30
501913,101674,Marka-A,A-SUV,2022,2022-06-19,2025-06-18,41
501914,101675,Marka-B,B-Hatch,2022,2022-08-07,2025-08-06,28
501915,101675,Marka-C,C-Mini,2018,2018-11-16,2023-11-15,34
501916,101676,Marka-B,B-Crossover,2014,2014-11-17,2017-11-16,41
501917,101676,Marka-A,A-Sedan,2021,2021-01-06,2026-01-05,19
501918,101677,Marka-B,B-Crossover,2014,2014-10-26,2019-10-25,33
501919,101678,Marka-A,A-Sedan,2018,2018-06-16,2021-06-15,59
501920,101678,Marka-A,A-SUV,2019,2019-05-14,2022-05-13,51
501921,101679,Marka-A,A-SUV,2020,2020-10-27,2023-10-27,50
501922,101680,Marka-C,C-Mini,2015,2015-06-04,2018-06-03,73
501923,101681,Marka-B,B-Touring,2020,2020-06-20,2025-06-19,26
501924,101681,Marka-B,B-Touring,2024,2024-09-01,2029-08-31,33
501925,101682,Marka-B,B-Touring,2018,2018-05-01,2021-04-30,65
501926,101683,Marka-B,B-Touring,2018,2018-03-05,2020-03-04,27
501927,101684,Marka-A,A-Sedan,2014,2014-01-23,2016-01-23,30
501928,101685,Marka-A,A-Sedan,2014,2014-10-26,2017-10-25,60
501929,101686,Marka-B,B-Touring,2016,2016-02-22,2019-02-21,65
501930,101687,Marka-A,A-Sedan,2013,2013-07-25,2015-07-25,30
501931,101688,Marka-C,C-Mini,2013,2013-01-05,2016-01-05,43
501932,101689,Marka-A,A-Compact,2017,2017-08-07,2020-08-06,20
501933,101690,Marka-A,A-SUV,2022,2022-04-25,2025-04-24,57
501934,101691,Marka-A,A-Sedan,2017,2017-07-15,2020-07-14,9
501935,101691,Marka-B,B-Hatch,2024,2024-03-02,2027-03-02,0
501936,101692,Marka-A,A-SUV,2022,2022-12-08,2024-12-07,37
501937,101693,Marka-B,B-Crossover,2020,2020-06-18,2023-06-18,5
501938,101694,Marka-B,B-Crossover,2019,2019-04-24,2022-04-23,85
501939,101695,Marka-A,A-Sedan,2024,2024-03-26,2027-03-26,35
501940,101696,Marka-A,A-Sedan,2021,2021-07-16,2023-07-16,7
501941,101697,Marka-A,A-Compact,2024,2024-05-27,2027-05-27,80
501942,101698,Marka-A,A-SUV,2020,2020-06-26,2023-06-26,16
501943,101699,Marka-A,A-Sedan,2025,2025-07-17,2028-07-16,36
501944,101700,Marka-C,C-Mini,2018,2018-06-23,2021-06-22,18
501945,101701,Marka-B,B-Hatch,2014,2014-10-24,2019-10-23,18
501946,101702,Marka-B,B-Touring,2024,2024-08-16,2027-08-16,45
501947,101703,Marka-A,A-Compact,2014,2014-12-07,2017-12-06,74
501948,101704,Marka-B,B-Crossover,2018,2018-02-06,2021-02-05,2
501949,101705,Marka-B,B-Hatch,2020,2020-05-26,2022-05-26,88
501950,101706,Marka-A,A-Sedan,2015,2015-05-17,2017-05-16,6
501951,101707,Marka-B,B-Touring,2016,2016-10-26,2019-10-26,0
501952,101708,Marka-B,B-Crossover,2017,2017-08-22,2020-08-21,22
501953,101709,Marka-B,B-Crossover,2017,2017-12-07,2019-12-07,31
501954,101710,Marka-C,C-Mini,2021,2021-04-17,2023-04-17,9
501955,101710,Marka-A,A-Compact,2018,2018-08-20,2021-08-19,27
501956,101711,Marka-B,B-Touring,2018,2018-07-10,2021-07-09,46
501957,101712,Marka-C,C-Mini,2018,2018-06-08,2023-06-07,53
501958,101713,Marka-B,B-Touring,2021,2021-08-05,2026-08-04,57
501959,101714,Marka-C,C-Mini,2013,2013-11-23,2016-11-22,18
501960,101715,Marka-B,B-Touring,2017,2017-06-12,2020-06-11,32
501961,101716,Marka-B,B-Touring,2024,2024-05-15,2027-05-15,23
501962,101717,Marka-C,C-Mini,2023,2023-10-25,2028-10-23,0
501963,101718,Marka-A,A-SUV,2018,2018-03-19,2021-03-18,15
501964,101719,Marka-A,A-Sedan,2020,2020-07-12,2023-07-12,23
501965,101720,Marka-A,A-Compact,2016,2016-10-22,2019-10-22,39
501966,101721,Marka-B,B-Touring,2025,2025-06-20,2027-06-20,27
501967,101722,Marka-B,B-Crossover,2016,2016-04-26,2019-04-26,31
501968,101723,Marka-B,B-Hatch,2023,2023-12-04,2026-12-03,0
501969,101724,Marka-A,A-Sedan,2014,2014-07-12,2019-07-11,19
501970,101724,Marka-B,B-Hatch,2019,2019-06-14,2024-06-12,39
501971,101725,Marka-C,C-Mini,2014,2014-05-22,2016-05-21,23
501972,101726,Marka-C,C-Van,2024,2024-06-10,2027-06-10,0
501973,101727,Marka-C,C-Van,2023,2023-06-11,2028-06-09,55
501974,101728,Marka-A,A-Compact,2020,2020-07-06,2025-07-05,52
501975,101728,Marka-C,C-Mini,2023,2023-06-21,2025-06-20,0
501976,101729,Marka-A,A-SUV,2020,2020-09-21,2022-09-21,71
501977,101730,Marka-B,B-Touring,2019,2019-05-14,2024-05-12,64
501978,101731,Marka-A,A-SUV,2018,2018-04-23,2021-04-22,27
501979,101732,Marka-A,A-Compact,2023,2023-09-15,2026-09-14,18
501980,101733,Marka-B,B-Crossover,2021,2021-03-09,2024-03-08,1
501981,101734,Marka-C,C-Mini,2017,2017-04-23,2019-04-23,68
501982,101735,Marka-A,A-SUV,2022,2022-01-21,2025-01-20,2
501983,101736,Marka-A,A-Compact,2018,2018-01-16,2020-01-16,54
501984,101737,Marka-B,B-Touring,2019,2019-06-12,2022-06-11,0
501985,101738,Marka-C,C-Mini,2013,2013-03-07,2016-03-06,52
501986,101739,Marka-B,B-Touring,2024,2024-04-04,2027-04-04,46
501987,101740,Marka-B,B-Touring,2015,2015-07-04,2020-07-02,30
501988,101741,Marka-B,B-Crossover,2021,2021-11-13,2024-11-12,15
501989,101742,Marka-A,A-Compact,2016,2016-01-11,2021-01-09,23
501990,101743,Marka-B,B-Crossover,2022,2022-12-14,2025-12-13,60
501991,101744,Marka-A,A-SUV,2021,2021-03-16,2024-03-15,7
501992,101745,Marka-B,B-Crossover,2025,2025-04-26,2028-04-25,102
501993,101746,Marka-B,B-Touring,2023,2023-08-19,2025-08-18,32
501994,101747,Marka-C,C-Van,2017,2017-07-20,2019-07-20,18
501995,101748,Marka-A,A-Compact,2021,2021-12-06,2024-12-05,59
501996,101749,Marka-A,A-Compact,2025,2025-01-14,2027-01-14,0
501997,101749,Marka-B,B-Touring,2019,2019-04-03,2022-04-02,39
501998,101750,Marka-A,A-SUV,2014,2014-05-24,2019-05-23,34
501999,101751,Marka-B,B-Touring,2025,2025-12-10,2027-12-10,1
502000,101751,Marka-C,C-Van,2015,2015-06-15,2018-06-14,8
502001,101752,Marka-B,B-Hatch,2024,2024-08-19,2027-08-19,14
502002,101752,Marka-A,A-SUV,2013,2013-07-16,2016-07-15,69
502003,101753,Marka-C,C-Mini,2016,2016-07-18,2018-07-18,0
502004,101754,Marka-C,C-Mini,2025,2025-03-23,2030-03-22,58
502005,101755,Marka-A,A-Compact,2016,2016-11-05,2021-11-04,49
502006,101756,Marka-A,A-Sedan,2014,2014-11-17,2017-11-16,0
502007,101756,Marka-C,C-Mini,2023,2023-05-21,2028-05-19,8
502008,101757,Marka-B,B-Hatch,2020,2020-11-10,2022-11-10,0
502009,101758,Marka-B,B-Hatch,2015,2015-01-12,2020-01-11,50
502010,101759,Marka-B,B-Touring,2022,2022-01-24,2024-01-24,2
502011,101760,Marka-B,B-Crossover,2013,2013-10-17,2016-10-16,25
502012,101761,Marka-C,C-Mini,2021,2021-12-27,2024-12-26,0
502013,101762,Marka-C,C-Van,2014,2014-03-19,2016-03-18,57
502014,101763,Marka-A,A-Compact,2023,2023-05-13,2026-05-12,9
502015,101763,Marka-B,B-Crossover,2013,2013-05-23,2015-05-23,27
502016,101764,Marka-A,A-Compact,2024,2024-10-21,2027-10-21,29
502017,101765,Marka-B,B-Crossover,2013,2013-09-15,2018-09-14,15
502018,101766,Marka-A,A-Compact,2015,2015-09-06,2018-09-05,60
502019,101767,Marka-A,A-Sedan,2016,2016-01-07,2019-01-06,47
502020,101768,Marka-B,B-Crossover,2013,2013-06-01,2015-06-01,34
502021,101769,Marka-A,A-Sedan,2025,2025-01-05,2028-01-05,51
502022,101769,Marka-B,B-Crossover,2015,2015-04-11,2020-04-09,27
502023,101770,Marka-B,B-Crossover,2016,2016-07-17,2019-07-17,37
502024,101771,Marka-A,A-SUV,2020,2020-06-21,2023-06-21,64
502025,101772,Marka-B,B-Crossover,2016,2016-07-11,2019-07-11,60
502026,101773,Marka-A,A-SUV,2013,2013-08-27,2016-08-26,22
502027,101774,Marka-B,B-Touring,2018,2018-06-12,2021-06-11,18
502028,101774,Marka-A,A-SUV,2017,2017-11-12,2022-11-11,25
502029,101775,Marka-A,A-SUV,2022,2022-07-22,2025-07-21,3
502030,101776,Marka-A,A-SUV,2020,2020-09-16,2025-09-15,19
502031,101777,Marka-B,B-Hatch,2016,2016-05-23,2021-05-22,18
502032,101778,Marka-A,A-Sedan,2019,2019-09-23,2021-09-22,0
502033,101779,Marka-B,B-Touring,2023,2023-10-08,2028-10-06,33
502034,101780,Marka-A,A-SUV,2020,2020-07-22,2022-07-22,40
502035,101781,Marka-A,A-SUV,2019,2019-07-26,2021-07-25,34
502036,101781,Marka-A,A-SUV,2021,2021-05-16,2023-05-16,0
502037,101782,Marka-A,A-Compact,2022,2022-04-25,2025-04-24,35
502038,101783,Marka-A,A-Sedan,2021,2021-11-18,2023-11-18,31
502039,101784,Marka-A,A-Sedan,2014,2014-12-07,2019-12-06,37
502040,101785,Marka-A,A-Compact,2014,2014-06-20,2016-06-19,7
502041,101786,Marka-A,A-Sedan,2021,2021-05-09,2024-05-08,0
502042,101787,Marka-C,C-Van,2025,2025-09-11,2028-09-10,35
502043,101788,Marka-C,C-Mini,2019,2019-10-18,2024-10-16,44
502044,101788,Marka-A,A-SUV,2015,2015-09-07,2020-09-05,21
502045,101789,Marka-A,A-Sedan,2023,2023-01-26,2028-01-25,21
502046,101790,Marka-A,A-SUV,2014,2014-02-23,2019-02-22,49
502047,101791,Marka-B,B-Touring,2019,2019-07-06,2022-07-05,20
502048,101792,Marka-A,A-Compact,2020,2020-02-23,2022-02-22,28
502049,101793,Marka-A,A-SUV,2013,2013-04-12,2015-04-12,48
502050,101794,Marka-A,A-SUV,2020,2020-05-09,2022-05-09,41
502051,101795,Marka-A,A-SUV,2025,2025-10-01,2027-10-01,10
502052,101796,Marka-C,C-Van,2017,2017-08-05,2022-08-04,26
502053,101797,Marka-A,A-SUV,2013,2013-05-11,2018-05-10,37
502054,101797,Marka-A,A-Sedan,2015,2015-03-16,2018-03-15,30
502055,101798,Marka-B,B-Touring,2013,2013-04-27,2018-04-26,14
502056,101799,Marka-C,C-Van,2019,2019-09-05,2021-09-04,0
502057,101800,Marka-A,A-Compact,2016,2016-03-23,2021-03-22,0
502058,101801,Marka-C,C-Van,2017,2017-02-21,2022-02-20,23
502059,101802,Marka-C,C-Mini,2016,2016-07-25,2019-07-25,32
502060,101803,Marka-B,B-Hatch,2017,2017-11-16,2020-11-15,21
502061,101804,Marka-A,A-Compact,2015,2015-06-25,2017-06-24,2
502062,101804,Marka-A,A-Compact,2018,2018-04-26,2020-04-25,51
502063,101805,Marka-B,B-Crossover,2018,2018-11-07,2021-11-06,5
502064,101806,Marka-B,B-Hatch,2015,2015-11-11,2018-11-10,66
502065,101807,Marka-A,A-Compact,2013,2013-08-22,2018-08-21,22
502066,101808,Marka-A,A-Compact,2017,2017-10-26,2019-10-26,44
502067,101809,Marka-B,B-Hatch,2013,2013-06-04,2015-06-04,45
502068,101809,Marka-A,A-Compact,2015,2015-02-23,2018-02-22,18
502069,101810,Marka-C,C-Van,2023,2023-07-22,2026-07-21,0
502070,101810,Marka-B,B-Touring,2016,2016-10-10,2019-10-10,84
502071,101811,Marka-A,A-Sedan,2016,2016-11-02,2019-11-02,51
502072,101812,Marka-A,A-Sedan,2022,2022-10-22,2025-10-21,84
502073,101813,Marka-A,A-Compact,2022,2022-09-12,2024-09-11,42
502074,101814,Marka-A,A-Compact,2016,2016-03-10,2021-03-09,0
502075,101815,Marka-C,C-Van,2022,2022-08-19,2025-08-18,1
502076,101816,Marka-B,B-Hatch,2014,2014-09-04,2019-09-03,33
502077,101817,Marka-A,A-SUV,2019,2019-04-17,2022-04-16,15
502078,101818,Marka-B,B-Crossover,2023,2023-08-04,2028-08-02,41
502079,101819,Marka-A,A-Compact,2020,2020-05-10,2025-05-09,31
502080,101820,Marka-A,A-SUV,2013,2013-08-17,2015-08-17,0
502081,101821,Marka-C,C-Van,2013,2013-10-22,2016-10-21,41
502082,101822,Marka-C,C-Van,2025,2025-10-27,2027-10-27,0
502083,101823,Marka-A,A-Compact,2022,2022-01-21,2025-01-20,33
502084,101824,Marka-C,C-Van,2024,2024-10-22,2027-10-22,51
502085,101825,Marka-A,A-SUV,2019,2019-12-11,2024-12-09,25
502086,101826,Marka-C,C-Mini,2019,2019-02-11,2022-02-10,3
502087,101826,Marka-B,B-Touring,2019,2019-05-25,2022-05-24,43
502088,101827,Marka-B,B-Hatch,2013,2013-07-12,2015-07-12,34
502089,101828,Marka-B,B-Touring,2023,2023-03-04,2028-03-02,25
502090,101829,Marka-A,A-Compact,2019,2019-02-17,2022-02-16,53
502091,101830,Marka-A,A-Sedan,2022,2022-01-17,2027-01-16,9
502092,101831,Marka-C,C-Van,2022,2022-01-04,2025-01-03,42
502093,101832,Marka-A,A-SUV,2025,2025-04-27,2028-04-26,0
502094,101833,Marka-C,C-Van,2013,2013-04-13,2018-04-12,23
502095,101833,Marka-A,A-Sedan,2019,2019-07-10,2022-07-09,24
502096,101834,Marka-A,A-SUV,2015,2015-11-09,2018-11-08,2
502097,101834,Marka-A,A-SUV,2016,2016-11-27,2019-11-27,22
502098,101835,Marka-A,A-Compact,2013,2013-02-03,2016-02-03,45
502099,101835,Marka-A,A-Compact,2022,2022-03-04,2024-03-03,0
502100,101836,Marka-A,A-SUV,2017,2017-01-18,2019-01-18,50
502101,101837,Marka-A,A-Sedan,2016,2016-06-03,2019-06-03,11
502102,101838,Marka-B,B-Crossover,2013,2013-10-22,2016-10-21,42
502103,101839,Marka-A,A-SUV,2018,2018-09-08,2021-09-07,35
502104,101840,Marka-A,A-SUV,2025,2025-04-25,2028-04-24,28
502105,101841,Marka-A,A-Sedan,2016,2016-10-25,2021-10-24,26
502106,101842,Marka-A,A-Compact,2023,2023-04-03,2026-04-02,47
502107,101843,Marka-A,A-SUV,2015,2015-01-03,2020-01-02,12
502108,101843,Marka-A,A-SUV,2016,2016-11-24,2019-11-24,17
502109,101844,Marka-A,A-Sedan,2017,2017-04-16,2020-04-15,12
502110,101845,Marka-C,C-Van,2013,2013-01-24,2018-01-23,37
502111,101846,Marka-B,B-Touring,2022,2022-06-04,2024-06-03,22
502112,101846,Marka-A,A-Compact,2016,2016-05-06,2019-05-06,33
502113,101847,Marka-A,A-Sedan,2022,2022-11-26,2024-11-25,30
502114,101848,Marka-B,B-Touring,2016,2016-03-04,2018-03-04,45
502115,101849,Marka-B,B-Touring,2025,2025-06-12,2028-06-11,43
502116,101849,Marka-B,B-Crossover,2015,2015-12-20,2017-12-19,15
502117,101850,Marka-A,A-SUV,2023,2023-07-16,2028-07-14,44
502118,101851,Marka-B,B-Crossover,2015,2015-05-05,2018-05-04,0
502119,101852,Marka-A,A-Sedan,2020,2020-06-16,2025-06-15,87
502120,101853,Marka-A,A-Sedan,2014,2014-01-17,2017-01-16,59
502121,101854,Marka-B,B-Touring,2022,2022-05-20,2025-05-19,3
502122,101855,Marka-A,A-SUV,2025,2025-02-16,2028-02-16,4
502123,101855,Marka-A,A-Sedan,2018,2018-11-03,2021-11-02,39
502124,101856,Marka-C,C-Mini,2019,2019-03-13,2022-03-12,61
502125,101857,Marka-A,A-SUV,2014,2014-05-09,2016-05-08,47
502126,101857,Marka-B,B-Touring,2025,2025-02-12,2030-02-11,14
502127,101858,Marka-A,A-Sedan,2017,2017-12-07,2019-12-07,46
502128,101859,Marka-B,B-Hatch,2025,2025-12-11,2027-12-11,60
502129,101860,Marka-A,A-SUV,2023,2023-09-12,2026-09-11,21
502130,101861,Marka-A,A-SUV,2021,2021-05-09,2026-05-08,37
502131,101862,Marka-B,B-Crossover,2016,2016-10-01,2019-10-01,0
502132,101863,Marka-C,C-Van,2019,2019-02-17,2022-02-16,78
502133,101864,Marka-A,A-Compact,2015,2015-07-04,2020-07-02,10
502134,101864,Marka-A,A-SUV,2013,2013-01-24,2016-01-24,43
502135,101865,Marka-B,B-Hatch,2019,2019-12-13,2022-12-12,6
502136,101866,Marka-B,B-Touring,2013,2013-06-22,2015-06-22,25
502137,101866,Marka-B,B-Touring,2014,2014-02-21,2017-02-20,24
502138,101867,Marka-A,A-Sedan,2025,2025-02-16,2028-02-16,33
502139,101867,Marka-B,B-Crossover,2025,2025-06-13,2028-06-12,53
502140,101868,Marka-B,B-Hatch,2019,2019-09-15,2024-09-13,48
502141,101869,Marka-C,C-Van,2014,2014-04-08,2016-04-07,18
502142,101870,Marka-C,C-Van,2020,2020-08-26,2023-08-26,3
502143,101871,Marka-B,B-Touring,2014,2014-06-16,2017-06-15,29
502144,101872,Marka-A,A-SUV,2023,2023-09-05,2025-09-04,40
502145,101873,Marka-A,A-SUV,2023,2023-07-12,2026-07-11,19
502146,101873,Marka-A,A-Compact,2025,2025-09-12,2028-09-11,13
502147,101874,Marka-B,B-Touring,2024,2024-02-24,2027-02-23,23
502148,101875,Marka-A,A-Sedan,2020,2020-01-21,2022-01-20,48
502149,101875,Marka-A,A-SUV,2016,2016-01-18,2018-01-17,62
502150,101876,Marka-A,A-Sedan,2025,2025-06-27,2030-06-26,15
502151,101876,Marka-A,A-Sedan,2015,2015-03-07,2018-03-06,46
502152,101877,Marka-B,B-Crossover,2025,2025-03-07,2028-03-06,53
502153,101878,Marka-A,A-Sedan,2020,2020-05-16,2025-05-15,40
502154,101879,Marka-A,A-Compact,2021,2021-12-25,2024-12-24,0
502155,101880,Marka-C,C-Mini,2023,2023-08-17,2026-08-16,0
502156,101881,Marka-A,A-SUV,2022,2022-04-18,2027-04-17,0
502157,101882,Marka-A,A-Sedan,2025,2025-04-09,2028-04-08,22
502158,101882,Marka-B,B-Hatch,2016,2016-10-23,2018-10-23,33
502159,101883,Marka-A,A-Sedan,2021,2021-08-12,2024-08-11,4
502160,101884,Marka-A,A-Sedan,2018,2018-08-06,2023-08-05,0
502161,101885,Marka-B,B-Touring,2024,2024-01-26,2026-01-25,37
502162,101886,Marka-B,B-Hatch,2015,2015-10-01,2018-09-30,34
502163,101887,Marka-B,B-Touring,2020,2020-12-17,2023-12-17,13
502164,101888,Marka-B,B-Hatch,2016,2016-05-12,2019-05-12,0
502165,101889,Marka-A,A-Compact,2013,2013-12-10,2016-12-09,55
502166,101889,Marka-B,B-Touring,2020,2020-03-04,2022-03-04,43
502167,101890,Marka-A,A-Sedan,2024,2024-03-19,2027-03-19,0
502168,101891,Marka-A,A-SUV,2025,2025-01-06,2028-01-06,36
502169,101892,Marka-B,B-Crossover,2019,2019-11-02,2021-11-01,82
502170,101893,Marka-A,A-SUV,2018,2018-02-21,2023-02-20,41
502171,101894,Marka-A,A-Compact,2023,2023-02-07,2026-02-06,0
502172,101895,Marka-B,B-Touring,2024,2024-07-02,2027-07-02,22
502173,101896,Marka-A,A-SUV,2013,2013-02-26,2015-02-26,38
502174,101897,Marka-B,B-Touring,2014,2014-03-22,2016-03-21,61
502175,101898,Marka-B,B-Touring,2020,2020-06-10,2025-06-09,18
502176,101899,Marka-B,B-Touring,2022,2022-08-13,2024-08-12,33
502177,101899,Marka-A,A-SUV,2022,2022-12-27,2025-12-26,41
502178,101900,Marka-A,A-SUV,2019,2019-05-04,2022-05-03,1
502179,101901,Marka-B,B-Touring,2022,2022-12-03,2025-12-02,21
502180,101902,Marka-A,A-SUV,2017,2017-05-12,2020-05-11,0
502181,101903,Marka-A,A-SUV,2020,2020-08-03,2023-08-03,6
502182,101904,Marka-A,A-SUV,2018,2018-12-03,2020-12-02,69
502183,101905,Marka-A,A-SUV,2020,2020-10-22,2023-10-22,14
502184,101906,Marka-C,C-Van,2016,2016-12-09,2021-12-08,18
502185,101907,Marka-A,A-SUV,2016,2016-05-27,2018-05-27,63
502186,101907,Marka-B,B-Touring,2024,2024-11-13,2027-11-13,15
502187,101908,Marka-B,B-Hatch,2021,2021-09-07,2026-09-06,33
502188,101908,Marka-B,B-Hatch,2013,2013-05-26,2016-05-25,0
502189,101909,Marka-B,B-Hatch,2014,2014-12-01,2016-11-30,38
502190,101910,Marka-A,A-Compact,2019,2019-02-26,2022-02-25,43
502191,101911,Marka-C,C-Mini,2014,2014-09-25,2019-09-24,60
502192,101912,Marka-B,B-Hatch,2017,2017-06-25,2022-06-24,16
502193,101912,Marka-B,B-Crossover,2022,2022-06-17,2025-06-16,35
502194,101913,Marka-C,C-Van,2018,2018-09-12,2020-09-11,63
502195,101914,Marka-A,A-Compact,2013,2013-02-02,2015-02-02,61
502196,101915,Marka-A,A-SUV,2022,2022-06-13,2025-06-12,7
502197,101916,Marka-A,A-SUV,2021,2021-02-02,2026-02-01,5
502198,101917,Marka-A,A-Sedan,2017,2017-07-14,2019-07-14,32
502199,101918,Marka-B,B-Touring,2018,2018-11-14,2020-11-13,10
502200,101918,Marka-A,A-Sedan,2022,2022-02-12,2027-02-11,34
502201,101919,Marka-A,A-Sedan,2022,2022-06-24,2027-06-23,27
502202,101920,Marka-A,A-SUV,2016,2016-08-18,2019-08-18,54
502203,101921,Marka-B,B-Touring,2013,2013-05-19,2016-05-18,43
502204,101922,Marka-B,B-Touring,2022,2022-07-04,2025-07-03,31
502205,101923,Marka-A,A-Sedan,2019,2019-08-17,2021-08-16,64
502206,101924,Marka-A,A-SUV,2025,2025-04-03,2027-04-03,7
502207,101925,Marka-C,C-Van,2016,2016-07-16,2019-07-16,36
502208,101926,Marka-B,B-Crossover,2025,2025-07-27,2028-07-26,45
502209,101927,Marka-B,B-Touring,2019,2019-08-27,2022-08-26,8
502210,101928,Marka-B,B-Touring,2024,2024-09-17,2027-09-17,11
502211,101929,Marka-C,C-Mini,2025,2025-02-23,2027-02-23,63
502212,101930,Marka-B,B-Touring,2016,2016-08-01,2019-08-01,60
502213,101930,Marka-A,A-Compact,2016,2016-02-27,2019-02-26,4
502214,101931,Marka-B,B-Crossover,2018,2018-03-19,2020-03-18,0
502215,101932,Marka-C,C-Van,2024,2024-02-10,2027-02-09,49
502216,101933,Marka-A,A-SUV,2020,2020-12-01,2022-12-01,73
502217,101933,Marka-C,C-Mini,2021,2021-12-10,2026-12-09,41
502218,101934,Marka-B,B-Hatch,2018,2018-05-08,2020-05-07,83
502219,101935,Marka-A,A-Compact,2015,2015-08-13,2017-08-12,42
502220,101936,Marka-B,B-Hatch,2019,2019-12-12,2022-12-11,43
502221,101937,Marka-B,B-Crossover,2017,2017-07-25,2020-07-24,26
502222,101938,Marka-C,C-Van,2014,2014-03-24,2016-03-23,13
502223,101939,Marka-B,B-Hatch,2017,2017-12-16,2020-12-15,38
502224,101940,Marka-B,B-Crossover,2025,2025-05-03,2027-05-03,13
502225,101941,Marka-A,A-Compact,2022,2022-04-23,2025-04-22,25
502226,101942,Marka-C,C-Van,2017,2017-02-07,2020-02-07,0
502227,101943,Marka-B,B-Touring,2024,2024-06-16,2027-06-16,32
502228,101944,Marka-A,A-Sedan,2024,2024-05-05,2027-05-05,0
502229,101945,Marka-B,B-Crossover,2020,2020-11-16,2022-11-16,27
502230,101946,Marka-A,A-SUV,2023,2023-02-10,2026-02-09,52
502231,101946,Marka-C,C-Van,2013,2013-03-18,2016-03-17,26
502232,101947,Marka-C,C-Van,2017,2017-08-25,2020-08-24,7
502233,101948,Marka-C,C-Mini,2025,2025-12-07,2028-12-06,8
502234,101948,Marka-C,C-Van,2016,2016-04-08,2021-04-07,51
502235,101949,Marka-A,A-Compact,2022,2022-12-01,2024-11-30,8
502236,101950,Marka-B,B-Hatch,2014,2014-08-16,2017-08-15,40
502237,101951,Marka-B,B-Hatch,2020,2020-05-22,2023-05-22,60
502238,101952,Marka-C,C-Mini,2019,2019-08-02,2022-08-01,29
502239,101952,Marka-C,C-Mini,2017,2017-12-03,2020-12-02,80
502240,101953,Marka-B,B-Crossover,2023,2023-03-24,2026-03-23,2
502241,101954,Marka-C,C-Mini,2022,2022-10-23,2024-10-22,46
502242,101955,Marka-A,A-Sedan,2014,2014-02-21,2016-02-21,45
502243,101956,Marka-A,A-SUV,2020,2020-03-03,2025-03-02,15
502244,101956,Marka-A,A-Sedan,2025,2025-03-23,2028-03-22,38
502245,101957,Marka-A,A-Compact,2013,2013-02-27,2016-02-27,20
502246,101957,Marka-B,B-Crossover,2024,2024-11-05,2027-11-05,7
502247,101958,Marka-C,C-Van,2020,2020-09-08,2025-09-07,73
502248,101959,Marka-A,A-Compact,2014,2014-02-17,2019-02-16,3
502249,101960,Marka-A,A-Compact,2016,2016-12-18,2018-12-18,56
502250,101961,Marka-C,C-Mini,2019,2019-03-07,2022-03-06,44
502251,101962,Marka-C,C-Mini,2022,2022-02-20,2027-02-19,59
502252,101963,Marka-B,B-Crossover,2022,2022-12-26,2024-12-25,44
502253,101964,Marka-A,A-Compact,2015,2015-01-25,2020-01-24,41
502254,101965,Marka-B,B-Hatch,2018,2018-02-18,2021-02-17,41
502255,101965,Marka-B,B-Touring,2025,2025-03-03,2027-03-03,0
502256,101966,Marka-C,C-Mini,2020,2020-04-01,2023-04-01,44
502257,101967,Marka-A,A-Sedan,2023,2023-12-25,2025-12-24,62
502258,101968,Marka-A,A-Sedan,2022,2022-01-05,2025-01-04,68
502259,101969,Marka-A,A-SUV,2014,2014-02-19,2016-02-19,44
502260,101970,Marka-B,B-Crossover,2023,2023-11-06,2026-11-05,87
502261,101971,Marka-B,B-Crossover,2013,2013-01-10,2016-01-10,27
502262,101972,Marka-A,A-Sedan,2016,2016-04-09,2019-04-09,0
502263,101972,Marka-A,A-Sedan,2023,2023-08-10,2026-08-09,0
502264,101973,Marka-C,C-Mini,2023,2023-02-04,2025-02-03,0
502265,101974,Marka-B,B-Touring,2016,2016-06-27,2019-06-27,0
502266,101975,Marka-C,C-Mini,2014,2014-10-23,2016-10-22,16
502267,101976,Marka-C,C-Van,2017,2017-12-17,2019-12-17,26
502268,101977,Marka-B,B-Touring,2018,2018-09-22,2023-09-21,11
502269,101978,Marka-A,A-Compact,2013,2013-10-09,2016-10-08,0
502270,101979,Marka-A,A-Sedan,2020,2020-04-03,2025-04-02,69
502271,101980,Marka-A,A-Sedan,2016,2016-01-21,2019-01-20,9
502272,101981,Marka-C,C-Mini,2023,2023-11-07,2025-11-06,19
502273,101982,Marka-B,B-Hatch,2015,2015-09-19,2018-09-18,19
502274,101983,Marka-B,B-Touring,2019,2019-09-15,2021-09-14,48
502275,101984,Marka-B,B-Hatch,2016,2016-02-20,2018-02-19,35
502276,101985,Marka-B,B-Hatch,2025,2025-02-25,2028-02-25,37
502277,101985,Marka-C,C-Van,2020,2020-06-18,2023-06-18,41
502278,101986,Marka-A,A-Sedan,2013,2013-01-05,2015-01-05,42
502279,101987,Marka-B,B-Crossover,2015,2015-05-24,2018-05-23,54
502280,101988,Marka-A,A-Compact,2022,2022-06-10,2025-06-09,10
502281,101989,Marka-A,A-SUV,2023,2023-08-19,2026-08-18,18
502282,101990,Marka-B,B-Touring,2018,2018-10-26,2020-10-25,5
502283,101991,Marka-A,A-SUV,2018,2018-03-18,2020-03-17,8
502284,101992,Marka-A,A-SUV,2019,2019-02-05,2021-02-04,41
502285,101993,Marka-A,A-SUV,2024,2024-02-14,2029-02-12,52
502286,101994,Marka-B,B-Hatch,2016,2016-05-16,2019-05-16,31
502287,101995,Marka-B,B-Hatch,2022,2022-10-03,2025-10-02,38
502288,101996,Marka-A,A-SUV,2023,2023-07-21,2026-07-20,14
502289,101996,Marka-C,C-Mini,2015,2015-07-14,2020-07-12,66
502290,101997,Marka-A,A-SUV,2023,2023-04-21,2025-04-20,0
502291,101997,Marka-B,B-Touring,2019,2019-11-12,2022-11-11,0
502292,101998,Marka-A,A-Compact,2021,2021-02-08,2024-02-08,26
502293,101999,Marka-C,C-Van,2023,2023-11-15,2025-11-14,0
502294,102000,Marka-C,C-Mini,2018,2018-07-15,2023-07-14,63
502295,102001,Marka-B,B-Hatch,2024,2024-07-13,2026-07-13,87
502296,102002,Marka-A,A-Sedan,2018,2018-07-02,2021-07-01,4
502297,102003,Marka-A,A-Sedan,2014,2014-01-01,2016-01-01,7
502298,102004,Marka-A,A-Sedan,2018,2018-09-21,2021-09-20,27
502299,102005,Marka-B,B-Hatch,2022,2022-02-05,2027-02-04,1
502300,102006,Marka-B,B-Touring,2013,2013-10-08,2016-10-07,45
502301,102007,Marka-A,A-SUV,2013,2013-03-12,2018-03-11,12
502302,102008,Marka-A,A-Sedan,2018,2018-03-09,2021-03-08,35
502303,102009,Marka-B,B-Crossover,2021,2021-09-16,2023-09-16,76
502304,102010,Marka-C,C-Mini,2025,2025-02-10,2027-02-10,11
502305,102011,Marka-B,B-Crossover,2015,2015-12-03,2020-12-01,12
502306,102011,Marka-A,A-SUV,2016,2016-08-06,2021-08-05,25
502307,102012,Marka-A,A-SUV,2016,2016-01-19,2019-01-18,0
502308,102013,Marka-A,A-SUV,2022,2022-05-10,2024-05-09,36
502309,102014,Marka-A,A-Sedan,2021,2021-12-17,2023-12-17,0
502310,102015,Marka-C,C-Van,2015,2015-09-20,2018-09-19,69
502311,102016,Marka-C,C-Van,2020,2020-07-09,2023-07-09,67
502312,102016,Marka-A,A-SUV,2024,2024-05-16,2029-05-15,69
502313,102017,Marka-A,A-SUV,2017,2017-06-02,2020-06-01,23
502314,102017,Marka-B,B-Crossover,2021,2021-04-15,2023-04-15,6
502315,102018,Marka-A,A-Compact,2021,2021-03-10,2023-03-10,53
502316,102019,Marka-A,A-SUV,2018,2018-10-27,2021-10-26,0
502317,102020,Marka-C,C-Mini,2013,2013-11-24,2018-11-23,92
502318,102021,Marka-B,B-Crossover,2023,2023-07-24,2026-07-23,26
502319,102021,Marka-A,A-Compact,2014,2014-11-07,2017-11-06,37
502320,102022,Marka-A,A-Compact,2022,2022-03-21,2025-03-20,21
502321,102023,Marka-A,A-SUV,2016,2016-01-21,2019-01-20,27
502322,102023,Marka-A,A-Sedan,2016,2016-09-13,2019-09-13,34
502323,102024,Marka-A,A-Sedan,2021,2021-09-15,2024-09-14,32
502324,102025,Marka-C,C-Van,2016,2016-06-26,2018-06-26,19
502325,102026,Marka-B,B-Touring,2015,2015-01-09,2018-01-08,0
502326,102027,Marka-B,B-Touring,2017,2017-09-01,2019-09-01,12
502327,102028,Marka-A,A-Sedan,2018,2018-08-23,2020-08-22,69
502328,102028,Marka-A,A-Sedan,2016,2016-04-23,2018-04-23,74
502329,102029,Marka-B,B-Touring,2021,2021-02-17,2024-02-17,34
502330,102030,Marka-B,B-Touring,2015,2015-11-21,2017-11-20,8
502331,102030,Marka-A,A-Sedan,2013,2013-07-19,2015-07-19,12
502332,102031,Marka-A,A-Compact,2025,2025-07-03,2028-07-02,59
502333,102032,Marka-B,B-Touring,2024,2024-04-20,2026-04-20,64
502334,102033,Marka-B,B-Crossover,2013,2013-08-17,2016-08-16,8
502335,102034,Marka-B,B-Hatch,2019,2019-03-25,2022-03-24,57
502336,102035,Marka-A,A-SUV,2019,2019-10-11,2022-10-10,32
502337,102036,Marka-B,B-Crossover,2018,2018-01-10,2020-01-10,4
502338,102037,Marka-A,A-Compact,2025,2025-12-23,2028-12-22,0
502339,102037,Marka-B,B-Hatch,2013,2013-06-11,2015-06-11,37
502340,102038,Marka-C,C-Mini,2022,2022-01-12,2025-01-11,36
502341,102039,Marka-C,C-Van,2017,2017-05-22,2022-05-21,2
502342,102040,Marka-A,A-SUV,2025,2025-01-16,2028-01-16,28
502343,102041,Marka-C,C-Van,2017,2017-10-01,2019-10-01,40
502344,102042,Marka-B,B-Crossover,2022,2022-06-16,2024-06-15,12
502345,102043,Marka-C,C-Mini,2013,2013-08-25,2018-08-24,52
502346,102044,Marka-A,A-Sedan,2013,2013-05-13,2015-05-13,69
502347,102044,Marka-B,B-Hatch,2019,2019-12-15,2022-12-14,7
502348,102045,Marka-C,C-Van,2018,2018-11-27,2021-11-26,71
502349,102046,Marka-B,B-Crossover,2024,2024-08-06,2026-08-06,41
502350,102047,Marka-B,B-Touring,2023,2023-04-25,2025-04-24,34
502351,102048,Marka-A,A-Compact,2024,2024-09-07,2027-09-07,19
502352,102049,Marka-C,C-Mini,2023,2023-11-21,2026-11-20,69
502353,102050,Marka-A,A-Compact,2014,2014-10-04,2017-10-03,13
502354,102051,Marka-B,B-Crossover,2020,2020-11-10,2023-11-10,36
502355,102051,Marka-C,C-Van,2016,2016-09-26,2019-09-26,62
502356,102052,Marka-C,C-Van,2023,2023-12-14,2026-12-13,75
502357,102053,Marka-B,B-Crossover,2020,2020-02-17,2023-02-16,40
502358,102054,Marka-A,A-Sedan,2013,2013-09-09,2016-09-08,49
502359,102054,Marka-B,B-Hatch,2016,2016-05-22,2018-05-22,49
502360,102055,Marka-B,B-Touring,2014,2014-07-19,2016-07-18,10
502361,102056,Marka-B,B-Touring,2025,2025-04-01,2028-03-31,63
502362,102057,Marka-B,B-Crossover,2013,2013-01-06,2016-01-06,31
502363,102057,Marka-B,B-Crossover,2022,2022-08-04,2027-08-03,18
502364,102058,Marka-A,A-Sedan,2018,2018-07-22,2021-07-21,58
502365,102059,Marka-B,B-Touring,2021,2021-03-20,2024-03-19,30
502366,102060,Marka-B,B-Touring,2024,2024-08-18,2026-08-18,33
502367,102061,Marka-A,A-Sedan,2025,2025-02-23,2027-02-23,50
502368,102062,Marka-B,B-Touring,2021,2021-09-25,2024-09-24,56
502369,102063,Marka-C,C-Van,2018,2018-12-23,2020-12-22,8
502370,102064,Marka-B,B-Crossover,2016,2016-11-21,2021-11-20,29
502371,102065,Marka-A,A-Compact,2023,2023-08-26,2028-08-24,22
502372,102066,Marka-B,B-Crossover,2025,2025-06-09,2030-06-08,3
502373,102067,Marka-A,A-Compact,2022,2022-04-26,2025-04-25,46
502374,102067,Marka-A,A-Compact,2019,2019-02-20,2024-02-19,0
502375,102068,Marka-B,B-Crossover,2018,2018-03-15,2020-03-14,6
502376,102069,Marka-A,A-Compact,2013,2013-08-21,2018-08-20,45
502377,102070,Marka-C,C-Van,2018,2018-01-19,2021-01-18,12
502378,102071,Marka-A,A-Compact,2018,2018-07-02,2021-07-01,6
502379,102072,Marka-A,A-Compact,2017,2017-11-26,2022-11-25,10
502380,102073,Marka-A,A-SUV,2015,2015-09-12,2017-09-11,33
502381,102074,Marka-A,A-SUV,2019,2019-09-09,2022-09-08,48
502382,102075,Marka-B,B-Crossover,2018,2018-09-02,2023-09-01,44
502383,102076,Marka-A,A-SUV,2014,2014-07-13,2019-07-12,33
502384,102077,Marka-C,C-Mini,2014,2014-08-15,2017-08-14,66
502385,102078,Marka-A,A-SUV,2020,2020-06-11,2025-06-10,8
502386,102078,Marka-B,B-Touring,2015,2015-03-22,2018-03-21,0
502387,102079,Marka-A,A-SUV,2022,2022-06-05,2027-06-04,20
502388,102080,Marka-B,B-Touring,2025,2025-04-18,2028-04-17,59
502389,102081,Marka-B,B-Crossover,2022,2022-12-27,2024-12-26,51
502390,102082,Marka-C,C-Mini,2017,2017-09-27,2019-09-27,5
502391,102082,Marka-B,B-Touring,2018,2018-05-07,2021-05-06,12
502392,102083,Marka-B,B-Touring,2018,2018-01-05,2021-01-04,86
502393,102084,Marka-A,A-Sedan,2018,2018-08-12,2021-08-11,49
502394,102085,Marka-A,A-Compact,2023,2023-06-22,2025-06-21,23
502395,102086,Marka-B,B-Touring,2019,2019-09-11,2022-09-10,23
502396,102087,Marka-C,C-Van,2013,2013-01-10,2016-01-10,65
502397,102088,Marka-B,B-Crossover,2021,2021-10-09,2023-10-09,34
502398,102089,Marka-A,A-Compact,2015,2015-01-23,2017-01-22,0
502399,102090,Marka-C,C-Van,2017,2017-02-12,2020-02-12,68
502400,102091,Marka-B,B-Touring,2022,2022-09-10,2025-09-09,0
502401,102092,Marka-A,A-Sedan,2019,2019-11-08,2024-11-06,62
502402,102093,Marka-A,A-Compact,2022,2022-03-11,2025-03-10,44
502403,102094,Marka-A,A-Sedan,2021,2021-07-11,2023-07-11,35
502404,102095,Marka-C,C-Mini,2022,2022-02-23,2025-02-22,32
502405,102095,Marka-B,B-Hatch,2018,2018-11-01,2023-10-31,42
502406,102096,Marka-B,B-Touring,2022,2022-08-16,2025-08-15,27
502407,102097,Marka-A,A-SUV,2023,2023-02-08,2026-02-07,13
502408,102098,Marka-C,C-Van,2024,2024-01-07,2027-01-06,34
502409,102099,Marka-B,B-Crossover,2015,2015-06-17,2020-06-15,20
502410,102100,Marka-A,A-SUV,2025,2025-04-12,2030-04-11,6
502411,102101,Marka-C,C-Mini,2015,2015-10-07,2018-10-06,38
502412,102102,Marka-A,A-SUV,2023,2023-06-18,2026-06-17,40
502413,102103,Marka-A,A-Compact,2023,2023-02-08,2026-02-07,52
502414,102104,Marka-B,B-Touring,2024,2024-10-02,2027-10-02,61
502415,102105,Marka-B,B-Crossover,2019,2019-06-03,2024-06-01,69
502416,102106,Marka-A,A-Sedan,2021,2021-06-17,2023-06-17,48
502417,102107,Marka-B,B-Touring,2025,2025-10-20,2027-10-20,23
502418,102108,Marka-A,A-SUV,2024,2024-01-10,2027-01-09,30
502419,102109,Marka-A,A-Sedan,2019,2019-08-08,2022-08-07,20
502420,102110,Marka-B,B-Crossover,2019,2019-12-06,2022-12-05,60
502421,102111,Marka-B,B-Crossover,2025,2025-02-09,2028-02-09,61
502422,102111,Marka-A,A-SUV,2017,2017-09-08,2020-09-07,25
502423,102112,Marka-C,C-Van,2018,2018-01-23,2023-01-22,30
502424,102113,Marka-A,A-SUV,2020,2020-01-05,2023-01-04,14
502425,102113,Marka-A,A-Compact,2015,2015-03-01,2018-02-28,14
502426,102114,Marka-B,B-Touring,2023,2023-06-17,2025-06-16,43
502427,102115,Marka-B,B-Crossover,2025,2025-08-14,2030-08-13,17
502428,102116,Marka-B,B-Touring,2025,2025-10-11,2028-10-10,9
502429,102117,Marka-A,A-Compact,2021,2021-07-13,2024-07-12,14
502430,102118,Marka-A,A-Compact,2023,2023-01-13,2026-01-12,45
502431,102119,Marka-C,C-Van,2025,2025-04-13,2027-04-13,39
502432,102120,Marka-A,A-Compact,2017,2017-12-21,2020-12-20,0
502433,102121,Marka-C,C-Mini,2022,2022-08-08,2027-08-07,32
502434,102122,Marka-C,C-Van,2017,2017-05-16,2019-05-16,5
502435,102123,Marka-B,B-Hatch,2019,2019-07-19,2021-07-18,45
502436,102123,Marka-A,A-Sedan,2020,2020-03-18,2025-03-17,92
502437,102124,Marka-C,C-Mini,2015,2015-03-14,2018-03-13,0
502438,102125,Marka-A,A-Sedan,2025,2025-08-07,2027-08-07,10
502439,102126,Marka-A,A-SUV,2014,2014-12-27,2017-12-26,38
502440,102127,Marka-A,A-Compact,2021,2021-02-24,2026-02-23,10
502441,102128,Marka-B,B-Crossover,2025,2025-10-25,2028-10-24,88
502442,102129,Marka-B,B-Hatch,2023,2023-01-07,2028-01-06,38
502443,102130,Marka-B,B-Touring,2021,2021-05-06,2024-05-05,7
502444,102131,Marka-A,A-Compact,2021,2021-04-24,2024-04-23,0
502445,102132,Marka-A,A-SUV,2015,2015-01-09,2017-01-08,45
502446,102132,Marka-A,A-Sedan,2023,2023-05-11,2026-05-10,35
502447,102133,Marka-B,B-Hatch,2025,2025-07-18,2028-07-17,37
502448,102134,Marka-B,B-Crossover,2019,2019-01-11,2021-01-10,25
502449,102135,Marka-C,C-Mini,2013,2013-02-05,2016-02-05,43
502450,102136,Marka-A,A-Compact,2025,2025-12-25,2028-12-24,45
502451,102137,Marka-B,B-Crossover,2022,2022-01-26,2025-01-25,52
502452,102138,Marka-B,B-Hatch,2019,2019-12-01,2022-11-30,0
502453,102139,Marka-B,B-Crossover,2017,2017-09-25,2022-09-24,45
502454,102140,Marka-A,A-Sedan,2024,2024-04-21,2026-04-21,68
502455,102141,Marka-C,C-Van,2025,2025-10-11,2028-10-10,42
502456,102142,Marka-A,A-Compact,2024,2024-07-17,2027-07-17,25
502457,102142,Marka-C,C-Van,2021,2021-08-01,2024-07-31,34
502458,102143,Marka-B,B-Hatch,2019,2019-11-23,2021-11-22,38
502459,102143,Marka-B,B-Hatch,2024,2024-09-21,2029-09-20,22
502460,102144,Marka-A,A-Compact,2018,2018-07-10,2021-07-09,41
502461,102144,Marka-A,A-Compact,2025,2025-03-03,2027-03-03,76
502462,102145,Marka-B,B-Touring,2022,2022-08-13,2024-08-12,56
502463,102146,Marka-A,A-Sedan,2019,2019-07-02,2021-07-01,36
502464,102147,Marka-A,A-Sedan,2022,2022-01-17,2025-01-16,41
502465,102148,Marka-A,A-Sedan,2015,2015-06-09,2018-06-08,19
502466,102149,Marka-A,A-Sedan,2021,2021-08-18,2023-08-18,67
502467,102150,Marka-A,A-Sedan,2017,2017-01-20,2020-01-20,24
502468,102151,Marka-B,B-Crossover,2024,2024-08-19,2029-08-18,0
502469,102152,Marka-C,C-Van,2025,2025-05-05,2027-05-05,32
502470,102153,Marka-A,A-SUV,2020,2020-07-22,2025-07-21,23
502471,102154,Marka-A,A-Sedan,2016,2016-01-02,2019-01-01,3
502472,102155,Marka-B,B-Touring,2024,2024-10-12,2029-10-11,66
502473,102156,Marka-B,B-Crossover,2023,2023-04-12,2028-04-10,10
502474,102157,Marka-A,A-Compact,2016,2016-02-19,2018-02-18,22
502475,102158,Marka-A,A-Compact,2021,2021-07-20,2026-07-19,14
502476,102159,Marka-B,B-Crossover,2016,2016-08-10,2019-08-10,22
502477,102160,Marka-A,A-SUV,2016,2016-11-14,2019-11-14,51
502478,102161,Marka-B,B-Hatch,2023,2023-10-02,2025-10-01,36
502479,102162,Marka-A,A-SUV,2018,2018-05-17,2020-05-16,12
502480,102163,Marka-C,C-Van,2025,2025-08-02,2027-08-02,67
502481,102164,Marka-C,C-Van,2022,2022-07-04,2025-07-03,41
502482,102165,Marka-B,B-Crossover,2025,2025-11-04,2027-11-04,2
502483,102166,Marka-B,B-Crossover,2016,2016-03-08,2019-03-08,38
502484,102167,Marka-A,A-Compact,2015,2015-11-26,2017-11-25,29
502485,102168,Marka-B,B-Hatch,2014,2014-11-05,2017-11-04,40
502486,102168,Marka-A,A-Sedan,2024,2024-08-16,2027-08-16,54
502487,102169,Marka-C,C-Mini,2025,2025-05-23,2027-05-23,73
502488,102169,Marka-B,B-Touring,2023,2023-02-16,2026-02-15,18
502489,102170,Marka-B,B-Hatch,2021,2021-06-24,2024-06-23,54
502490,102171,Marka-A,A-SUV,2015,2015-07-12,2017-07-11,67
502491,102172,Marka-B,B-Touring,2025,2025-06-06,2028-06-05,30
502492,102173,Marka-B,B-Hatch,2019,2019-05-13,2022-05-12,0
502493,102174,Marka-B,B-Touring,2018,2018-11-20,2021-11-19,78
502494,102175,Marka-B,B-Crossover,2013,2013-01-04,2016-01-04,30
502495,102176,Marka-A,A-Sedan,2023,2023-10-16,2026-10-15,38
502496,102177,Marka-A,A-Sedan,2023,2023-06-26,2028-06-24,26
502497,102178,Marka-B,B-Crossover,2020,2020-07-09,2025-07-08,30
502498,102179,Marka-C,C-Mini,2018,2018-08-17,2020-08-16,10
502499,102180,Marka-C,C-Van,2016,2016-05-16,2019-05-16,57
502500,102181,Marka-A,A-Compact,2014,2014-04-18,2017-04-17,14
502501,102182,Marka-C,C-Van,2014,2014-05-25,2017-05-24,0
502502,102183,Marka-A,A-SUV,2014,2014-05-21,2019-05-20,20
502503,102184,Marka-B,B-Hatch,2013,2013-04-08,2015-04-08,13
502504,102185,Marka-C,C-Van,2019,2019-11-20,2021-11-19,0
502505,102186,Marka-A,A-SUV,2014,2014-08-12,2017-08-11,35
502506,102187,Marka-A,A-Compact,2022,2022-10-04,2024-10-03,49
502507,102188,Marka-A,A-Sedan,2023,2023-12-07,2026-12-06,56
502508,102189,Marka-B,B-Crossover,2018,2018-07-16,2020-07-15,29
502509,102190,Marka-A,A-Sedan,2017,2017-09-25,2019-09-25,23
502510,102190,Marka-C,C-Mini,2015,2015-11-14,2020-11-12,23
502511,102191,Marka-B,B-Touring,2023,2023-05-04,2026-05-03,44
502512,102192,Marka-B,B-Crossover,2018,2018-01-23,2023-01-22,86
502513,102192,Marka-B,B-Crossover,2021,2021-06-08,2024-06-07,62
502514,102193,Marka-A,A-SUV,2015,2015-02-14,2018-02-13,61
502515,102194,Marka-A,A-Sedan,2022,2022-12-17,2024-12-16,65
502516,102195,Marka-B,B-Hatch,2020,2020-02-12,2025-02-10,42
502517,102195,Marka-B,B-Touring,2019,2019-01-26,2022-01-25,88
502518,102196,Marka-A,A-SUV,2019,2019-02-21,2022-02-20,7
502519,102196,Marka-B,B-Crossover,2021,2021-08-01,2024-07-31,24
502520,102197,Marka-B,B-Hatch,2022,2022-10-24,2025-10-23,3
502521,102198,Marka-B,B-Hatch,2023,2023-05-05,2026-05-04,36
502522,102199,Marka-A,A-Sedan,2017,2017-09-15,2020-09-14,24
502523,102200,Marka-A,A-Compact,2019,2019-12-01,2022-11-30,37
502524,102200,Marka-A,A-Compact,2015,2015-12-02,2018-12-01,3
502525,102201,Marka-B,B-Hatch,2014,2014-06-08,2017-06-07,22
502526,102202,Marka-A,A-Compact,2018,2018-08-25,2021-08-24,34
502527,102203,Marka-A,A-Sedan,2013,2013-07-27,2018-07-26,35
502528,102204,Marka-A,A-SUV,2020,2020-10-07,2023-10-07,11
502529,102205,Marka-A,A-Compact,2019,2019-02-01,2024-01-31,34
502530,102206,Marka-A,A-Sedan,2021,2021-08-24,2026-08-23,60
502531,102206,Marka-B,B-Touring,2023,2023-10-14,2026-10-13,45
502532,102207,Marka-A,A-Compact,2023,2023-11-11,2025-11-10,23
502533,102208,Marka-C,C-Mini,2017,2017-12-12,2019-12-12,13
502534,102209,Marka-A,A-Sedan,2021,2021-02-01,2024-02-01,23
502535,102210,Marka-B,B-Crossover,2014,2014-09-21,2017-09-20,45
502536,102211,Marka-A,A-Compact,2017,2017-08-08,2022-08-07,85
502537,102212,Marka-A,A-SUV,2016,2016-05-01,2018-05-01,32
502538,102213,Marka-A,A-Compact,2013,2013-05-06,2015-05-06,53
502539,102214,Marka-A,A-SUV,2020,2020-08-07,2022-08-07,33
502540,102215,Marka-A,A-SUV,2014,2014-06-26,2017-06-25,41
502541,102215,Marka-C,C-Mini,2019,2019-06-06,2021-06-05,40
502542,102216,Marka-C,C-Van,2019,2019-05-15,2024-05-13,47
502543,102217,Marka-B,B-Hatch,2021,2021-06-17,2023-06-17,42
502544,102218,Marka-A,A-Sedan,2024,2024-03-17,2027-03-17,17
502545,102219,Marka-A,A-Compact,2013,2013-02-19,2015-02-19,0
502546,102220,Marka-A,A-SUV,2020,2020-10-08,2022-10-08,60
502547,102221,Marka-A,A-SUV,2024,2024-08-09,2026-08-09,15
502548,102222,Marka-B,B-Crossover,2018,2018-05-27,2023-05-26,37
502549,102223,Marka-B,B-Hatch,2019,2019-11-02,2021-11-01,24
502550,102224,Marka-A,A-SUV,2021,2021-02-11,2024-02-11,56
502551,102225,Marka-B,B-Touring,2014,2014-02-08,2016-02-08,2
502552,102226,Marka-A,A-Sedan,2015,2015-03-23,2018-03-22,58
502553,102227,Marka-B,B-Touring,2022,2022-07-24,2025-07-23,21
502554,102228,Marka-B,B-Touring,2022,2022-10-18,2025-10-17,63
502555,102229,Marka-A,A-Sedan,2014,2014-05-12,2017-05-11,32
502556,102230,Marka-A,A-Sedan,2021,2021-01-07,2024-01-07,37
502557,102231,Marka-A,A-Compact,2016,2016-02-04,2019-02-03,63
502558,102232,Marka-A,A-Compact,2014,2014-05-13,2017-05-12,79
502559,102233,Marka-B,B-Hatch,2017,2017-07-26,2020-07-25,30
502560,102234,Marka-A,A-Sedan,2025,2025-02-26,2028-02-26,65
502561,102235,Marka-B,B-Crossover,2024,2024-06-18,2026-06-18,41
502562,102236,Marka-A,A-Compact,2018,2018-09-23,2020-09-22,39
502563,102237,Marka-A,A-Compact,2020,2020-07-09,2025-07-08,21
502564,102238,Marka-A,A-SUV,2025,2025-11-16,2028-11-15,0
502565,102239,Marka-A,A-SUV,2024,2024-09-16,2026-09-16,4
502566,102240,Marka-A,A-SUV,2013,2013-05-25,2018-05-24,33
502567,102241,Marka-C,C-Van,2023,2023-01-06,2026-01-05,32
502568,102242,Marka-B,B-Hatch,2023,2023-07-05,2028-07-03,56
502569,102242,Marka-A,A-Sedan,2025,2025-03-22,2030-03-21,47
502570,102243,Marka-A,A-SUV,2025,2025-02-12,2027-02-12,0
502571,102244,Marka-C,C-Van,2019,2019-05-13,2024-05-11,0
502572,102245,Marka-C,C-Mini,2022,2022-08-13,2024-08-12,24
502573,102246,Marka-A,A-Sedan,2016,2016-01-25,2018-01-24,25
502574,102247,Marka-A,A-Compact,2021,2021-08-11,2026-08-10,0
502575,102248,Marka-A,A-SUV,2019,2019-02-10,2022-02-09,23
502576,102249,Marka-A,A-SUV,2016,2016-04-02,2018-04-02,39
502577,102250,Marka-B,B-Touring,2019,2019-12-16,2022-12-15,64
502578,102251,Marka-A,A-SUV,2021,2021-10-21,2023-10-21,15
502579,102252,Marka-A,A-Compact,2013,2013-02-14,2016-02-14,39
502580,102253,Marka-C,C-Van,2024,2024-11-13,2026-11-13,44
502581,102254,Marka-B,B-Touring,2015,2015-12-11,2017-12-10,7
502582,102255,Marka-A,A-Sedan,2020,2020-02-15,2023-02-14,49
502583,102256,Marka-B,B-Crossover,2013,2013-09-22,2016-09-21,13
502584,102257,Marka-C,C-Van,2016,2016-12-19,2018-12-19,46
502585,102258,Marka-C,C-Van,2013,2013-09-24,2015-09-24,37
502586,102259,Marka-B,B-Crossover,2023,2023-08-12,2025-08-11,0
502587,102260,Marka-B,B-Hatch,2021,2021-06-06,2024-06-05,12
502588,102261,Marka-B,B-Crossover,2018,2018-07-25,2020-07-24,86
502589,102262,Marka-A,A-Compact,2019,2019-10-20,2021-10-19,25
502590,102263,Marka-C,C-Van,2020,2020-12-07,2025-12-06,62
502591,102264,Marka-B,B-Touring,2017,2017-10-13,2022-10-12,31
502592,102265,Marka-B,B-Touring,2015,2015-06-04,2017-06-03,38
502593,102266,Marka-C,C-Van,2021,2021-03-06,2024-03-05,56
502594,102267,Marka-A,A-Compact,2017,2017-06-18,2020-06-17,0
502595,102268,Marka-B,B-Hatch,2017,2017-04-21,2020-04-20,42
502596,102268,Marka-A,A-Compact,2016,2016-04-17,2021-04-16,14
502597,102269,Marka-B,B-Hatch,2020,2020-05-23,2022-05-23,0
502598,102269,Marka-A,A-Compact,2025,2025-08-27,2028-08-26,0
502599,102270,Marka-A,A-SUV,2014,2014-08-24,2016-08-23,64
502600,102271,Marka-B,B-Hatch,2015,2015-12-25,2018-12-24,30
502601,102272,Marka-A,A-SUV,2023,2023-11-15,2026-11-14,0
502602,102273,Marka-A,A-SUV,2022,2022-05-25,2025-05-24,23
502603,102274,Marka-A,A-SUV,2025,2025-06-14,2030-06-13,24
502604,102274,Marka-A,A-Sedan,2015,2015-10-17,2018-10-16,51
502605,102275,Marka-A,A-Compact,2019,2019-07-10,2022-07-09,67
502606,102276,Marka-C,C-Mini,2017,2017-05-16,2020-05-15,15
502607,102277,Marka-C,C-Mini,2019,2019-12-02,2022-12-01,32
502608,102278,Marka-B,B-Touring,2022,2022-02-01,2024-02-01,36
502609,102279,Marka-B,B-Crossover,2013,2013-12-14,2018-12-13,32
502610,102280,Marka-B,B-Crossover,2024,2024-05-01,2027-05-01,21
502611,102281,Marka-B,B-Touring,2018,2018-10-07,2023-10-06,6
502612,102282,Marka-A,A-SUV,2022,2022-10-15,2025-10-14,16
502613,102283,Marka-A,A-SUV,2025,2025-10-01,2028-09-30,59
502614,102284,Marka-B,B-Crossover,2019,2019-07-02,2021-07-01,83
502615,102284,Marka-A,A-Sedan,2014,2014-01-23,2017-01-22,47
502616,102285,Marka-C,C-Mini,2021,2021-04-08,2024-04-07,15
502617,102286,Marka-A,A-Compact,2015,2015-10-07,2020-10-05,52
502618,102287,Marka-A,A-SUV,2017,2017-10-12,2022-10-11,27
502619,102288,Marka-A,A-Compact,2023,2023-01-02,2025-01-01,31
502620,102289,Marka-A,A-Sedan,2023,2023-07-10,2025-07-09,50
502621,102290,Marka-C,C-Mini,2016,2016-07-02,2019-07-02,29
502622,102291,Marka-C,C-Mini,2015,2015-07-14,2018-07-13,41
502623,102291,Marka-A,A-Sedan,2023,2023-12-08,2028-12-06,0
502624,102292,Marka-B,B-Crossover,2025,2025-07-22,2028-07-21,46
502625,102293,Marka-A,A-SUV,2018,2018-12-18,2020-12-17,0
502626,102294,Marka-B,B-Touring,2024,2024-01-11,2026-01-10,68
502627,102294,Marka-C,C-Mini,2015,2015-04-09,2018-04-08,0
502628,102295,Marka-A,A-SUV,2021,2021-04-10,2026-04-09,33
502629,102296,Marka-B,B-Touring,2019,2019-10-01,2021-09-30,7
502630,102296,Marka-A,A-SUV,2014,2014-08-20,2017-08-19,20
502631,102297,Marka-B,B-Touring,2014,2014-03-20,2017-03-19,38
502632,102298,Marka-B,B-Crossover,2019,2019-01-11,2024-01-10,11
502633,102299,Marka-C,C-Mini,2024,2024-04-21,2026-04-21,56
502634,102300,Marka-A,A-Sedan,2014,2014-11-17,2017-11-16,16
502635,102301,Marka-B,B-Hatch,2020,2020-03-10,2025-03-09,31
502636,102302,Marka-A,A-Sedan,2023,2023-03-24,2028-03-22,37
502637,102303,Marka-A,A-Compact,2015,2015-09-13,2018-09-12,47
502638,102304,Marka-A,A-Compact,2018,2018-09-21,2020-09-20,5
502639,102305,Marka-B,B-Touring,2025,2025-11-02,2028-11-01,45
502640,102306,Marka-B,B-Hatch,2020,2020-10-10,2023-10-10,22
502641,102307,Marka-B,B-Crossover,2015,2015-12-01,2017-11-30,22
502642,102308,Marka-A,A-SUV,2013,2013-02-11,2015-02-11,38
502643,102309,Marka-B,B-Crossover,2024,2024-10-27,2026-10-27,46
502644,102310,Marka-C,C-Mini,2013,2013-02-02,2016-02-02,46
502645,102311,Marka-B,B-Crossover,2022,2022-09-11,2025-09-10,48
502646,102312,Marka-C,C-Mini,2018,2018-02-03,2021-02-02,22
502647,102313,Marka-C,C-Van,2019,2019-10-03,2022-10-02,42
502648,102314,Marka-B,B-Hatch,2025,2025-12-06,2030-12-05,42
502649,102315,Marka-B,B-Hatch,2019,2019-05-16,2021-05-15,24
502650,102316,Marka-C,C-Mini,2023,2023-05-18,2026-05-17,27
502651,102316,Marka-B,B-Crossover,2018,2018-07-23,2021-07-22,4
502652,102317,Marka-C,C-Van,2015,2015-06-14,2017-06-13,16
502653,102317,Marka-B,B-Touring,2023,2023-01-24,2026-01-23,26
502654,102318,Marka-B,B-Hatch,2024,2024-08-13,2026-08-13,0
502655,102319,Marka-C,C-Van,2022,2022-04-06,2024-04-05,41
502656,102320,Marka-C,C-Mini,2013,2013-08-09,2016-08-08,0
502657,102321,Marka-B,B-Hatch,2022,2022-07-07,2025-07-06,30
502658,102322,Marka-A,A-Compact,2021,2021-08-17,2026-08-16,14
502659,102323,Marka-A,A-Sedan,2020,2020-10-27,2022-10-27,40
502660,102323,Marka-B,B-Crossover,2018,2018-10-05,2023-10-04,74
502661,102324,Marka-B,B-Hatch,2017,2017-10-09,2020-10-08,69
502662,102324,Marka-B,B-Crossover,2023,2023-02-09,2026-02-08,3
502663,102325,Marka-A,A-SUV,2023,2023-02-20,2025-02-19,49
502664,102326,Marka-A,A-Compact,2021,2021-03-19,2023-03-19,48
502665,102327,Marka-B,B-Crossover,2019,2019-11-26,2024-11-24,14
502666,102328,Marka-B,B-Crossover,2021,2021-07-03,2026-07-02,13
502667,102329,Marka-A,A-Compact,2021,2021-02-16,2024-02-16,46
502668,102330,Marka-A,A-SUV,2014,2014-03-06,2017-03-05,13
502669,102331,Marka-A,A-Sedan,2024,2024-07-26,2029-07-25,0
502670,102332,Marka-A,A-Compact,2018,2018-03-23,2023-03-22,46
502671,102333,Marka-A,A-SUV,2024,2024-11-10,2029-11-09,63
502672,102333,Marka-C,C-Mini,2015,2015-10-19,2017-10-18,43
502673,102334,Marka-A,A-Compact,2017,2017-08-02,2022-08-01,30
502674,102335,Marka-A,A-Compact,2014,2014-07-17,2017-07-16,15
502675,102336,Marka-A,A-Compact,2016,2016-04-23,2019-04-23,36
502676,102337,Marka-C,C-Van,2019,2019-05-02,2024-04-30,23
502677,102338,Marka-B,B-Hatch,2025,2025-03-13,2030-03-12,16
502678,102339,Marka-A,A-SUV,2015,2015-07-15,2018-07-14,45
502679,102340,Marka-B,B-Touring,2019,2019-11-08,2021-11-07,54
502680,102341,Marka-A,A-Sedan,2016,2016-11-23,2019-11-23,52
502681,102342,Marka-A,A-Sedan,2025,2025-04-15,2027-04-15,35
502682,102342,Marka-A,A-Compact,2023,2023-05-17,2028-05-15,69
502683,102343,Marka-A,A-SUV,2021,2021-03-03,2024-03-02,16
502684,102344,Marka-C,C-Van,2021,2021-09-16,2024-09-15,0
502685,102345,Marka-B,B-Hatch,2014,2014-09-06,2017-09-05,31
502686,102346,Marka-B,B-Crossover,2023,2023-05-25,2026-05-24,62
502687,102347,Marka-A,A-SUV,2025,2025-01-19,2028-01-19,53
502688,102347,Marka-A,A-Compact,2021,2021-03-15,2023-03-15,40
502689,102348,Marka-B,B-Hatch,2018,2018-05-10,2020-05-09,49
502690,102349,Marka-A,A-Sedan,2021,2021-12-13,2024-12-12,43
502691,102350,Marka-A,A-Compact,2018,2018-02-06,2020-02-06,58
502692,102351,Marka-A,A-Compact,2018,2018-06-19,2020-06-18,48
502693,102352,Marka-A,A-SUV,2022,2022-04-23,2025-04-22,38
502694,102353,Marka-C,C-Mini,2022,2022-07-20,2025-07-19,24
502695,102354,Marka-C,C-Mini,2023,2023-09-06,2025-09-05,28
502696,102354,Marka-A,A-SUV,2019,2019-04-01,2021-03-31,89
502697,102355,Marka-B,B-Touring,2020,2020-06-27,2023-06-27,37
502698,102356,Marka-A,A-Sedan,2022,2022-12-02,2027-12-01,46
502699,102357,Marka-B,B-Crossover,2021,2021-04-12,2023-04-12,37
502700,102357,Marka-A,A-Sedan,2016,2016-05-17,2019-05-17,19
502701,102358,Marka-B,B-Touring,2018,2018-12-05,2023-12-04,14
502702,102359,Marka-A,A-SUV,2013,2013-10-11,2015-10-11,32
502703,102360,Marka-C,C-Mini,2025,2025-06-08,2027-06-08,10
502704,102361,Marka-A,A-Sedan,2021,2021-03-13,2026-03-12,18
502705,102362,Marka-A,A-Sedan,2018,2018-11-12,2020-11-11,55
502706,102363,Marka-A,A-Sedan,2015,2015-01-17,2018-01-16,40
502707,102364,Marka-C,C-Van,2013,2013-10-11,2015-10-11,0
502708,102364,Marka-A,A-Sedan,2023,2023-11-14,2025-11-13,0
502709,102365,Marka-A,A-Compact,2013,2013-03-27,2015-03-27,56
502710,102366,Marka-A,A-SUV,2018,2018-05-17,2021-05-16,97
502711,102367,Marka-A,A-Compact,2022,2022-08-01,2024-07-31,51
502712,102368,Marka-C,C-Van,2017,2017-08-12,2020-08-11,0
502713,102368,Marka-C,C-Mini,2023,2023-02-26,2028-02-25,40
502714,102369,Marka-B,B-Crossover,2025,2025-08-08,2028-08-07,35
502715,102370,Marka-A,A-SUV,2014,2014-12-08,2016-12-07,7
502716,102371,Marka-B,B-Hatch,2017,2017-08-25,2019-08-25,81
502717,102372,Marka-A,A-Sedan,2014,2014-05-19,2017-05-18,50
502718,102373,Marka-B,B-Touring,2021,2021-03-18,2023-03-18,61
502719,102374,Marka-B,B-Crossover,2020,2020-02-22,2022-02-21,0
502720,102375,Marka-A,A-Compact,2017,2017-02-05,2020-02-05,30
502721,102376,Marka-B,B-Touring,2013,2013-10-09,2018-10-08,46
502722,102376,Marka-B,B-Touring,2018,2018-09-04,2021-09-03,31
502723,102377,Marka-A,A-SUV,2015,2015-11-24,2018-11-23,48
502724,102378,Marka-A,A-SUV,2016,2016-04-06,2019-04-06,45
502725,102379,Marka-B,B-Hatch,2022,2022-06-07,2024-06-06,18
502726,102380,Marka-C,C-Mini,2017,2017-12-07,2020-12-06,16
502727,102381,Marka-C,C-Mini,2018,2018-04-07,2021-04-06,35
502728,102382,Marka-A,A-Sedan,2025,2025-09-07,2028-09-06,0
502729,102383,Marka-A,A-Sedan,2013,2013-02-22,2018-02-21,15
502730,102384,Marka-B,B-Hatch,2020,2020-02-04,2023-02-03,7
502731,102385,Marka-A,A-SUV,2019,2019-05-15,2021-05-14,13
502732,102386,Marka-A,A-SUV,2013,2013-03-12,2018-03-11,6
502733,102387,Marka-B,B-Crossover,2013,2013-08-03,2016-08-02,0
502734,102388,Marka-C,C-Mini,2013,2013-09-11,2016-09-10,3
502735,102389,Marka-C,C-Van,2018,2018-04-25,2021-04-24,25
502736,102390,Marka-C,C-Van,2017,2017-01-09,2020-01-09,39
502737,102391,Marka-B,B-Crossover,2013,2013-08-01,2016-07-31,25
502738,102392,Marka-C,C-Mini,2015,2015-02-20,2017-02-19,42
502739,102392,Marka-C,C-Mini,2021,2021-04-17,2026-04-16,43
502740,102393,Marka-B,B-Crossover,2017,2017-05-20,2020-05-19,32
502741,102394,Marka-C,C-Van,2019,2019-07-14,2024-07-12,4
502742,102395,Marka-A,A-Compact,2013,2013-08-21,2015-08-21,35
502743,102395,Marka-B,B-Touring,2024,2024-01-08,2026-01-07,52
502744,102396,Marka-A,A-Sedan,2015,2015-01-03,2020-01-02,3
502745,102397,Marka-A,A-SUV,2024,2024-04-05,2029-04-04,42
502746,102397,Marka-B,B-Hatch,2020,2020-12-26,2023-12-26,52
502747,102398,Marka-C,C-Van,2024,2024-04-22,2026-04-22,40
502748,102399,Marka-A,A-Sedan,2017,2017-01-22,2020-01-22,59
502749,102399,Marka-B,B-Touring,2015,2015-08-04,2017-08-03,42
502750,102400,Marka-A,A-Sedan,2020,2020-11-22,2023-11-22,0
502751,102401,Marka-B,B-Crossover,2015,2015-05-21,2017-05-20,12
502752,102402,Marka-C,C-Van,2019,2019-11-02,2024-10-31,25
502753,102403,Marka-B,B-Crossover,2021,2021-04-22,2024-04-21,63
502754,102404,Marka-A,A-SUV,2014,2014-05-11,2016-05-10,22
502755,102405,Marka-A,A-SUV,2018,2018-05-05,2021-05-04,0
502756,102406,Marka-B,B-Touring,2024,2024-07-13,2029-07-12,39
502757,102407,Marka-C,C-Van,2018,2018-04-13,2021-04-12,14
502758,102408,Marka-C,C-Van,2019,2019-04-03,2022-04-02,0
502759,102409,Marka-A,A-Sedan,2021,2021-11-02,2023-11-02,36
502760,102409,Marka-A,A-Sedan,2016,2016-08-08,2021-08-07,34
502761,102410,Marka-A,A-Sedan,2023,2023-05-26,2028-05-24,31
502762,102411,Marka-B,B-Hatch,2016,2016-11-19,2019-11-19,27
502763,102412,Marka-B,B-Crossover,2021,2021-04-07,2023-04-07,36
502764,102413,Marka-B,B-Touring,2024,2024-12-02,2026-12-02,60
502765,102414,Marka-B,B-Touring,2016,2016-07-09,2021-07-08,0
502766,102415,Marka-B,B-Hatch,2019,2019-04-09,2021-04-08,31
502767,102416,Marka-B,B-Hatch,2019,2019-12-16,2021-12-15,26
502768,102417,Marka-B,B-Crossover,2013,2013-02-05,2016-02-05,2
502769,102418,Marka-C,C-Mini,2014,2014-07-18,2017-07-17,26
502770,102419,Marka-B,B-Crossover,2020,2020-02-22,2023-02-21,28
502771,102420,Marka-B,B-Touring,2023,2023-06-23,2025-06-22,72
502772,102421,Marka-A,A-Compact,2017,2017-07-10,2020-07-09,0
502773,102421,Marka-A,A-Sedan,2023,2023-10-24,2025-10-23,24
502774,102422,Marka-C,C-Mini,2022,2022-02-21,2027-02-20,53
502775,102423,Marka-C,C-Mini,2020,2020-09-05,2023-09-05,45
502776,102424,Marka-A,A-SUV,2019,2019-11-24,2022-11-23,27
502777,102425,Marka-B,B-Crossover,2015,2015-07-25,2020-07-23,26
502778,102426,Marka-A,A-Compact,2013,2013-10-22,2016-10-21,12
502779,102427,Marka-B,B-Touring,2019,2019-03-11,2022-03-10,66
502780,102428,Marka-A,A-SUV,2017,2017-12-13,2020-12-12,22
502781,102429,Marka-A,A-Sedan,2024,2024-11-19,2026-11-19,14
502782,102430,Marka-B,B-Crossover,2018,2018-04-16,2020-04-15,33
502783,102431,Marka-A,A-Compact,2020,2020-11-10,2023-11-10,0
502784,102432,Marka-C,C-Van,2022,2022-07-18,2027-07-17,28
502785,102433,Marka-C,C-Mini,2013,2013-07-26,2015-07-26,72
502786,102434,Marka-A,A-Sedan,2015,2015-12-10,2017-12-09,85
502787,102435,Marka-A,A-Sedan,2013,2013-03-26,2016-03-25,28
502788,102436,Marka-A,A-SUV,2019,2019-03-07,2022-03-06,47
502789,102437,Marka-C,C-Mini,2023,2023-12-13,2026-12-12,33
502790,102437,Marka-B,B-Touring,2023,2023-01-07,2025-01-06,18
502791,102438,Marka-C,C-Van,2015,2015-08-25,2017-08-24,41
502792,102439,Marka-B,B-Crossover,2022,2022-11-20,2024-11-19,59
502793,102440,Marka-A,A-Compact,2015,2015-09-06,2017-09-05,45
502794,102440,Marka-B,B-Touring,2024,2024-10-10,2027-10-10,0
502795,102441,Marka-A,A-SUV,2024,2024-05-26,2027-05-26,64
502796,102442,Marka-B,B-Touring,2014,2014-05-02,2016-05-01,3
502797,102443,Marka-A,A-Compact,2016,2016-09-23,2019-09-23,56
502798,102444,Marka-A,A-Compact,2025,2025-07-19,2028-07-18,34
502799,102445,Marka-A,A-Compact,2023,2023-10-09,2026-10-08,0
502800,102446,Marka-B,B-Hatch,2013,2013-03-10,2016-03-09,11
502801,102446,Marka-B,B-Crossover,2015,2015-12-11,2018-12-10,46
502802,102447,Marka-C,C-Mini,2021,2021-07-21,2024-07-20,15
502803,102448,Marka-A,A-SUV,2016,2016-10-17,2019-10-17,27
502804,102449,Marka-A,A-SUV,2017,2017-07-14,2022-07-13,0
502805,102450,Marka-A,A-Compact,2024,2024-01-03,2026-01-02,0
502806,102451,Marka-B,B-Hatch,2021,2021-11-16,2024-11-15,11
502807,102451,Marka-B,B-Touring,2022,2022-03-11,2025-03-10,14
502808,102452,Marka-A,A-SUV,2023,2023-06-16,2025-06-15,10
502809,102453,Marka-B,B-Hatch,2023,2023-04-01,2025-03-31,58
502810,102454,Marka-B,B-Hatch,2014,2014-02-22,2017-02-21,21
502811,102455,Marka-A,A-Sedan,2019,2019-04-03,2022-04-02,52
502812,102456,Marka-B,B-Touring,2015,2015-11-06,2018-11-05,29
502813,102457,Marka-B,B-Hatch,2013,2013-11-10,2018-11-09,25
502814,102458,Marka-C,C-Mini,2022,2022-11-22,2024-11-21,36
502815,102459,Marka-A,A-SUV,2019,2019-01-23,2021-01-22,46
502816,102460,Marka-B,B-Touring,2024,2024-01-25,2026-01-24,54
502817,102461,Marka-A,A-Sedan,2024,2024-05-18,2026-05-18,40
502818,102462,Marka-A,A-Compact,2021,2021-10-05,2024-10-04,62
502819,102463,Marka-A,A-Sedan,2024,2024-03-15,2027-03-15,71
502820,102464,Marka-A,A-Sedan,2015,2015-07-20,2018-07-19,34
502821,102465,Marka-B,B-Touring,2025,2025-12-22,2027-12-22,44
502822,102466,Marka-B,B-Touring,2021,2021-04-14,2024-04-13,6
502823,102467,Marka-C,C-Mini,2018,2018-05-12,2020-05-11,13
502824,102468,Marka-A,A-Compact,2019,2019-03-19,2021-03-18,35
502825,102469,Marka-C,C-Van,2023,2023-04-04,2026-04-03,70
502826,102470,Marka-A,A-Sedan,2019,2019-12-23,2021-12-22,7
502827,102471,Marka-B,B-Crossover,2017,2017-07-07,2020-07-06,60
502828,102472,Marka-A,A-Sedan,2017,2017-01-09,2020-01-09,68
502829,102473,Marka-B,B-Hatch,2014,2014-12-05,2017-12-04,36
502830,102474,Marka-A,A-Compact,2023,2023-05-11,2026-05-10,82
502831,102475,Marka-A,A-Sedan,2023,2023-09-23,2026-09-22,44
502832,102476,Marka-B,B-Hatch,2019,2019-12-13,2024-12-11,76
502833,102477,Marka-A,A-SUV,2015,2015-07-17,2018-07-16,7
502834,102478,Marka-A,A-Sedan,2013,2013-08-22,2016-08-21,45
502835,102479,Marka-A,A-SUV,2024,2024-06-24,2027-06-24,31
502836,102480,Marka-B,B-Crossover,2014,2014-04-19,2016-04-18,43
502837,102480,Marka-B,B-Touring,2023,2023-05-05,2026-05-04,29
502838,102481,Marka-A,A-Compact,2021,2021-04-17,2023-04-17,47
502839,102482,Marka-C,C-Mini,2016,2016-07-10,2019-07-10,9
502840,102483,Marka-C,C-Van,2025,2025-10-01,2028-09-30,31
502841,102484,Marka-A,A-Sedan,2017,2017-04-24,2019-04-24,2
502842,102485,Marka-A,A-SUV,2015,2015-11-03,2018-11-02,5
502843,102485,Marka-A,A-Compact,2016,2016-10-22,2019-10-22,22
502844,102486,Marka-A,A-SUV,2016,2016-03-17,2019-03-17,50
502845,102487,Marka-A,A-Compact,2019,2019-05-02,2022-05-01,50
502846,102488,Marka-B,B-Touring,2018,2018-11-17,2021-11-16,0
502847,102489,Marka-A,A-SUV,2020,2020-08-26,2023-08-26,2
502848,102490,Marka-B,B-Hatch,2020,2020-01-08,2022-01-07,23
502849,102490,Marka-B,B-Hatch,2020,2020-11-06,2022-11-06,36
502850,102491,Marka-B,B-Hatch,2021,2021-04-07,2024-04-06,27
502851,102492,Marka-B,B-Crossover,2023,2023-01-17,2026-01-16,55
502852,102493,Marka-C,C-Mini,2024,2024-12-17,2027-12-17,55
502853,102494,Marka-A,A-SUV,2017,2017-05-08,2020-05-07,37
502854,102495,Marka-C,C-Van,2020,2020-11-01,2023-11-01,36
502855,102496,Marka-C,C-Mini,2020,2020-07-12,2023-07-12,43
502856,102496,Marka-A,A-SUV,2020,2020-04-09,2025-04-08,59
502857,102497,Marka-B,B-Hatch,2019,2019-07-15,2021-07-14,48
502858,102498,Marka-A,A-SUV,2015,2015-05-02,2018-05-01,31
502859,102498,Marka-A,A-SUV,2015,2015-11-25,2018-11-24,29
502860,102499,Marka-C,C-Van,2015,2015-06-12,2017-06-11,33
502861,102500,Marka-C,C-Mini,2014,2014-06-09,2016-06-08,36
502862,102501,Marka-B,B-Hatch,2016,2016-04-19,2019-04-19,53
502863,102502,Marka-B,B-Crossover,2022,2022-03-20,2024-03-19,50
502864,102503,Marka-B,B-Hatch,2020,2020-07-14,2023-07-14,44
502865,102504,Marka-A,A-SUV,2013,2013-02-26,2015-02-26,30
502866,102505,Marka-B,B-Hatch,2015,2015-06-09,2017-06-08,21
502867,102506,Marka-B,B-Crossover,2017,2017-02-09,2020-02-09,0
502868,102506,Marka-C,C-Van,2022,2022-08-11,2025-08-10,18
502869,102507,Marka-B,B-Touring,2018,2018-01-14,2021-01-13,24
502870,102508,Marka-B,B-Touring,2013,2013-10-08,2016-10-07,47
502871,102509,Marka-C,C-Mini,2014,2014-04-01,2017-03-31,0
502872,102510,Marka-A,A-Compact,2025,2025-10-11,2030-10-10,61
502873,102511,Marka-A,A-Compact,2025,2025-06-10,2028-06-09,49
502874,102512,Marka-C,C-Mini,2014,2014-03-02,2017-03-01,0
502875,102513,Marka-B,B-Hatch,2025,2025-10-22,2028-10-21,51
502876,102514,Marka-A,A-SUV,2020,2020-07-10,2022-07-10,38
502877,102514,Marka-B,B-Touring,2024,2024-11-18,2029-11-17,32
502878,102515,Marka-A,A-SUV,2019,2019-05-08,2022-05-07,50
502879,102516,Marka-A,A-Sedan,2018,2018-04-19,2021-04-18,20
502880,102517,Marka-A,A-Sedan,2022,2022-01-23,2025-01-22,40
502881,102517,Marka-C,C-Mini,2022,2022-11-23,2024-11-22,5
502882,102518,Marka-B,B-Crossover,2021,2021-10-25,2024-10-24,31
502883,102519,Marka-B,B-Hatch,2015,2015-01-04,2018-01-03,22
502884,102520,Marka-B,B-Crossover,2018,2018-04-02,2021-04-01,54
502885,102521,Marka-C,C-Mini,2022,2022-07-02,2025-07-01,46
502886,102522,Marka-B,B-Hatch,2016,2016-05-10,2018-05-10,71
502887,102523,Marka-C,C-Mini,2018,2018-01-18,2020-01-18,13
502888,102524,Marka-A,A-Sedan,2013,2013-07-17,2016-07-16,53
502889,102525,Marka-B,B-Crossover,2014,2014-01-27,2016-01-27,34
502890,102526,Marka-A,A-SUV,2021,2021-10-08,2023-10-08,18
502891,102526,Marka-A,A-Sedan,2024,2024-09-03,2027-09-03,18
502892,102527,Marka-A,A-SUV,2016,2016-01-23,2019-01-22,0
502893,102528,Marka-A,A-Compact,2023,2023-10-05,2028-10-03,46
502894,102529,Marka-A,A-Compact,2024,2024-11-07,2029-11-06,39
502895,102530,Marka-A,A-Compact,2025,2025-02-16,2028-02-16,0
502896,102531,Marka-B,B-Touring,2019,2019-11-08,2024-11-06,29
502897,102532,Marka-B,B-Hatch,2017,2017-12-21,2020-12-20,73
502898,102533,Marka-A,A-Sedan,2023,2023-10-14,2026-10-13,61
502899,102533,Marka-A,A-SUV,2021,2021-12-13,2023-12-13,32
502900,102534,Marka-A,A-Sedan,2024,2024-04-12,2027-04-12,73
502901,102535,Marka-B,B-Hatch,2018,2018-08-16,2021-08-15,0
502902,102536,Marka-B,B-Crossover,2015,2015-04-19,2020-04-17,41
502903,102537,Marka-A,A-Sedan,2015,2015-02-03,2017-02-02,17
502904,102538,Marka-A,A-Compact,2019,2019-06-10,2021-06-09,12
502905,102539,Marka-A,A-Sedan,2020,2020-06-05,2023-06-05,21
502906,102539,Marka-A,A-Compact,2014,2014-07-16,2016-07-15,31
502907,102540,Marka-B,B-Hatch,2015,2015-02-21,2018-02-20,0
502908,102541,Marka-A,A-Sedan,2019,2019-09-04,2022-09-03,0
502909,102542,Marka-A,A-Compact,2024,2024-11-05,2027-11-05,0
502910,102542,Marka-A,A-Sedan,2014,2014-01-20,2017-01-19,49
502911,102543,Marka-A,A-Compact,2021,2021-08-04,2026-08-03,96
502912,102544,Marka-A,A-Compact,2019,2019-02-20,2024-02-19,50
502913,102545,Marka-A,A-Sedan,2022,2022-07-01,2024-06-30,26
502914,102546,Marka-A,A-SUV,2019,2019-02-18,2022-02-17,57
502915,102547,Marka-A,A-SUV,2014,2014-02-25,2019-02-24,70
502916,102548,Marka-A,A-SUV,2013,2013-12-13,2018-12-12,10
502917,102548,Marka-A,A-Compact,2014,2014-02-19,2019-02-18,45
502918,102549,Marka-B,B-Hatch,2019,2019-06-15,2024-06-13,58
502919,102550,Marka-A,A-Compact,2014,2014-03-15,2017-03-14,17
502920,102551,Marka-B,B-Crossover,2015,2015-12-26,2017-12-25,28
502921,102551,Marka-A,A-Compact,2013,2013-11-19,2015-11-19,0
502922,102552,Marka-C,C-Mini,2025,2025-04-25,2028-04-24,48
502923,102553,Marka-A,A-Sedan,2024,2024-05-25,2026-05-25,55
502924,102554,Marka-A,A-SUV,2021,2021-11-08,2023-11-08,33
502925,102555,Marka-B,B-Touring,2016,2016-07-05,2019-07-05,8
502926,102556,Marka-B,B-Crossover,2020,2020-04-10,2025-04-09,8
502927,102557,Marka-B,B-Hatch,2019,2019-07-08,2022-07-07,0
502928,102558,Marka-A,A-Compact,2017,2017-07-17,2020-07-16,37
502929,102559,Marka-A,A-SUV,2016,2016-04-19,2018-04-19,60
502930,102560,Marka-A,A-Compact,2025,2025-11-10,2028-11-09,37
502931,102561,Marka-A,A-SUV,2019,2019-04-04,2022-04-03,20
502932,102562,Marka-C,C-Mini,2022,2022-09-20,2025-09-19,17
502933,102563,Marka-B,B-Touring,2015,2015-01-18,2017-01-17,2
502934,102564,Marka-A,A-Sedan,2022,2022-02-01,2025-01-31,21
502935,102565,Marka-B,B-Crossover,2017,2017-12-16,2022-12-15,51
502936,102566,Marka-B,B-Hatch,2023,2023-05-11,2026-05-10,63
502937,102567,Marka-C,C-Van,2024,2024-01-17,2027-01-16,36
502938,102568,Marka-A,A-Compact,2014,2014-07-07,2016-07-06,40
502939,102569,Marka-B,B-Crossover,2018,2018-10-15,2021-10-14,11
502940,102570,Marka-A,A-SUV,2017,2017-08-17,2022-08-16,28
502941,102571,Marka-B,B-Crossover,2021,2021-01-03,2024-01-03,48
502942,102572,Marka-B,B-Touring,2023,2023-07-05,2026-07-04,22
502943,102573,Marka-A,A-SUV,2023,2023-03-16,2025-03-15,33
502944,102574,Marka-C,C-Mini,2024,2024-04-15,2027-04-15,24
502945,102575,Marka-A,A-SUV,2017,2017-07-07,2020-07-06,0
502946,102576,Marka-B,B-Hatch,2022,2022-03-05,2025-03-04,21
502947,102577,Marka-B,B-Hatch,2023,2023-12-25,2028-12-23,0
502948,102578,Marka-A,A-Compact,2025,2025-04-22,2028-04-21,20
502949,102579,Marka-A,A-Compact,2022,2022-12-17,2025-12-16,58
502950,102580,Marka-B,B-Hatch,2015,2015-02-17,2020-02-16,0
502951,102581,Marka-A,A-Compact,2019,2019-04-12,2022-04-11,42
502952,102582,Marka-A,A-Sedan,2015,2015-04-20,2017-04-19,9
502953,102583,Marka-B,B-Hatch,2016,2016-06-01,2021-05-31,29
502954,102584,Marka-A,A-Sedan,2025,2025-03-01,2030-02-28,35
502955,102585,Marka-A,A-SUV,2014,2014-03-26,2016-03-25,10
502956,102586,Marka-B,B-Crossover,2020,2020-04-04,2022-04-04,64
502957,102587,Marka-B,B-Crossover,2020,2020-05-23,2022-05-23,0
502958,102588,Marka-A,A-SUV,2015,2015-03-12,2018-03-11,62
502959,102589,Marka-A,A-Sedan,2020,2020-03-25,2025-03-24,10
502960,102590,Marka-A,A-Compact,2013,2013-12-18,2018-12-17,21
502961,102591,Marka-B,B-Crossover,2020,2020-03-02,2025-03-01,13
502962,102592,Marka-A,A-Compact,2023,2023-12-05,2028-12-03,9
502963,102592,Marka-A,A-SUV,2015,2015-04-24,2018-04-23,27
502964,102593,Marka-B,B-Crossover,2017,2017-10-24,2019-10-24,0
502965,102594,Marka-A,A-Sedan,2015,2015-06-20,2018-06-19,39
502966,102595,Marka-B,B-Touring,2019,2019-12-06,2024-12-04,0
502967,102596,Marka-B,B-Hatch,2018,2018-11-03,2023-11-02,58
502968,102596,Marka-A,A-SUV,2015,2015-03-24,2017-03-23,67
502969,102597,Marka-C,C-Mini,2020,2020-04-10,2023-04-10,27
502970,102598,Marka-C,C-Mini,2015,2015-03-23,2018-03-22,60
502971,102599,Marka-B,B-Crossover,2018,2018-05-24,2021-05-23,2
502972,102600,Marka-A,A-Compact,2018,2018-07-14,2023-07-13,29
502973,102601,Marka-C,C-Mini,2016,2016-07-08,2021-07-07,34
502974,102602,Marka-B,B-Hatch,2019,2019-01-19,2024-01-18,29
502975,102602,Marka-B,B-Hatch,2013,2013-08-27,2016-08-26,56
502976,102603,Marka-B,B-Touring,2022,2022-07-16,2025-07-15,33
502977,102604,Marka-B,B-Hatch,2018,2018-06-08,2020-06-07,42
502978,102604,Marka-C,C-Mini,2016,2016-08-21,2018-08-21,17
502979,102605,Marka-B,B-Crossover,2015,2015-12-12,2018-12-11,19
502980,102605,Marka-B,B-Crossover,2022,2022-04-20,2025-04-19,0
502981,102606,Marka-B,B-Touring,2018,2018-06-11,2021-06-10,70
502982,102607,Marka-A,A-Compact,2023,2023-03-23,2026-03-22,16
502983,102608,Marka-A,A-SUV,2021,2021-11-21,2024-11-20,19
502984,102609,Marka-A,A-Sedan,2014,2014-05-06,2016-05-05,69
502985,102610,Marka-B,B-Touring,2020,2020-04-24,2023-04-24,48
502986,102611,Marka-A,A-Sedan,2025,2025-11-12,2028-11-11,32
502987,102612,Marka-A,A-Compact,2015,2015-06-14,2017-06-13,15
502988,102613,Marka-B,B-Touring,2022,2022-07-15,2025-07-14,3
502989,102614,Marka-C,C-Mini,2023,2023-02-14,2025-02-13,40
502990,102615,Marka-A,A-Sedan,2018,2018-09-13,2021-09-12,3
502991,102616,Marka-C,C-Mini,2023,2023-05-04,2025-05-03,37
502992,102617,Marka-C,C-Mini,2013,2013-03-02,2016-03-01,19
502993,102618,Marka-A,A-Sedan,2015,2015-02-10,2018-02-09,12
502994,102619,Marka-A,A-Sedan,2013,2013-11-25,2016-11-24,40
502995,102619,Marka-A,A-Sedan,2019,2019-04-07,2022-04-06,24
502996,102620,Marka-A,A-Sedan,2022,2022-01-25,2025-01-24,34
502997,102621,Marka-A,A-Compact,2025,2025-11-19,2028-11-18,59
502998,102622,Marka-A,A-Compact,2013,2013-05-17,2015-05-17,21
502999,102623,Marka-B,B-Hatch,2020,2020-02-07,2023-02-06,63
503000,102624,Marka-A,A-SUV,2016,2016-01-23,2019-01-22,22
503001,102625,Marka-B,B-Touring,2025,2025-06-27,2028-06-26,27
503002,102625,Marka-A,A-Compact,2017,2017-04-21,2020-04-20,22
503003,102626,Marka-A,A-Compact,2025,2025-04-13,2028-04-12,25
503004,102627,Marka-A,A-SUV,2022,2022-10-13,2025-10-12,20
503005,102628,Marka-B,B-Touring,2021,2021-04-16,2024-04-15,0
503006,102629,Marka-A,A-Compact,2025,2025-10-10,2027-10-10,32
503007,102630,Marka-A,A-SUV,2025,2025-10-05,2028-10-04,0
503008,102631,Marka-B,B-Hatch,2017,2017-08-27,2020-08-26,0
503009,102632,Marka-A,A-SUV,2021,2021-10-17,2023-10-17,32
503010,102633,Marka-B,B-Crossover,2018,2018-09-02,2021-09-01,40
503011,102634,Marka-C,C-Mini,2025,2025-08-04,2027-08-04,3
503012,102635,Marka-A,A-SUV,2016,2016-02-12,2019-02-11,9
503013,102636,Marka-C,C-Van,2013,2013-04-08,2015-04-08,94
503014,102637,Marka-A,A-Sedan,2013,2013-12-15,2016-12-14,27
503015,102638,Marka-A,A-Compact,2021,2021-10-22,2024-10-21,17
503016,102639,Marka-B,B-Crossover,2019,2019-01-08,2022-01-07,57
503017,102640,Marka-A,A-Sedan,2022,2022-04-13,2025-04-12,52
503018,102641,Marka-A,A-Compact,2014,2014-08-20,2019-08-19,23
503019,102642,Marka-A,A-Compact,2025,2025-03-23,2027-03-23,26
503020,102643,Marka-B,B-Crossover,2018,2018-05-23,2021-05-22,11
503021,102643,Marka-B,B-Crossover,2015,2015-06-01,2017-05-31,27
503022,102644,Marka-A,A-SUV,2023,2023-06-12,2026-06-11,13
503023,102645,Marka-A,A-Sedan,2020,2020-09-13,2025-09-12,47
503024,102646,Marka-C,C-Mini,2024,2024-06-12,2026-06-12,6
503025,102647,Marka-A,A-Sedan,2016,2016-02-10,2018-02-09,26
503026,102647,Marka-A,A-Sedan,2020,2020-01-03,2023-01-02,3
503027,102648,Marka-C,C-Van,2017,2017-07-24,2019-07-24,19
503028,102649,Marka-B,B-Crossover,2015,2015-09-19,2017-09-18,4
503029,102650,Marka-A,A-Sedan,2013,2013-08-02,2018-08-01,32
503030,102651,Marka-B,B-Crossover,2017,2017-06-19,2022-06-18,32
503031,102652,Marka-B,B-Crossover,2022,2022-02-18,2025-02-17,0
503032,102653,Marka-A,A-SUV,2019,2019-09-06,2022-09-05,33
503033,102654,Marka-C,C-Mini,2015,2015-05-25,2020-05-23,30
503034,102655,Marka-B,B-Touring,2021,2021-03-07,2024-03-06,45
503035,102656,Marka-A,A-Compact,2021,2021-08-13,2023-08-13,24
503036,102657,Marka-A,A-Sedan,2014,2014-10-09,2017-10-08,30
503037,102657,Marka-B,B-Crossover,2016,2016-05-10,2019-05-10,41
503038,102658,Marka-A,A-SUV,2015,2015-05-07,2018-05-06,19
503039,102659,Marka-A,A-Compact,2023,2023-02-15,2025-02-14,43
503040,102660,Marka-C,C-Van,2016,2016-07-11,2019-07-11,20
503041,102660,Marka-B,B-Hatch,2025,2025-06-01,2028-05-31,31
503042,102661,Marka-A,A-Sedan,2020,2020-08-11,2025-08-10,0
503043,102662,Marka-B,B-Touring,2021,2021-11-21,2024-11-20,37
503044,102663,Marka-B,B-Hatch,2020,2020-01-02,2023-01-01,0
503045,102664,Marka-B,B-Hatch,2013,2013-12-16,2016-12-15,59
503046,102665,Marka-A,A-Sedan,2015,2015-10-11,2018-10-10,77
503047,102666,Marka-A,A-SUV,2018,2018-08-11,2021-08-10,46
503048,102667,Marka-B,B-Crossover,2016,2016-08-23,2019-08-23,31
503049,102668,Marka-A,A-Compact,2019,2019-10-14,2024-10-12,1
503050,102669,Marka-B,B-Crossover,2024,2024-03-20,2029-03-19,0
503051,102670,Marka-B,B-Hatch,2024,2024-02-15,2026-02-14,15
503052,102671,Marka-A,A-Sedan,2014,2014-10-24,2016-10-23,1
503053,102672,Marka-B,B-Crossover,2021,2021-09-13,2024-09-12,5
503054,102673,Marka-A,A-SUV,2014,2014-12-19,2019-12-18,40
503055,102674,Marka-A,A-Sedan,2022,2022-03-22,2025-03-21,23
503056,102675,Marka-C,C-Mini,2025,2025-05-07,2028-05-06,61
503057,102675,Marka-A,A-Sedan,2021,2021-05-06,2023-05-06,16
503058,102676,Marka-A,A-Compact,2021,2021-05-09,2024-05-08,33
503059,102677,Marka-B,B-Touring,2018,2018-02-20,2020-02-20,17
503060,102678,Marka-C,C-Mini,2013,2013-06-03,2018-06-02,56
503061,102679,Marka-B,B-Touring,2016,2016-10-18,2021-10-17,36
503062,102680,Marka-C,C-Mini,2022,2022-08-27,2024-08-26,32
503063,102681,Marka-B,B-Crossover,2022,2022-06-20,2024-06-19,23
503064,102682,Marka-B,B-Hatch,2022,2022-10-18,2024-10-17,16
503065,102683,Marka-C,C-Mini,2015,2015-09-18,2018-09-17,33
503066,102684,Marka-B,B-Touring,2023,2023-08-14,2028-08-12,50
503067,102685,Marka-A,A-Compact,2015,2015-06-04,2017-06-03,74
503068,102686,Marka-B,B-Touring,2019,2019-03-18,2021-03-17,0
503069,102687,Marka-A,A-Compact,2023,2023-10-19,2028-10-17,50
503070,102687,Marka-A,A-Sedan,2023,2023-07-27,2028-07-25,20
503071,102688,Marka-B,B-Hatch,2013,2013-05-02,2018-05-01,57
503072,102689,Marka-A,A-SUV,2025,2025-08-08,2027-08-08,31
503073,102690,Marka-B,B-Touring,2020,2020-08-27,2022-08-27,0
503074,102691,Marka-B,B-Hatch,2014,2014-11-02,2019-11-01,44
503075,102692,Marka-A,A-Sedan,2021,2021-12-04,2024-12-03,69
503076,102692,Marka-A,A-SUV,2014,2014-10-08,2017-10-07,27
503077,102693,Marka-B,B-Touring,2024,2024-01-25,2029-01-23,60
503078,102694,Marka-B,B-Crossover,2025,2025-03-24,2028-03-23,63
503079,102695,Marka-B,B-Hatch,2017,2017-04-22,2020-04-21,37
503080,102696,Marka-B,B-Crossover,2024,2024-02-05,2027-02-04,20
503081,102697,Marka-B,B-Crossover,2023,2023-08-26,2028-08-24,40
503082,102698,Marka-B,B-Crossover,2017,2017-09-21,2020-09-20,55
503083,102699,Marka-B,B-Touring,2013,2013-11-27,2016-11-26,50
503084,102700,Marka-B,B-Touring,2020,2020-11-20,2023-11-20,14
503085,102701,Marka-A,A-SUV,2023,2023-01-12,2025-01-11,19
503086,102702,Marka-B,B-Touring,2016,2016-01-18,2019-01-17,50
503087,102703,Marka-A,A-Compact,2022,2022-08-16,2025-08-15,29
503088,102704,Marka-A,A-SUV,2025,2025-02-02,2027-02-02,0
503089,102705,Marka-A,A-Sedan,2014,2014-11-17,2017-11-16,36
503090,102705,Marka-B,B-Touring,2023,2023-12-19,2025-12-18,8
503091,102706,Marka-C,C-Mini,2021,2021-09-18,2023-09-18,63
503092,102707,Marka-A,A-Compact,2023,2023-12-04,2026-12-03,33
503093,102708,Marka-A,A-SUV,2015,2015-03-22,2018-03-21,51
503094,102709,Marka-B,B-Touring,2013,2013-11-01,2016-10-31,62
503095,102710,Marka-B,B-Touring,2025,2025-11-13,2028-11-12,13
503096,102711,Marka-B,B-Crossover,2016,2016-03-05,2019-03-05,0
503097,102711,Marka-B,B-Hatch,2019,2019-03-20,2021-03-19,0
503098,102712,Marka-A,A-SUV,2024,2024-12-20,2026-12-20,9
503099,102713,Marka-C,C-Van,2024,2024-11-05,2027-11-05,67
503100,102714,Marka-A,A-Compact,2021,2021-12-14,2023-12-14,65
503101,102714,Marka-A,A-Sedan,2018,2018-08-13,2021-08-12,15
503102,102715,Marka-C,C-Mini,2022,2022-09-09,2024-09-08,35
503103,102716,Marka-A,A-Sedan,2019,2019-05-13,2024-05-11,32
503104,102717,Marka-A,A-SUV,2018,2018-06-22,2021-06-21,33
503105,102718,Marka-A,A-Sedan,2025,2025-08-20,2030-08-19,17
503106,102719,Marka-B,B-Hatch,2018,2018-12-08,2021-12-07,41
503107,102720,Marka-A,A-Compact,2016,2016-12-03,2019-12-03,35
503108,102721,Marka-A,A-SUV,2020,2020-03-07,2022-03-07,26
503109,102722,Marka-B,B-Touring,2018,2018-04-10,2021-04-09,42
503110,102722,Marka-B,B-Hatch,2018,2018-04-09,2023-04-08,67
503111,102723,Marka-A,A-Sedan,2019,2019-09-25,2021-09-24,59
503112,102724,Marka-B,B-Touring,2025,2025-10-13,2027-10-13,12
503113,102725,Marka-C,C-Mini,2013,2013-10-01,2015-10-01,91
503114,102726,Marka-A,A-Compact,2017,2017-04-10,2019-04-10,36
503115,102727,Marka-C,C-Van,2018,2018-09-21,2021-09-20,52
503116,102728,Marka-C,C-Mini,2018,2018-01-05,2021-01-04,0
503117,102729,Marka-C,C-Van,2020,2020-07-27,2022-07-27,30
503118,102730,Marka-A,A-SUV,2014,2014-01-11,2019-01-10,25
503119,102731,Marka-A,A-SUV,2019,2019-12-24,2021-12-23,15
503120,102732,Marka-B,B-Crossover,2017,2017-07-21,2019-07-21,55
503121,102733,Marka-A,A-SUV,2023,2023-06-15,2026-06-14,50
503122,102734,Marka-C,C-Mini,2014,2014-04-25,2016-04-24,35
503123,102735,Marka-B,B-Touring,2023,2023-11-16,2025-11-15,0
503124,102736,Marka-B,B-Touring,2024,2024-09-17,2026-09-17,81
503125,102736,Marka-B,B-Touring,2022,2022-09-09,2027-09-08,10
503126,102737,Marka-A,A-Sedan,2019,2019-09-07,2022-09-06,1
503127,102738,Marka-A,A-Compact,2017,2017-11-21,2019-11-21,54
503128,102739,Marka-A,A-Compact,2013,2013-04-27,2015-04-27,24
503129,102740,Marka-B,B-Crossover,2018,2018-06-23,2023-06-22,64
503130,102741,Marka-B,B-Hatch,2020,2020-07-17,2023-07-17,64
503131,102742,Marka-A,A-SUV,2025,2025-01-08,2028-01-08,8
503132,102743,Marka-B,B-Hatch,2024,2024-10-03,2026-10-03,0
503133,102744,Marka-B,B-Hatch,2016,2016-08-18,2019-08-18,78
503134,102744,Marka-B,B-Crossover,2025,2025-02-02,2028-02-02,8
503135,102745,Marka-B,B-Touring,2022,2022-01-02,2027-01-01,28
503136,102746,Marka-A,A-Sedan,2022,2022-04-15,2025-04-14,21
503137,102747,Marka-A,A-Compact,2013,2013-06-17,2016-06-16,19
503138,102748,Marka-A,A-Compact,2020,2020-08-09,2022-08-09,34
503139,102749,Marka-C,C-Mini,2018,2018-10-20,2020-10-19,40
503140,102750,Marka-B,B-Hatch,2015,2015-09-26,2018-09-25,0
503141,102750,Marka-A,A-SUV,2013,2013-08-24,2015-08-24,38
503142,102751,Marka-A,A-Compact,2025,2025-07-13,2028-07-12,61
503143,102752,Marka-A,A-Compact,2022,2022-11-01,2024-10-31,16
503144,102753,Marka-C,C-Van,2014,2014-12-07,2017-12-06,54
503145,102753,Marka-A,A-SUV,2022,2022-08-08,2025-08-07,51
503146,102754,Marka-A,A-Compact,2024,2024-06-01,2027-06-01,3
503147,102755,Marka-B,B-Crossover,2015,2015-07-09,2018-07-08,74
503148,102756,Marka-B,B-Crossover,2023,2023-08-13,2025-08-12,55
503149,102757,Marka-C,C-Mini,2018,2018-12-12,2023-12-11,18
503150,102758,Marka-C,C-Mini,2019,2019-03-14,2024-03-12,42
503151,102759,Marka-B,B-Touring,2023,2023-12-16,2025-12-15,34
503152,102760,Marka-A,A-SUV,2015,2015-03-18,2018-03-17,56
503153,102761,Marka-A,A-SUV,2017,2017-01-16,2022-01-15,59
503154,102762,Marka-C,C-Van,2016,2016-04-13,2019-04-13,15
503155,102763,Marka-B,B-Hatch,2025,2025-10-10,2030-10-09,24
503156,102764,Marka-C,C-Mini,2021,2021-08-13,2024-08-12,17
503157,102765,Marka-A,A-Sedan,2016,2016-11-01,2019-11-01,0
503158,102765,Marka-B,B-Hatch,2023,2023-02-05,2028-02-04,29
503159,102766,Marka-A,A-SUV,2021,2021-01-04,2024-01-04,47
503160,102767,Marka-A,A-Sedan,2021,2021-06-25,2026-06-24,50
503161,102768,Marka-B,B-Hatch,2013,2013-11-08,2018-11-07,13
503162,102769,Marka-B,B-Crossover,2016,2016-11-13,2021-11-12,49
503163,102770,Marka-A,A-SUV,2023,2023-10-02,2025-10-01,0
503164,102771,Marka-C,C-Van,2021,2021-02-04,2024-02-04,3
503165,102772,Marka-A,A-Sedan,2021,2021-11-14,2024-11-13,36
503166,102773,Marka-B,B-Crossover,2016,2016-11-07,2019-11-07,21
503167,102774,Marka-C,C-Mini,2015,2015-02-05,2018-02-04,19
503168,102775,Marka-B,B-Hatch,2020,2020-04-03,2023-04-03,12
503169,102776,Marka-B,B-Crossover,2014,2014-07-14,2016-07-13,0
503170,102777,Marka-A,A-Sedan,2014,2014-11-17,2016-11-16,0
503171,102777,Marka-A,A-SUV,2018,2018-04-09,2021-04-08,53
503172,102778,Marka-C,C-Mini,2021,2021-05-23,2024-05-22,36
503173,102779,Marka-A,A-Sedan,2013,2013-01-13,2015-01-13,55
503174,102780,Marka-C,C-Mini,2019,2019-06-02,2021-06-01,0
503175,102781,Marka-B,B-Crossover,2019,2019-06-07,2024-06-05,0
503176,102782,Marka-B,B-Touring,2020,2020-10-14,2025-10-13,59
503177,102783,Marka-A,A-Sedan,2021,2021-05-22,2023-05-22,26
503178,102784,Marka-A,A-SUV,2016,2016-05-14,2019-05-14,48
503179,102785,Marka-A,A-SUV,2021,2021-06-27,2024-06-26,29
503180,102786,Marka-B,B-Touring,2013,2013-01-25,2016-01-25,61
503181,102787,Marka-A,A-Sedan,2013,2013-10-02,2018-10-01,21
503182,102788,Marka-A,A-Compact,2021,2021-05-18,2026-05-17,71
503183,102788,Marka-B,B-Crossover,2022,2022-01-18,2024-01-18,53
503184,102789,Marka-B,B-Touring,2024,2024-09-20,2029-09-19,0
503185,102790,Marka-A,A-Sedan,2017,2017-03-04,2022-03-03,47
503186,102791,Marka-B,B-Crossover,2025,2025-04-19,2027-04-19,7
503187,102792,Marka-B,B-Touring,2020,2020-04-06,2022-04-06,35
503188,102793,Marka-B,B-Crossover,2015,2015-06-13,2018-06-12,43
503189,102794,Marka-A,A-SUV,2019,2019-12-25,2021-12-24,0
503190,102795,Marka-B,B-Crossover,2023,2023-03-27,2026-03-26,0
503191,102796,Marka-A,A-SUV,2020,2020-11-11,2022-11-11,11
503192,102797,Marka-A,A-Compact,2016,2016-06-27,2019-06-27,16
503193,102797,Marka-B,B-Crossover,2017,2017-06-05,2019-06-05,17
503194,102798,Marka-A,A-Compact,2019,2019-10-01,2024-09-29,42
503195,102799,Marka-B,B-Hatch,2015,2015-10-02,2020-09-30,0
503196,102800,Marka-B,B-Touring,2022,2022-09-11,2025-09-10,38
503197,102801,Marka-A,A-Sedan,2024,2024-06-22,2029-06-21,31
503198,102801,Marka-A,A-SUV,2022,2022-08-13,2025-08-12,31
503199,102802,Marka-C,C-Van,2019,2019-07-02,2022-07-01,65
503200,102803,Marka-C,C-Van,2025,2025-07-22,2027-07-22,0
503201,102804,Marka-A,A-Compact,2014,2014-01-09,2016-01-09,13
503202,102805,Marka-B,B-Crossover,2023,2023-05-25,2025-05-24,49
503203,102806,Marka-B,B-Hatch,2013,2013-02-16,2016-02-16,36
503204,102807,Marka-A,A-SUV,2015,2015-09-07,2017-09-06,33
503205,102808,Marka-A,A-Compact,2022,2022-11-02,2025-11-01,56
503206,102809,Marka-B,B-Crossover,2016,2016-08-20,2019-08-20,57
503207,102809,Marka-B,B-Touring,2020,2020-12-16,2025-12-15,14
503208,102810,Marka-A,A-Sedan,2017,2017-10-06,2019-10-06,107
503209,102810,Marka-B,B-Crossover,2013,2013-05-27,2016-05-26,3
503210,102811,Marka-A,A-Sedan,2019,2019-09-11,2024-09-09,65
503211,102812,Marka-C,C-Mini,2025,2025-10-07,2027-10-07,73
503212,102813,Marka-B,B-Hatch,2024,2024-05-06,2027-05-06,59
503213,102814,Marka-A,A-Compact,2022,2022-10-22,2027-10-21,35
503214,102815,Marka-A,A-Compact,2023,2023-02-12,2026-02-11,60
503215,102816,Marka-A,A-Sedan,2020,2020-06-13,2022-06-13,0
503216,102817,Marka-B,B-Touring,2020,2020-02-22,2022-02-21,54
503217,102818,Marka-A,A-SUV,2016,2016-05-09,2018-05-09,28
503218,102819,Marka-C,C-Van,2023,2023-02-24,2026-02-23,21
503219,102819,Marka-A,A-Sedan,2014,2014-08-01,2017-07-31,0
503220,102820,Marka-A,A-SUV,2023,2023-08-12,2028-08-10,11
503221,102821,Marka-A,A-SUV,2019,2019-10-07,2024-10-05,51
503222,102822,Marka-B,B-Touring,2019,2019-05-12,2022-05-11,32
503223,102823,Marka-C,C-Mini,2025,2025-10-17,2028-10-16,15
503224,102824,Marka-B,B-Crossover,2019,2019-04-08,2024-04-06,33
503225,102824,Marka-B,B-Crossover,2018,2018-04-11,2020-04-10,0
503226,102825,Marka-C,C-Van,2015,2015-03-03,2018-03-02,45
503227,102826,Marka-B,B-Touring,2022,2022-03-13,2024-03-12,34
503228,102827,Marka-C,C-Van,2022,2022-02-15,2025-02-14,37
503229,102828,Marka-A,A-SUV,2023,2023-11-25,2025-11-24,26
503230,102829,Marka-A,A-Sedan,2017,2017-08-13,2020-08-12,6
503231,102830,Marka-A,A-SUV,2016,2016-08-25,2018-08-25,0
503232,102830,Marka-A,A-SUV,2013,2013-06-02,2016-06-01,24
503233,102831,Marka-B,B-Crossover,2020,2020-02-14,2022-02-13,54
503234,102831,Marka-B,B-Touring,2015,2015-04-04,2020-04-02,0
503235,102832,Marka-A,A-Sedan,2017,2017-06-22,2019-06-22,79
503236,102833,Marka-A,A-SUV,2015,2015-03-05,2020-03-03,22
503237,102834,Marka-B,B-Touring,2020,2020-11-09,2022-11-09,0
503238,102835,Marka-B,B-Touring,2015,2015-12-19,2018-12-18,57
503239,102836,Marka-C,C-Van,2020,2020-08-08,2022-08-08,50
503240,102837,Marka-A,A-SUV,2024,2024-01-13,2029-01-11,1
503241,102838,Marka-A,A-Sedan,2016,2016-01-19,2019-01-18,33
503242,102839,Marka-A,A-Sedan,2013,2013-01-11,2015-01-11,5
503243,102840,Marka-B,B-Touring,2017,2017-04-17,2020-04-16,23
503244,102841,Marka-A,A-Sedan,2023,2023-07-16,2025-07-15,0
503245,102842,Marka-A,A-SUV,2014,2014-03-06,2017-03-05,28
503246,102842,Marka-A,A-Compact,2022,2022-05-15,2027-05-14,18
503247,102843,Marka-A,A-Sedan,2022,2022-02-22,2024-02-22,40
503248,102844,Marka-B,B-Crossover,2025,2025-11-11,2030-11-10,37
503249,102845,Marka-A,A-SUV,2017,2017-04-23,2022-04-22,0
503250,102846,Marka-B,B-Crossover,2021,2021-11-04,2024-11-03,34
503251,102846,Marka-B,B-Hatch,2019,2019-04-07,2021-04-06,32
503252,102847,Marka-B,B-Hatch,2019,2019-05-06,2024-05-04,42
503253,102848,Marka-B,B-Hatch,2018,2018-06-24,2021-06-23,19
503254,102849,Marka-C,C-Mini,2019,2019-01-23,2022-01-22,24
503255,102850,Marka-B,B-Crossover,2023,2023-09-26,2025-09-25,0
503256,102850,Marka-A,A-Sedan,2024,2024-05-11,2026-05-11,13
503257,102851,Marka-A,A-SUV,2016,2016-05-11,2019-05-11,30
503258,102852,Marka-A,A-Compact,2014,2014-07-11,2017-07-10,35
503259,102853,Marka-A,A-Sedan,2013,2013-08-25,2015-08-25,0
503260,102853,Marka-A,A-Sedan,2021,2021-08-10,2024-08-09,40
503261,102854,Marka-C,C-Van,2019,2019-02-03,2022-02-02,73
503262,102855,Marka-A,A-Sedan,2018,2018-07-15,2021-07-14,10
503263,102856,Marka-A,A-SUV,2014,2014-12-07,2017-12-06,39
503264,102857,Marka-A,A-SUV,2019,2019-07-03,2024-07-01,44
503265,102858,Marka-A,A-SUV,2014,2014-04-12,2016-04-11,50
503266,102859,Marka-A,A-SUV,2023,2023-11-13,2026-11-12,44
503267,102860,Marka-A,A-Sedan,2018,2018-08-02,2020-08-01,77
503268,102861,Marka-A,A-Compact,2023,2023-11-05,2026-11-04,51
503269,102862,Marka-B,B-Crossover,2024,2024-08-14,2027-08-14,47
503270,102863,Marka-C,C-Van,2015,2015-02-01,2018-01-31,26
503271,102864,Marka-A,A-Sedan,2016,2016-08-25,2021-08-24,36
503272,102865,Marka-A,A-Compact,2013,2013-04-19,2016-04-18,37
503273,102866,Marka-B,B-Hatch,2018,2018-05-18,2021-05-17,57
503274,102867,Marka-B,B-Hatch,2021,2021-10-02,2023-10-02,36
503275,102868,Marka-B,B-Hatch,2018,2018-05-24,2023-05-23,2
503276,102869,Marka-B,B-Crossover,2013,2013-03-27,2015-03-27,40
503277,102869,Marka-A,A-SUV,2015,2015-03-16,2017-03-15,0
503278,102870,Marka-C,C-Mini,2014,2014-05-12,2016-05-11,3
503279,102871,Marka-A,A-SUV,2013,2013-07-05,2016-07-04,0
503280,102872,Marka-B,B-Touring,2020,2020-03-19,2022-03-19,75
503281,102872,Marka-A,A-Compact,2021,2021-04-24,2024-04-23,19
503282,102873,Marka-A,A-SUV,2024,2024-09-15,2026-09-15,0
503283,102874,Marka-B,B-Crossover,2025,2025-10-07,2027-10-07,53
503284,102875,Marka-A,A-Sedan,2023,2023-03-14,2026-03-13,34
503285,102876,Marka-A,A-SUV,2024,2024-07-26,2026-07-26,54
503286,102877,Marka-A,A-SUV,2018,2018-11-11,2021-11-10,26
503287,102878,Marka-A,A-SUV,2021,2021-05-27,2023-05-27,55
503288,102879,Marka-A,A-Sedan,2015,2015-07-27,2020-07-25,56
503289,102880,Marka-A,A-Compact,2017,2017-01-18,2019-01-18,34
503290,102881,Marka-C,C-Mini,2016,2016-10-05,2018-10-05,4
503291,102882,Marka-A,A-SUV,2016,2016-12-07,2019-12-07,0
503292,102883,Marka-B,B-Hatch,2020,2020-11-04,2023-11-04,25
503293,102884,Marka-C,C-Van,2018,2018-02-01,2023-01-31,42
503294,102884,Marka-A,A-Compact,2021,2021-03-13,2023-03-13,19
503295,102885,Marka-B,B-Crossover,2025,2025-07-07,2028-07-06,17
503296,102886,Marka-A,A-SUV,2018,2018-11-03,2021-11-02,48
503297,102886,Marka-A,A-Sedan,2013,2013-04-25,2018-04-24,71
503298,102887,Marka-B,B-Crossover,2015,2015-08-25,2018-08-24,37
503299,102888,Marka-A,A-SUV,2025,2025-11-20,2027-11-20,33
503300,102889,Marka-B,B-Touring,2013,2013-05-18,2016-05-17,40
503301,102890,Marka-C,C-Van,2016,2016-02-26,2018-02-25,27
503302,102891,Marka-B,B-Crossover,2019,2019-11-02,2022-11-01,28
503303,102892,Marka-A,A-Sedan,2014,2014-12-25,2019-12-24,64
503304,102893,Marka-B,B-Touring,2023,2023-05-17,2025-05-16,62
503305,102893,Marka-B,B-Touring,2019,2019-02-15,2021-02-14,0
503306,102894,Marka-A,A-Sedan,2023,2023-03-17,2026-03-16,51
503307,102895,Marka-A,A-Compact,2015,2015-10-27,2017-10-26,0
503308,102895,Marka-B,B-Hatch,2022,2022-06-03,2025-06-02,14
503309,102896,Marka-A,A-Compact,2018,2018-08-18,2023-08-17,27
503310,102897,Marka-B,B-Touring,2022,2022-07-18,2025-07-17,75
503311,102898,Marka-A,A-Compact,2024,2024-06-05,2026-06-05,0
503312,102899,Marka-B,B-Touring,2021,2021-03-13,2024-03-12,44
503313,102900,Marka-A,A-Sedan,2022,2022-07-05,2025-07-04,16
503314,102901,Marka-B,B-Touring,2021,2021-06-18,2024-06-17,67
503315,102902,Marka-A,A-SUV,2020,2020-11-13,2022-11-13,8
503316,102903,Marka-B,B-Touring,2014,2014-03-02,2017-03-01,39
503317,102904,Marka-A,A-SUV,2017,2017-04-09,2022-04-08,26
503318,102905,Marka-A,A-SUV,2018,2018-03-08,2021-03-07,52
503319,102906,Marka-A,A-SUV,2014,2014-04-01,2019-03-31,40
503320,102907,Marka-A,A-Compact,2014,2014-04-13,2017-04-12,89
503321,102908,Marka-B,B-Touring,2021,2021-09-11,2023-09-11,30
503322,102909,Marka-A,A-SUV,2022,2022-10-10,2025-10-09,20
503323,102910,Marka-C,C-Van,2018,2018-10-13,2020-10-12,19
503324,102911,Marka-A,A-Compact,2017,2017-03-10,2020-03-09,41
503325,102912,Marka-B,B-Touring,2019,2019-07-16,2021-07-15,42
503326,102913,Marka-A,A-Sedan,2015,2015-07-25,2017-07-24,23
503327,102913,Marka-A,A-Sedan,2014,2014-05-10,2017-05-09,28
503328,102914,Marka-A,A-Compact,2018,2018-01-12,2021-01-11,15
503329,102915,Marka-A,A-Compact,2021,2021-07-16,2023-07-16,36
503330,102916,Marka-B,B-Hatch,2018,2018-01-22,2020-01-22,49
503331,102917,Marka-B,B-Hatch,2024,2024-11-06,2029-11-05,4
503332,102918,Marka-B,B-Touring,2023,2023-10-13,2026-10-12,52
503333,102919,Marka-A,A-Sedan,2023,2023-04-23,2026-04-22,14
503334,102920,Marka-B,B-Crossover,2024,2024-04-13,2026-04-13,20
503335,102921,Marka-A,A-Sedan,2013,2013-02-07,2015-02-07,19
503336,102922,Marka-A,A-Sedan,2020,2020-09-16,2022-09-16,44
503337,102923,Marka-B,B-Touring,2015,2015-06-10,2020-06-08,51
503338,102924,Marka-A,A-SUV,2023,2023-12-27,2026-12-26,0
503339,102925,Marka-B,B-Touring,2021,2021-06-17,2026-06-16,14
503340,102926,Marka-A,A-SUV,2013,2013-12-04,2015-12-04,11
503341,102927,Marka-C,C-Mini,2024,2024-04-11,2027-04-11,24
503342,102928,Marka-A,A-Sedan,2024,2024-02-17,2026-02-16,27
503343,102929,Marka-B,B-Hatch,2018,2018-09-26,2020-09-25,18
503344,102930,Marka-A,A-SUV,2018,2018-02-20,2020-02-20,59
503345,102930,Marka-A,A-Compact,2018,2018-07-24,2021-07-23,55
503346,102931,Marka-C,C-Van,2020,2020-09-06,2025-09-05,30
503347,102932,Marka-B,B-Touring,2023,2023-12-23,2026-12-22,2
503348,102933,Marka-C,C-Mini,2024,2024-01-07,2027-01-06,53
503349,102934,Marka-B,B-Crossover,2021,2021-06-06,2026-06-05,26
503350,102935,Marka-A,A-Sedan,2019,2019-07-13,2021-07-12,0
503351,102936,Marka-B,B-Touring,2024,2024-05-10,2026-05-10,2
503352,102937,Marka-B,B-Crossover,2014,2014-11-17,2017-11-16,39
503353,102938,Marka-B,B-Hatch,2016,2016-10-17,2018-10-17,26
503354,102939,Marka-A,A-Sedan,2017,2017-08-03,2019-08-03,14
503355,102940,Marka-C,C-Mini,2019,2019-02-10,2022-02-09,12
503356,102941,Marka-C,C-Van,2022,2022-05-09,2024-05-08,11
503357,102942,Marka-A,A-Sedan,2018,2018-08-19,2020-08-18,32
503358,102943,Marka-A,A-Compact,2023,2023-01-19,2025-01-18,0
503359,102944,Marka-A,A-Compact,2014,2014-08-13,2017-08-12,25
503360,102945,Marka-A,A-SUV,2014,2014-09-04,2019-09-03,22
503361,102946,Marka-A,A-Sedan,2022,2022-01-09,2024-01-09,84
503362,102946,Marka-B,B-Touring,2013,2013-12-02,2015-12-02,0
503363,102947,Marka-A,A-SUV,2022,2022-12-16,2024-12-15,51
503364,102948,Marka-B,B-Hatch,2023,2023-01-17,2026-01-16,38
503365,102949,Marka-A,A-Sedan,2022,2022-08-21,2024-08-20,50
503366,102950,Marka-C,C-Van,2019,2019-08-27,2022-08-26,40
503367,102951,Marka-B,B-Crossover,2021,2021-07-22,2024-07-21,15
503368,102952,Marka-B,B-Crossover,2022,2022-11-17,2027-11-16,45
503369,102953,Marka-B,B-Touring,2024,2024-05-07,2026-05-07,51
503370,102954,Marka-B,B-Touring,2013,2013-11-05,2015-11-05,72
503371,102955,Marka-B,B-Crossover,2020,2020-08-17,2022-08-17,20
503372,102956,Marka-A,A-Compact,2018,2018-05-09,2023-05-08,23
503373,102957,Marka-B,B-Hatch,2023,2023-12-17,2026-12-16,7
503374,102958,Marka-B,B-Crossover,2019,2019-01-17,2021-01-16,48
503375,102959,Marka-B,B-Crossover,2022,2022-08-13,2024-08-12,25
503376,102960,Marka-A,A-SUV,2020,2020-10-03,2023-10-03,44
503377,102961,Marka-A,A-Compact,2021,2021-01-26,2024-01-26,42
503378,102962,Marka-B,B-Hatch,2016,2016-09-13,2019-09-13,79
503379,102963,Marka-B,B-Touring,2025,2025-05-15,2028-05-14,45
503380,102964,Marka-B,B-Touring,2016,2016-09-10,2018-09-10,32
503381,102965,Marka-A,A-SUV,2024,2024-12-14,2027-12-14,31
503382,102966,Marka-B,B-Touring,2020,2020-11-22,2022-11-22,69
503383,102967,Marka-A,A-Sedan,2017,2017-09-27,2020-09-26,31
503384,102968,Marka-A,A-SUV,2015,2015-04-22,2017-04-21,1
503385,102969,Marka-B,B-Crossover,2018,2018-04-14,2020-04-13,0
503386,102970,Marka-A,A-SUV,2017,2017-07-04,2022-07-03,11
503387,102970,Marka-A,A-Sedan,2022,2022-08-16,2025-08-15,51
503388,102971,Marka-A,A-Sedan,2014,2014-02-25,2019-02-24,46
503389,102972,Marka-B,B-Hatch,2013,2013-07-03,2016-07-02,0
503390,102973,Marka-C,C-Van,2022,2022-01-09,2027-01-08,0
503391,102974,Marka-A,A-Sedan,2013,2013-08-23,2015-08-23,2
503392,102974,Marka-A,A-SUV,2021,2021-06-12,2024-06-11,40
503393,102975,Marka-A,A-SUV,2016,2016-11-07,2019-11-07,0
503394,102976,Marka-C,C-Van,2024,2024-12-01,2026-12-01,66
503395,102977,Marka-A,A-Sedan,2016,2016-10-07,2021-10-06,49
503396,102978,Marka-A,A-Sedan,2019,2019-02-22,2021-02-21,16
503397,102979,Marka-A,A-Sedan,2020,2020-08-13,2022-08-13,47
503398,102980,Marka-B,B-Crossover,2021,2021-06-16,2026-06-15,24
503399,102981,Marka-B,B-Hatch,2014,2014-09-20,2016-09-19,0
503400,102982,Marka-A,A-SUV,2020,2020-10-11,2022-10-11,57
503401,102983,Marka-A,A-Compact,2019,2019-11-25,2022-11-24,34
503402,102984,Marka-C,C-Van,2017,2017-01-16,2022-01-15,40
503403,102985,Marka-B,B-Crossover,2019,2019-05-04,2022-05-03,31
503404,102986,Marka-A,A-Compact,2017,2017-12-06,2022-12-05,0
503405,102987,Marka-C,C-Mini,2017,2017-11-17,2019-11-17,19
503406,102988,Marka-A,A-SUV,2019,2019-04-20,2024-04-18,56
503407,102988,Marka-A,A-Compact,2013,2013-08-26,2016-08-25,61
503408,102989,Marka-A,A-SUV,2015,2015-09-13,2018-09-12,17
503409,102990,Marka-B,B-Crossover,2023,2023-12-23,2025-12-22,72
503410,102991,Marka-A,A-SUV,2021,2021-02-20,2023-02-20,68
503411,102992,Marka-A,A-SUV,2025,2025-07-06,2030-07-05,0
503412,102993,Marka-B,B-Crossover,2013,2013-04-08,2016-04-07,10
503413,102994,Marka-B,B-Hatch,2022,2022-03-16,2027-03-15,56
503414,102995,Marka-B,B-Touring,2021,2021-06-03,2024-06-02,13
503415,102996,Marka-A,A-SUV,2016,2016-06-21,2019-06-21,0
503416,102996,Marka-A,A-SUV,2019,2019-09-17,2021-09-16,9
503417,102997,Marka-B,B-Hatch,2016,2016-04-13,2019-04-13,31
503418,102998,Marka-A,A-SUV,2023,2023-05-04,2026-05-03,19
503419,102999,Marka-A,A-Sedan,2019,2019-03-08,2021-03-07,48
503420,103000,Marka-B,B-Crossover,2024,2024-08-01,2027-08-01,0
503421,103001,Marka-C,C-Van,2021,2021-06-24,2024-06-23,12
503422,103002,Marka-B,B-Hatch,2017,2017-07-23,2019-07-23,45
503423,103003,Marka-A,A-Sedan,2014,2014-07-05,2017-07-04,0
503424,103004,Marka-C,C-Van,2022,2022-04-20,2025-04-19,39
503425,103005,Marka-B,B-Hatch,2020,2020-01-02,2023-01-01,18
503426,103006,Marka-A,A-Compact,2018,2018-04-05,2021-04-04,24
503427,103007,Marka-B,B-Touring,2024,2024-04-11,2029-04-10,45
503428,103008,Marka-A,A-SUV,2013,2013-03-12,2015-03-12,35
503429,103009,Marka-B,B-Hatch,2016,2016-10-12,2018-10-12,13
503430,103010,Marka-A,A-Sedan,2019,2019-05-07,2022-05-06,40
503431,103011,Marka-A,A-Sedan,2015,2015-11-09,2018-11-08,40
503432,103012,Marka-B,B-Hatch,2024,2024-01-27,2027-01-26,50
503433,103013,Marka-B,B-Crossover,2014,2014-03-13,2017-03-12,0
503434,103014,Marka-A,A-SUV,2014,2014-06-11,2019-06-10,76
503435,103015,Marka-B,B-Touring,2024,2024-01-07,2027-01-06,48
503436,103016,Marka-C,C-Mini,2013,2013-10-13,2016-10-12,31
503437,103017,Marka-A,A-Sedan,2020,2020-07-19,2023-07-19,33
503438,103018,Marka-B,B-Touring,2016,2016-12-17,2018-12-17,13
503439,103019,Marka-A,A-Compact,2014,2014-04-04,2019-04-03,11
503440,103020,Marka-A,A-SUV,2024,2024-05-13,2027-05-13,38
503441,103021,Marka-A,A-Sedan,2019,2019-05-21,2022-05-20,48
503442,103022,Marka-B,B-Crossover,2019,2019-04-13,2021-04-12,29
503443,103023,Marka-B,B-Touring,2013,2013-09-03,2016-09-02,28
503444,103024,Marka-B,B-Crossover,2013,2013-06-25,2016-06-24,26
503445,103024,Marka-A,A-Compact,2018,2018-08-11,2021-08-10,57
503446,103025,Marka-C,C-Van,2017,2017-10-07,2020-10-06,9
503447,103026,Marka-A,A-Sedan,2020,2020-11-04,2023-11-04,53
503448,103027,Marka-A,A-SUV,2022,2022-07-22,2025-07-21,33
503449,103028,Marka-B,B-Crossover,2019,2019-10-27,2022-10-26,79
503450,103029,Marka-C,C-Van,2022,2022-02-06,2027-02-05,36
503451,103030,Marka-C,C-Van,2017,2017-04-10,2022-04-09,28
503452,103031,Marka-A,A-Compact,2021,2021-07-24,2023-07-24,52
503453,103032,Marka-C,C-Van,2017,2017-10-22,2022-10-21,62
503454,103033,Marka-B,B-Touring,2020,2020-07-11,2025-07-10,3
503455,103034,Marka-A,A-Sedan,2021,2021-03-26,2024-03-25,25
503456,103034,Marka-B,B-Touring,2025,2025-07-18,2027-07-18,78
503457,103035,Marka-B,B-Crossover,2014,2014-02-27,2019-02-26,20
503458,103036,Marka-B,B-Crossover,2015,2015-02-14,2017-02-13,3
503459,103036,Marka-A,A-Compact,2014,2014-05-22,2017-05-21,30
503460,103037,Marka-A,A-SUV,2023,2023-09-07,2025-09-06,6
503461,103038,Marka-A,A-Compact,2014,2014-10-07,2017-10-06,45
503462,103039,Marka-B,B-Crossover,2020,2020-05-24,2023-05-24,36
503463,103039,Marka-A,A-SUV,2025,2025-11-25,2027-11-25,22
503464,103040,Marka-A,A-Compact,2018,2018-05-17,2020-05-16,63
503465,103041,Marka-B,B-Hatch,2015,2015-02-26,2017-02-25,17
503466,103042,Marka-A,A-SUV,2016,2016-07-06,2018-07-06,44
503467,103042,Marka-A,A-SUV,2013,2013-09-17,2015-09-17,42
503468,103043,Marka-A,A-Compact,2024,2024-01-08,2027-01-07,82
503469,103044,Marka-B,B-Crossover,2022,2022-11-10,2024-11-09,79
503470,103045,Marka-A,A-Sedan,2023,2023-05-17,2026-05-16,45
503471,103046,Marka-B,B-Hatch,2023,2023-10-24,2025-10-23,9
503472,103047,Marka-C,C-Van,2017,2017-01-09,2020-01-09,24
503473,103048,Marka-A,A-Sedan,2016,2016-06-19,2019-06-19,27
503474,103049,Marka-A,A-Compact,2013,2013-11-26,2016-11-25,16
503475,103050,Marka-A,A-Compact,2024,2024-07-16,2026-07-16,0
503476,103051,Marka-A,A-Compact,2021,2021-08-03,2024-08-02,0
503477,103052,Marka-C,C-Van,2024,2024-03-23,2026-03-23,58
503478,103053,Marka-A,A-Compact,2017,2017-01-08,2020-01-08,0
503479,103054,Marka-A,A-Compact,2019,2019-04-08,2021-04-07,62
503480,103055,Marka-B,B-Crossover,2023,2023-05-10,2028-05-08,14
503481,103056,Marka-A,A-Compact,2021,2021-04-26,2023-04-26,0
503482,103057,Marka-A,A-Sedan,2015,2015-12-23,2018-12-22,0
503483,103058,Marka-B,B-Crossover,2023,2023-11-08,2026-11-07,1
503484,103059,Marka-B,B-Crossover,2024,2024-04-22,2027-04-22,56
503485,103060,Marka-B,B-Hatch,2022,2022-06-12,2025-06-11,44
503486,103061,Marka-A,A-SUV,2021,2021-05-25,2024-05-24,13
503487,103062,Marka-C,C-Mini,2021,2021-03-14,2024-03-13,27
503488,103063,Marka-B,B-Crossover,2019,2019-10-26,2022-10-25,33
503489,103064,Marka-B,B-Touring,2019,2019-06-21,2021-06-20,0
503490,103065,Marka-A,A-Sedan,2016,2016-07-12,2019-07-12,27
503491,103066,Marka-A,A-Sedan,2025,2025-04-14,2028-04-13,42
503492,103067,Marka-A,A-Sedan,2023,2023-12-22,2028-12-20,93
503493,103068,Marka-B,B-Crossover,2018,2018-12-14,2023-12-13,8
503494,103069,Marka-B,B-Touring,2024,2024-02-23,2027-02-22,48
503495,103070,Marka-B,B-Hatch,2019,2019-07-23,2021-07-22,24
503496,103071,Marka-A,A-SUV,2023,2023-01-26,2026-01-25,61
503497,103072,Marka-B,B-Crossover,2017,2017-12-14,2019-12-14,43
503498,103073,Marka-C,C-Mini,2024,2024-03-02,2027-03-02,62
503499,103073,Marka-B,B-Hatch,2021,2021-02-04,2024-02-04,27
503500,103074,Marka-A,A-SUV,2025,2025-06-14,2028-06-13,0
503501,103075,Marka-A,A-Compact,2019,2019-07-03,2021-07-02,107
503502,103076,Marka-C,C-Van,2021,2021-08-17,2024-08-16,15
503503,103077,Marka-C,C-Van,2016,2016-11-15,2018-11-15,30
503504,103078,Marka-C,C-Mini,2017,2017-12-27,2020-12-26,26
503505,103078,Marka-A,A-Sedan,2014,2014-04-18,2016-04-17,0
503506,103079,Marka-A,A-SUV,2022,2022-05-09,2027-05-08,49
503507,103080,Marka-A,A-SUV,2016,2016-02-10,2019-02-09,47
503508,103080,Marka-A,A-Sedan,2013,2013-12-23,2015-12-23,0
503509,103081,Marka-B,B-Crossover,2014,2014-02-04,2019-02-03,29
503510,103082,Marka-B,B-Touring,2020,2020-10-22,2022-10-22,20
503511,103083,Marka-A,A-Sedan,2022,2022-05-20,2025-05-19,38
503512,103084,Marka-A,A-Compact,2022,2022-11-26,2025-11-25,20
503513,103085,Marka-B,B-Touring,2021,2021-04-25,2026-04-24,52
503514,103086,Marka-B,B-Touring,2014,2014-10-01,2016-09-30,80
503515,103086,Marka-A,A-Compact,2023,2023-03-24,2026-03-23,15
503516,103087,Marka-C,C-Mini,2023,2023-12-10,2026-12-09,0
503517,103088,Marka-B,B-Crossover,2017,2017-11-17,2020-11-16,0
503518,103089,Marka-A,A-Sedan,2021,2021-07-23,2023-07-23,11
503519,103089,Marka-A,A-Compact,2015,2015-09-06,2018-09-05,41
503520,103090,Marka-A,A-SUV,2017,2017-09-27,2020-09-26,14
503521,103091,Marka-B,B-Hatch,2022,2022-02-11,2024-02-11,35
503522,103092,Marka-C,C-Mini,2019,2019-03-18,2021-03-17,52
503523,103092,Marka-A,A-Compact,2015,2015-07-11,2017-07-10,25
503524,103093,Marka-B,B-Touring,2019,2019-10-27,2024-10-25,0
503525,103094,Marka-A,A-SUV,2021,2021-07-06,2024-07-05,45
503526,103094,Marka-A,A-Sedan,2023,2023-12-01,2026-11-30,0
503527,103095,Marka-A,A-SUV,2017,2017-08-22,2022-08-21,42
503528,103096,Marka-B,B-Hatch,2015,2015-04-26,2018-04-25,58
503529,103097,Marka-A,A-Compact,2013,2013-09-07,2015-09-07,56
503530,103098,Marka-A,A-Compact,2017,2017-11-16,2019-11-16,5
503531,103099,Marka-B,B-Hatch,2020,2020-08-20,2023-08-20,36
503532,103099,Marka-C,C-Mini,2015,2015-07-09,2018-07-08,37
503533,103100,Marka-B,B-Crossover,2018,2018-01-21,2021-01-20,30
503534,103101,Marka-C,C-Mini,2018,2018-05-13,2021-05-12,48
503535,103102,Marka-C,C-Van,2025,2025-05-24,2027-05-24,52
503536,103103,Marka-B,B-Touring,2013,2013-09-01,2016-08-31,81
503537,103104,Marka-A,A-Sedan,2021,2021-08-09,2023-08-09,25
503538,103104,Marka-C,C-Van,2015,2015-10-22,2017-10-21,49
503539,103105,Marka-B,B-Crossover,2013,2013-08-14,2015-08-14,0
503540,103106,Marka-A,A-Compact,2017,2017-03-08,2019-03-08,20
503541,103107,Marka-A,A-Sedan,2017,2017-11-27,2022-11-26,0
503542,103108,Marka-B,B-Touring,2019,2019-12-02,2022-12-01,26
503543,103109,Marka-B,B-Crossover,2014,2014-02-15,2017-02-14,70
503544,103110,Marka-C,C-Mini,2018,2018-12-09,2023-12-08,32
503545,103111,Marka-B,B-Hatch,2024,2024-02-02,2026-02-01,36
503546,103112,Marka-A,A-Compact,2020,2020-06-05,2025-06-04,11
503547,103113,Marka-A,A-SUV,2023,2023-02-14,2026-02-13,20
503548,103114,Marka-B,B-Crossover,2017,2017-12-03,2019-12-03,0
503549,103114,Marka-A,A-Sedan,2025,2025-04-14,2028-04-13,0
503550,103115,Marka-B,B-Crossover,2017,2017-04-10,2019-04-10,58
503551,103116,Marka-A,A-Sedan,2015,2015-05-20,2018-05-19,28
503552,103117,Marka-B,B-Crossover,2015,2015-06-27,2020-06-25,23
503553,103118,Marka-A,A-Compact,2018,2018-09-09,2021-09-08,63
503554,103119,Marka-B,B-Crossover,2015,2015-10-19,2020-10-17,0
503555,103120,Marka-B,B-Touring,2022,2022-06-13,2027-06-12,10
503556,103121,Marka-A,A-Compact,2016,2016-11-09,2019-11-09,2
503557,103122,Marka-B,B-Crossover,2021,2021-12-11,2026-12-10,0
503558,103123,Marka-A,A-Compact,2022,2022-10-27,2025-10-26,74
503559,103124,Marka-A,A-Sedan,2025,2025-12-26,2027-12-26,0
503560,103125,Marka-C,C-Mini,2018,2018-11-04,2023-11-03,63
503561,103125,Marka-B,B-Hatch,2020,2020-03-21,2025-03-20,0
503562,103126,Marka-C,C-Mini,2023,2023-09-13,2026-09-12,30
503563,103127,Marka-A,A-Sedan,2025,2025-04-26,2030-04-25,17
503564,103128,Marka-C,C-Van,2021,2021-11-23,2026-11-22,9
503565,103129,Marka-C,C-Van,2021,2021-06-14,2024-06-13,0
503566,103130,Marka-A,A-Compact,2016,2016-03-05,2019-03-05,15
503567,103131,Marka-A,A-Compact,2024,2024-03-23,2027-03-23,31
503568,103132,Marka-A,A-Sedan,2013,2013-12-24,2016-12-23,78
503569,103133,Marka-B,B-Touring,2020,2020-06-14,2022-06-14,0
503570,103134,Marka-A,A-Compact,2021,2021-06-05,2023-06-05,16
503571,103135,Marka-B,B-Touring,2025,2025-12-09,2027-12-09,49
503572,103136,Marka-B,B-Touring,2013,2013-04-11,2015-04-11,10
503573,103137,Marka-B,B-Touring,2025,2025-04-18,2027-04-18,6
503574,103138,Marka-A,A-SUV,2013,2013-01-01,2015-01-01,70
503575,103139,Marka-A,A-SUV,2022,2022-07-20,2025-07-19,36
503576,103140,Marka-C,C-Van,2018,2018-10-10,2020-10-09,2
503577,103141,Marka-A,A-SUV,2017,2017-07-06,2022-07-05,56
503578,103142,Marka-B,B-Hatch,2021,2021-12-07,2024-12-06,0
503579,103143,Marka-A,A-Compact,2015,2015-06-09,2018-06-08,36
503580,103144,Marka-B,B-Hatch,2025,2025-07-17,2030-07-16,62
503581,103145,Marka-B,B-Hatch,2025,2025-03-16,2028-03-15,44
503582,103146,Marka-A,A-Sedan,2016,2016-07-04,2018-07-04,55
503583,103147,Marka-C,C-Van,2021,2021-02-08,2023-02-08,20
503584,103148,Marka-C,C-Van,2020,2020-12-14,2025-12-13,17
503585,103149,Marka-B,B-Touring,2022,2022-08-25,2027-08-24,25
503586,103150,Marka-A,A-Sedan,2015,2015-03-05,2018-03-04,67
503587,103151,Marka-B,B-Touring,2013,2013-07-02,2016-07-01,100
503588,103151,Marka-B,B-Hatch,2018,2018-04-08,2020-04-07,62
503589,103152,Marka-A,A-Sedan,2017,2017-02-04,2020-02-04,50
503590,103153,Marka-C,C-Mini,2014,2014-08-18,2016-08-17,14
503591,103154,Marka-A,A-SUV,2020,2020-09-10,2023-09-10,42
503592,103155,Marka-A,A-Compact,2022,2022-08-06,2025-08-05,54
503593,103156,Marka-B,B-Crossover,2025,2025-10-03,2028-10-02,39
503594,103157,Marka-A,A-Compact,2013,2013-06-04,2015-06-04,36
503595,103158,Marka-C,C-Van,2025,2025-12-13,2030-12-12,2
503596,103159,Marka-B,B-Hatch,2017,2017-12-13,2020-12-12,61
503597,103160,Marka-A,A-Compact,2016,2016-08-13,2018-08-13,15
503598,103161,Marka-C,C-Van,2016,2016-02-27,2018-02-26,80
503599,103162,Marka-A,A-SUV,2024,2024-11-21,2027-11-21,0
503600,103163,Marka-B,B-Touring,2024,2024-10-12,2027-10-12,39
503601,103164,Marka-C,C-Van,2015,2015-04-08,2018-04-07,64
503602,103165,Marka-A,A-SUV,2025,2025-01-19,2030-01-18,55
503603,103166,Marka-A,A-Sedan,2013,2013-05-06,2018-05-05,13
503604,103167,Marka-A,A-Sedan,2017,2017-08-26,2019-08-26,43
503605,103168,Marka-A,A-Compact,2024,2024-06-13,2027-06-13,4
503606,103169,Marka-A,A-Compact,2022,2022-12-11,2024-12-10,28
503607,103170,Marka-C,C-Mini,2022,2022-06-26,2024-06-25,31
503608,103171,Marka-B,B-Crossover,2022,2022-12-09,2025-12-08,25
503609,103172,Marka-C,C-Mini,2013,2013-07-05,2016-07-04,2
503610,103173,Marka-B,B-Touring,2022,2022-11-13,2027-11-12,27
503611,103174,Marka-B,B-Hatch,2015,2015-11-05,2018-11-04,74
503612,103175,Marka-B,B-Touring,2018,2018-12-20,2020-12-19,71
503613,103176,Marka-A,A-Sedan,2018,2018-06-13,2021-06-12,25
503614,103177,Marka-C,C-Mini,2021,2021-01-24,2026-01-23,0
503615,103178,Marka-A,A-Compact,2015,2015-01-15,2017-01-14,0
503616,103179,Marka-A,A-Sedan,2014,2014-06-27,2016-06-26,0
503617,103180,Marka-C,C-Van,2019,2019-09-02,2021-09-01,35
503618,103180,Marka-B,B-Hatch,2019,2019-07-15,2024-07-13,56
503619,103181,Marka-A,A-Compact,2015,2015-01-16,2020-01-15,2
503620,103182,Marka-B,B-Crossover,2025,2025-11-06,2028-11-05,23
503621,103183,Marka-C,C-Van,2025,2025-06-05,2030-06-04,19
503622,103184,Marka-B,B-Hatch,2013,2013-12-16,2015-12-16,49
503623,103185,Marka-B,B-Hatch,2018,2018-03-10,2020-03-09,22
503624,103186,Marka-B,B-Crossover,2023,2023-10-08,2026-10-07,0
503625,103186,Marka-A,A-SUV,2024,2024-07-09,2027-07-09,37
503626,103187,Marka-A,A-Compact,2024,2024-04-16,2027-04-16,23
503627,103188,Marka-A,A-Sedan,2024,2024-04-05,2027-04-05,58
503628,103189,Marka-C,C-Mini,2021,2021-08-03,2024-08-02,56
503629,103190,Marka-A,A-Sedan,2015,2015-12-13,2017-12-12,1
503630,103191,Marka-C,C-Van,2024,2024-11-15,2027-11-15,30
503631,103191,Marka-A,A-SUV,2021,2021-03-06,2024-03-05,15
503632,103192,Marka-A,A-Compact,2025,2025-05-07,2028-05-06,1
503633,103193,Marka-C,C-Mini,2015,2015-10-22,2018-10-21,34
503634,103194,Marka-B,B-Touring,2023,2023-05-04,2026-05-03,63
503635,103195,Marka-B,B-Hatch,2019,2019-06-04,2022-06-03,0
503636,103196,Marka-A,A-Sedan,2013,2013-09-11,2016-09-10,21
503637,103197,Marka-B,B-Touring,2016,2016-05-05,2018-05-05,12
503638,103198,Marka-B,B-Crossover,2017,2017-06-10,2019-06-10,60
503639,103199,Marka-C,C-Van,2018,2018-12-19,2021-12-18,21
503640,103200,Marka-B,B-Touring,2013,2013-07-23,2016-07-22,9
503641,103201,Marka-B,B-Crossover,2023,2023-02-09,2026-02-08,49
503642,103202,Marka-B,B-Crossover,2022,2022-08-09,2025-08-08,37
503643,103203,Marka-B,B-Touring,2019,2019-02-09,2022-02-08,24
503644,103204,Marka-A,A-SUV,2021,2021-02-06,2023-02-06,21
503645,103205,Marka-B,B-Crossover,2020,2020-08-10,2022-08-10,34
503646,103205,Marka-B,B-Hatch,2013,2013-07-26,2016-07-25,0
503647,103206,Marka-A,A-Sedan,2021,2021-06-03,2024-06-02,54
503648,103207,Marka-C,C-Mini,2024,2024-09-17,2027-09-17,27
503649,103208,Marka-B,B-Touring,2021,2021-12-25,2023-12-25,17
503650,103209,Marka-A,A-Sedan,2018,2018-07-09,2020-07-08,24
503651,103210,Marka-A,A-SUV,2023,2023-08-10,2026-08-09,33
503652,103211,Marka-B,B-Hatch,2017,2017-12-02,2020-12-01,0
503653,103211,Marka-A,A-SUV,2013,2013-06-14,2016-06-13,57
503654,103212,Marka-A,A-Compact,2025,2025-03-01,2028-02-29,34
503655,103212,Marka-A,A-Sedan,2018,2018-12-11,2020-12-10,45
503656,103213,Marka-B,B-Touring,2015,2015-12-06,2018-12-05,0
503657,103214,Marka-C,C-Mini,2013,2013-03-03,2016-03-02,37
503658,103215,Marka-A,A-Sedan,2017,2017-04-16,2020-04-15,0
503659,103216,Marka-B,B-Crossover,2021,2021-07-23,2024-07-22,51
503660,103217,Marka-A,A-Sedan,2020,2020-05-14,2023-05-14,28
503661,103218,Marka-A,A-SUV,2022,2022-11-09,2024-11-08,40
503662,103218,Marka-B,B-Touring,2017,2017-02-22,2020-02-22,85
503663,103219,Marka-A,A-Compact,2025,2025-05-03,2028-05-02,26
503664,103220,Marka-B,B-Crossover,2017,2017-12-22,2020-12-21,37
503665,103221,Marka-B,B-Touring,2025,2025-07-10,2028-07-09,23
503666,103222,Marka-B,B-Hatch,2013,2013-12-27,2016-12-26,15
503667,103222,Marka-B,B-Crossover,2025,2025-01-09,2027-01-09,10
503668,103223,Marka-A,A-Compact,2017,2017-10-13,2020-10-12,49
503669,103223,Marka-B,B-Crossover,2022,2022-12-11,2024-12-10,29
503670,103224,Marka-B,B-Crossover,2016,2016-07-26,2019-07-26,4
503671,103225,Marka-C,C-Van,2015,2015-02-16,2018-02-15,44
503672,103226,Marka-A,A-Sedan,2015,2015-02-01,2018-01-31,4
503673,103227,Marka-A,A-Compact,2019,2019-05-13,2024-05-11,67
503674,103227,Marka-C,C-Van,2021,2021-07-14,2024-07-13,8
503675,103228,Marka-B,B-Crossover,2021,2021-05-27,2024-05-26,18
503676,103229,Marka-B,B-Hatch,2016,2016-05-17,2018-05-17,32
503677,103229,Marka-A,A-SUV,2013,2013-04-17,2016-04-16,17
503678,103230,Marka-C,C-Mini,2016,2016-12-13,2019-12-13,33
503679,103231,Marka-A,A-SUV,2021,2021-06-25,2026-06-24,45
503680,103232,Marka-A,A-SUV,2019,2019-06-13,2022-06-12,19
503681,103233,Marka-B,B-Crossover,2015,2015-07-09,2020-07-07,8
503682,103234,Marka-A,A-Compact,2014,2014-09-27,2017-09-26,33
503683,103235,Marka-B,B-Crossover,2020,2020-12-19,2025-12-18,36
503684,103236,Marka-A,A-SUV,2014,2014-08-27,2019-08-26,72
503685,103237,Marka-A,A-Sedan,2022,2022-02-19,2027-02-18,33
503686,103238,Marka-B,B-Touring,2019,2019-12-21,2024-12-19,47
503687,103239,Marka-B,B-Hatch,2022,2022-04-18,2025-04-17,33
503688,103239,Marka-A,A-SUV,2013,2013-03-25,2016-03-24,44
503689,103240,Marka-C,C-Mini,2024,2024-10-14,2029-10-13,41
503690,103241,Marka-B,B-Crossover,2020,2020-09-22,2025-09-21,49
503691,103242,Marka-C,C-Van,2013,2013-12-06,2016-12-05,22
503692,103243,Marka-A,A-Sedan,2018,2018-09-26,2020-09-25,50
503693,103244,Marka-A,A-Compact,2022,2022-11-04,2024-11-03,45
503694,103245,Marka-A,A-Sedan,2021,2021-02-10,2023-02-10,6
503695,103246,Marka-A,A-Compact,2022,2022-04-02,2027-04-01,18
503696,103247,Marka-B,B-Touring,2014,2014-11-04,2017-11-03,0
503697,103248,Marka-A,A-SUV,2024,2024-10-20,2026-10-20,59
503698,103249,Marka-C,C-Van,2013,2013-10-23,2018-10-22,19
503699,103250,Marka-A,A-Sedan,2023,2023-04-06,2026-04-05,70
503700,103251,Marka-A,A-Compact,2024,2024-03-23,2027-03-23,29
503701,103252,Marka-A,A-SUV,2013,2013-05-02,2018-05-01,40
503702,103253,Marka-B,B-Crossover,2018,2018-01-15,2021-01-14,57
503703,103254,Marka-C,C-Mini,2020,2020-05-17,2023-05-17,47
503704,103254,Marka-A,A-Compact,2016,2016-11-02,2019-11-02,2
503705,103255,Marka-A,A-Sedan,2019,2019-09-27,2022-09-26,33
503706,103256,Marka-B,B-Hatch,2023,2023-12-01,2028-11-29,38
503707,103257,Marka-B,B-Touring,2018,2018-06-26,2021-06-25,42
503708,103258,Marka-B,B-Hatch,2024,2024-05-26,2026-05-26,3
503709,103259,Marka-A,A-SUV,2016,2016-08-06,2021-08-05,27
503710,103260,Marka-C,C-Mini,2016,2016-02-02,2019-02-01,25
503711,103261,Marka-A,A-Sedan,2013,2013-11-14,2015-11-14,49
503712,103261,Marka-A,A-Compact,2013,2013-08-12,2015-08-12,0
503713,103262,Marka-B,B-Crossover,2023,2023-07-21,2026-07-20,1
503714,103262,Marka-A,A-Compact,2021,2021-05-05,2023-05-05,8
503715,103263,Marka-B,B-Touring,2018,2018-04-01,2021-03-31,46
503716,103264,Marka-A,A-SUV,2020,2020-02-21,2022-02-20,31
503717,103264,Marka-B,B-Touring,2019,2019-02-12,2024-02-11,12
503718,103265,Marka-A,A-Sedan,2015,2015-11-15,2017-11-14,25
503719,103266,Marka-A,A-Sedan,2016,2016-11-01,2019-11-01,81
503720,103267,Marka-A,A-SUV,2025,2025-08-13,2030-08-12,47
503721,103268,Marka-A,A-SUV,2015,2015-08-06,2020-08-04,12
503722,103269,Marka-B,B-Touring,2018,2018-11-23,2021-11-22,72
503723,103270,Marka-A,A-Compact,2017,2017-10-01,2020-09-30,51
503724,103271,Marka-A,A-SUV,2020,2020-11-10,2025-11-09,39
503725,103272,Marka-A,A-Compact,2013,2013-08-14,2016-08-13,10
503726,103272,Marka-A,A-Compact,2014,2014-03-04,2017-03-03,77
503727,103273,Marka-A,A-Sedan,2013,2013-01-24,2015-01-24,30
503728,103274,Marka-A,A-Compact,2024,2024-04-08,2027-04-08,32
503729,103275,Marka-A,A-Sedan,2020,2020-08-16,2022-08-16,11
503730,103276,Marka-A,A-SUV,2014,2014-05-12,2017-05-11,0
503731,103277,Marka-A,A-SUV,2020,2020-12-22,2025-12-21,29
503732,103278,Marka-A,A-Sedan,2021,2021-04-23,2026-04-22,43
503733,103279,Marka-B,B-Touring,2018,2018-02-16,2023-02-15,57
503734,103280,Marka-A,A-Sedan,2023,2023-08-08,2026-08-07,73
503735,103281,Marka-B,B-Hatch,2024,2024-02-03,2027-02-02,27
503736,103281,Marka-A,A-Sedan,2020,2020-01-09,2022-01-08,1
503737,103282,Marka-A,A-Sedan,2016,2016-04-12,2019-04-12,42
503738,103283,Marka-B,B-Touring,2019,2019-05-03,2022-05-02,12
503739,103284,Marka-B,B-Touring,2023,2023-12-12,2025-12-11,8
503740,103285,Marka-A,A-Sedan,2022,2022-06-27,2025-06-26,11
503741,103286,Marka-B,B-Crossover,2016,2016-01-16,2019-01-15,33
503742,103287,Marka-A,A-Compact,2015,2015-07-10,2017-07-09,82
503743,103288,Marka-A,A-Sedan,2014,2014-03-04,2019-03-03,16
503744,103289,Marka-C,C-Mini,2020,2020-03-13,2022-03-13,42
503745,103290,Marka-A,A-SUV,2014,2014-04-18,2019-04-17,66
503746,103291,Marka-A,A-Compact,2025,2025-07-22,2027-07-22,0
503747,103292,Marka-B,B-Hatch,2013,2013-02-27,2018-02-26,23
503748,103293,Marka-A,A-SUV,2021,2021-01-07,2024-01-07,25
503749,103294,Marka-B,B-Crossover,2017,2017-03-04,2022-03-03,33
503750,103295,Marka-B,B-Crossover,2024,2024-11-02,2026-11-02,0
503751,103296,Marka-C,C-Mini,2019,2019-03-07,2022-03-06,1
503752,103297,Marka-A,A-SUV,2016,2016-11-17,2019-11-17,19
503753,103298,Marka-C,C-Van,2025,2025-07-15,2027-07-15,52
503754,103299,Marka-A,A-Compact,2016,2016-12-12,2019-12-12,5
503755,103299,Marka-B,B-Crossover,2018,2018-08-17,2021-08-16,32
503756,103300,Marka-B,B-Crossover,2021,2021-07-16,2024-07-15,75
503757,103301,Marka-B,B-Touring,2016,2016-04-03,2021-04-02,102
503758,103302,Marka-B,B-Crossover,2023,2023-02-10,2025-02-09,26
503759,103303,Marka-C,C-Van,2013,2013-08-10,2015-08-10,0
503760,103304,Marka-B,B-Hatch,2015,2015-03-18,2018-03-17,12
503761,103305,Marka-B,B-Hatch,2014,2014-11-25,2017-11-24,6
503762,103305,Marka-B,B-Crossover,2018,2018-12-07,2020-12-06,34
503763,103306,Marka-C,C-Van,2025,2025-01-01,2027-01-01,25
503764,103307,Marka-A,A-Sedan,2021,2021-11-21,2024-11-20,34
503765,103308,Marka-C,C-Van,2025,2025-08-20,2028-08-19,29
503766,103309,Marka-A,A-Sedan,2024,2024-04-11,2027-04-11,66
503767,103310,Marka-A,A-Compact,2022,2022-01-19,2025-01-18,25
503768,103311,Marka-A,A-Compact,2017,2017-10-08,2022-10-07,16
503769,103312,Marka-A,A-Compact,2015,2015-03-16,2018-03-15,46
503770,103313,Marka-A,A-Compact,2020,2020-10-04,2022-10-04,22
503771,103314,Marka-A,A-Sedan,2014,2014-11-07,2017-11-06,22
503772,103315,Marka-B,B-Crossover,2017,2017-03-21,2022-03-20,47
503773,103316,Marka-A,A-Compact,2022,2022-08-24,2027-08-23,32
503774,103317,Marka-A,A-Sedan,2015,2015-05-26,2018-05-25,8
503775,103318,Marka-C,C-Van,2021,2021-05-14,2024-05-13,57
503776,103319,Marka-B,B-Touring,2017,2017-09-06,2020-09-05,50
503777,103320,Marka-B,B-Touring,2023,2023-10-20,2025-10-19,2
503778,103321,Marka-A,A-Sedan,2022,2022-08-12,2024-08-11,58
503779,103322,Marka-A,A-Compact,2014,2014-05-04,2016-05-03,55
503780,103322,Marka-A,A-Sedan,2020,2020-04-02,2023-04-02,16
503781,103323,Marka-A,A-Sedan,2021,2021-06-19,2023-06-19,12
503782,103324,Marka-A,A-SUV,2016,2016-12-01,2019-12-01,22
503783,103325,Marka-B,B-Crossover,2022,2022-09-18,2025-09-17,37
503784,103326,Marka-A,A-SUV,2013,2013-12-25,2016-12-24,24
503785,103327,Marka-B,B-Touring,2019,2019-09-13,2022-09-12,9
503786,103328,Marka-C,C-Van,2018,2018-01-01,2020-12-31,49
503787,103329,Marka-B,B-Hatch,2020,2020-08-13,2022-08-13,36
503788,103330,Marka-A,A-SUV,2021,2021-10-16,2023-10-16,22
503789,103330,Marka-A,A-Compact,2020,2020-10-13,2023-10-13,59
503790,103331,Marka-C,C-Mini,2023,2023-12-25,2026-12-24,67
503791,103332,Marka-B,B-Crossover,2015,2015-11-14,2018-11-13,47
503792,103332,Marka-C,C-Mini,2025,2025-02-19,2030-02-18,0
503793,103333,Marka-C,C-Van,2015,2015-04-06,2017-04-05,40
503794,103334,Marka-B,B-Hatch,2025,2025-12-14,2028-12-13,10
503795,103335,Marka-B,B-Touring,2015,2015-10-22,2018-10-21,61
503796,103335,Marka-B,B-Hatch,2014,2014-11-05,2017-11-04,8
503797,103336,Marka-A,A-SUV,2021,2021-11-06,2026-11-05,0
503798,103337,Marka-B,B-Touring,2023,2023-11-02,2026-11-01,11
503799,103338,Marka-A,A-Sedan,2022,2022-02-20,2025-02-19,39
503800,103339,Marka-A,A-Compact,2013,2013-12-17,2018-12-16,67
503801,103340,Marka-B,B-Crossover,2013,2013-09-25,2016-09-24,33
503802,103341,Marka-A,A-SUV,2022,2022-12-18,2025-12-17,26
503803,103342,Marka-A,A-Sedan,2024,2024-05-22,2027-05-22,5
503804,103342,Marka-B,B-Touring,2023,2023-07-05,2025-07-04,47
503805,103343,Marka-A,A-Compact,2025,2025-08-07,2028-08-06,105
503806,103343,Marka-B,B-Hatch,2019,2019-10-18,2024-10-16,52
503807,103344,Marka-A,A-SUV,2018,2018-09-04,2023-09-03,67
503808,103345,Marka-A,A-SUV,2023,2023-07-05,2025-07-04,0
503809,103345,Marka-B,B-Crossover,2015,2015-06-12,2018-06-11,0
503810,103346,Marka-A,A-SUV,2019,2019-11-05,2021-11-04,12
503811,103347,Marka-B,B-Touring,2021,2021-11-11,2026-11-10,0
503812,103348,Marka-B,B-Crossover,2014,2014-03-09,2017-03-08,44
503813,103349,Marka-A,A-Compact,2013,2013-03-13,2016-03-12,20
503814,103350,Marka-A,A-Compact,2022,2022-04-12,2024-04-11,42
503815,103351,Marka-B,B-Touring,2020,2020-02-18,2023-02-17,53
503816,103352,Marka-C,C-Mini,2015,2015-02-03,2020-02-02,57
503817,103353,Marka-A,A-Compact,2024,2024-04-13,2027-04-13,7
503818,103354,Marka-A,A-SUV,2025,2025-08-21,2027-08-21,48
503819,103355,Marka-A,A-Sedan,2025,2025-07-06,2030-07-05,82
503820,103356,Marka-C,C-Mini,2025,2025-04-04,2027-04-04,24
503821,103357,Marka-A,A-SUV,2020,2020-11-18,2023-11-18,14
503822,103357,Marka-A,A-SUV,2016,2016-08-02,2019-08-02,40
503823,103358,Marka-A,A-Compact,2019,2019-12-20,2021-12-19,18
503824,103358,Marka-A,A-Sedan,2022,2022-02-24,2027-02-23,4
503825,103359,Marka-A,A-Compact,2013,2013-09-24,2016-09-23,33
503826,103360,Marka-A,A-Compact,2022,2022-01-09,2024-01-09,31
503827,103361,Marka-A,A-Compact,2013,2013-02-17,2016-02-17,25
503828,103362,Marka-C,C-Mini,2016,2016-08-26,2019-08-26,5
503829,103363,Marka-A,A-Sedan,2016,2016-11-26,2019-11-26,0
503830,103364,Marka-B,B-Touring,2025,2025-08-11,2028-08-10,57
503831,103365,Marka-A,A-Sedan,2019,2019-03-14,2022-03-13,48
503832,103366,Marka-B,B-Hatch,2016,2016-05-07,2021-05-06,29
503833,103367,Marka-B,B-Hatch,2024,2024-06-23,2027-06-23,33
503834,103367,Marka-A,A-Compact,2018,2018-08-02,2020-08-01,39
503835,103368,Marka-A,A-Sedan,2015,2015-04-12,2018-04-11,96
503836,103369,Marka-B,B-Crossover,2022,2022-01-15,2024-01-15,0
503837,103370,Marka-A,A-Compact,2013,2013-10-23,2018-10-22,37
503838,103371,Marka-B,B-Crossover,2013,2013-03-18,2016-03-17,39
503839,103372,Marka-C,C-Mini,2023,2023-07-25,2025-07-24,10
503840,103373,Marka-A,A-Compact,2017,2017-05-17,2022-05-16,46
503841,103374,Marka-C,C-Mini,2015,2015-09-12,2018-09-11,32
503842,103375,Marka-A,A-Sedan,2016,2016-02-03,2019-02-02,29
503843,103375,Marka-A,A-Sedan,2023,2023-11-25,2028-11-23,32
503844,103376,Marka-B,B-Touring,2021,2021-11-12,2024-11-11,19
503845,103376,Marka-A,A-SUV,2016,2016-07-06,2019-07-06,26
503846,103377,Marka-C,C-Mini,2025,2025-09-02,2028-09-01,22
503847,103378,Marka-A,A-Compact,2023,2023-04-23,2026-04-22,39
503848,103379,Marka-A,A-Compact,2023,2023-01-01,2027-12-31,32
503849,103380,Marka-A,A-Sedan,2022,2022-09-19,2027-09-18,30
503850,103381,Marka-A,A-SUV,2017,2017-03-10,2019-03-10,30
503851,103382,Marka-B,B-Touring,2020,2020-12-01,2023-12-01,48
503852,103383,Marka-B,B-Crossover,2014,2014-07-27,2016-07-26,30
503853,103384,Marka-C,C-Mini,2014,2014-10-09,2017-10-08,45
503854,103385,Marka-A,A-Sedan,2017,2017-01-24,2019-01-24,13
503855,103386,Marka-B,B-Crossover,2016,2016-11-02,2019-11-02,10
503856,103387,Marka-A,A-SUV,2022,2022-10-16,2025-10-15,38
503857,103388,Marka-A,A-SUV,2022,2022-03-12,2024-03-11,13
503858,103389,Marka-B,B-Crossover,2015,2015-06-08,2017-06-07,0
503859,103390,Marka-B,B-Hatch,2013,2013-08-13,2016-08-12,42
503860,103391,Marka-B,B-Hatch,2013,2013-02-27,2015-02-27,0
503861,103392,Marka-C,C-Van,2018,2018-05-26,2020-05-25,49
503862,103393,Marka-A,A-Compact,2023,2023-01-11,2026-01-10,33
503863,103394,Marka-A,A-Compact,2019,2019-09-27,2022-09-26,62
503864,103395,Marka-A,A-Compact,2021,2021-04-07,2024-04-06,35
503865,103396,Marka-A,A-Compact,2023,2023-07-23,2028-07-21,64
503866,103397,Marka-B,B-Hatch,2018,2018-09-10,2021-09-09,42
503867,103398,Marka-A,A-Sedan,2024,2024-08-18,2029-08-17,42
503868,103398,Marka-B,B-Hatch,2024,2024-08-02,2026-08-02,89
503869,103399,Marka-B,B-Crossover,2022,2022-02-23,2025-02-22,33
503870,103400,Marka-A,A-Compact,2014,2014-02-13,2016-02-13,24
503871,103401,Marka-A,A-SUV,2023,2023-10-01,2026-09-30,0
503872,103401,Marka-B,B-Crossover,2023,2023-04-16,2026-04-15,63
503873,103402,Marka-B,B-Hatch,2022,2022-02-22,2025-02-21,25
503874,103403,Marka-A,A-Sedan,2015,2015-01-04,2018-01-03,36
503875,103404,Marka-C,C-Mini,2024,2024-01-09,2027-01-08,47
503876,103405,Marka-B,B-Crossover,2017,2017-11-17,2019-11-17,0
503877,103405,Marka-B,B-Touring,2018,2018-11-11,2021-11-10,42
503878,103406,Marka-A,A-Sedan,2022,2022-11-05,2025-11-04,39
503879,103407,Marka-B,B-Hatch,2018,2018-06-24,2023-06-23,15
503880,103408,Marka-B,B-Touring,2023,2023-06-12,2025-06-11,1
503881,103409,Marka-B,B-Crossover,2017,2017-06-17,2022-06-16,45
503882,103410,Marka-A,A-Sedan,2013,2013-11-17,2016-11-16,5
503883,103410,Marka-A,A-Compact,2018,2018-02-13,2021-02-12,5
503884,103411,Marka-A,A-SUV,2022,2022-11-05,2025-11-04,57
503885,103412,Marka-C,C-Van,2015,2015-05-02,2020-04-30,30
503886,103413,Marka-B,B-Hatch,2021,2021-01-03,2024-01-03,23
503887,103414,Marka-A,A-SUV,2024,2024-11-17,2029-11-16,0
503888,103415,Marka-A,A-Sedan,2025,2025-12-25,2028-12-24,34
503889,103416,Marka-B,B-Touring,2024,2024-12-08,2026-12-08,30
503890,103417,Marka-C,C-Mini,2022,2022-03-14,2024-03-13,50
503891,103418,Marka-B,B-Hatch,2017,2017-12-09,2020-12-08,52
503892,103419,Marka-A,A-Compact,2018,2018-08-11,2023-08-10,0
503893,103419,Marka-B,B-Hatch,2015,2015-04-05,2017-04-04,39
503894,103420,Marka-A,A-Sedan,2013,2013-11-25,2016-11-24,25
503895,103421,Marka-B,B-Touring,2021,2021-08-22,2024-08-21,68
503896,103422,Marka-C,C-Mini,2022,2022-04-20,2025-04-19,72
503897,103423,Marka-B,B-Crossover,2023,2023-12-19,2026-12-18,44
503898,103424,Marka-C,C-Van,2020,2020-06-06,2025-06-05,19
503899,103425,Marka-B,B-Crossover,2021,2021-08-27,2024-08-26,5
503900,103425,Marka-A,A-Compact,2014,2014-11-21,2019-11-20,24
503901,103426,Marka-A,A-Sedan,2018,2018-07-04,2020-07-03,37
503902,103427,Marka-B,B-Crossover,2024,2024-06-17,2027-06-17,57
503903,103428,Marka-A,A-Compact,2019,2019-10-01,2021-09-30,0
503904,103429,Marka-A,A-Compact,2025,2025-08-15,2027-08-15,40
503905,103430,Marka-A,A-Sedan,2019,2019-09-01,2021-08-31,22
503906,103431,Marka-A,A-SUV,2024,2024-01-07,2027-01-06,6
503907,103432,Marka-B,B-Touring,2014,2014-06-10,2019-06-09,61
503908,103433,Marka-A,A-Compact,2014,2014-06-04,2017-06-03,0
503909,103434,Marka-C,C-Van,2022,2022-09-19,2024-09-18,12
503910,103435,Marka-B,B-Touring,2014,2014-10-16,2017-10-15,21
503911,103436,Marka-A,A-Sedan,2016,2016-04-21,2019-04-21,12
503912,103437,Marka-A,A-Sedan,2016,2016-03-23,2019-03-23,0
503913,103438,Marka-C,C-Van,2016,2016-03-15,2021-03-14,24
503914,103439,Marka-A,A-Compact,2021,2021-04-12,2024-04-11,19
503915,103440,Marka-A,A-SUV,2020,2020-03-04,2023-03-04,70
503916,103441,Marka-B,B-Hatch,2022,2022-08-22,2025-08-21,58
503917,103442,Marka-B,B-Touring,2020,2020-10-03,2022-10-03,19
503918,103443,Marka-A,A-Compact,2014,2014-02-05,2016-02-05,50
503919,103444,Marka-B,B-Hatch,2016,2016-12-09,2018-12-09,0
503920,103445,Marka-A,A-Compact,2021,2021-03-19,2024-03-18,0
503921,103446,Marka-A,A-Sedan,2024,2024-06-08,2026-06-08,58
503922,103447,Marka-A,A-SUV,2014,2014-06-22,2019-06-21,40
503923,103448,Marka-A,A-SUV,2025,2025-10-08,2028-10-07,61
503924,103449,Marka-A,A-SUV,2023,2023-06-07,2026-06-06,18
503925,103450,Marka-A,A-Sedan,2023,2023-11-06,2028-11-04,32
503926,103451,Marka-B,B-Crossover,2013,2013-10-19,2015-10-19,27
503927,103452,Marka-A,A-Sedan,2024,2024-06-12,2027-06-12,46
503928,103453,Marka-B,B-Crossover,2025,2025-11-25,2028-11-24,4
503929,103454,Marka-C,C-Van,2023,2023-08-03,2026-08-02,72
503930,103455,Marka-A,A-Compact,2025,2025-03-19,2028-03-18,0
503931,103456,Marka-C,C-Mini,2016,2016-10-02,2021-10-01,23
503932,103457,Marka-B,B-Crossover,2013,2013-05-15,2016-05-14,23
503933,103458,Marka-A,A-Sedan,2025,2025-05-06,2028-05-05,81
503934,103458,Marka-A,A-Compact,2020,2020-05-09,2025-05-08,46
503935,103459,Marka-B,B-Hatch,2013,2013-10-05,2018-10-04,36
503936,103460,Marka-A,A-SUV,2018,2018-11-11,2020-11-10,9
503937,103461,Marka-C,C-Van,2022,2022-05-19,2027-05-18,76
503938,103462,Marka-B,B-Touring,2018,2018-08-13,2021-08-12,25
503939,103463,Marka-B,B-Crossover,2014,2014-11-08,2017-11-07,15
503940,103463,Marka-A,A-Sedan,2013,2013-04-19,2016-04-18,26
503941,103464,Marka-A,A-Sedan,2018,2018-07-19,2021-07-18,67
503942,103464,Marka-A,A-SUV,2021,2021-07-11,2024-07-10,28
503943,103465,Marka-A,A-Compact,2024,2024-12-14,2027-12-14,18
503944,103466,Marka-A,A-SUV,2019,2019-07-02,2022-07-01,29
503945,103467,Marka-C,C-Van,2013,2013-10-13,2015-10-13,71
503946,103468,Marka-A,A-Compact,2014,2014-04-17,2016-04-16,6
503947,103468,Marka-C,C-Mini,2023,2023-05-23,2026-05-22,7
503948,103469,Marka-C,C-Van,2024,2024-12-04,2029-12-03,32
503949,103470,Marka-C,C-Van,2024,2024-06-02,2026-06-02,30
503950,103471,Marka-A,A-Compact,2025,2025-02-16,2027-02-16,15
503951,103471,Marka-B,B-Crossover,2022,2022-09-27,2025-09-26,22
503952,103472,Marka-A,A-Compact,2021,2021-09-07,2023-09-07,37
503953,103473,Marka-B,B-Crossover,2013,2013-11-05,2015-11-05,106
503954,103474,Marka-A,A-Sedan,2015,2015-09-07,2017-09-06,24
503955,103475,Marka-B,B-Crossover,2025,2025-09-16,2028-09-15,41
503956,103476,Marka-A,A-SUV,2022,2022-01-03,2025-01-02,68
503957,103476,Marka-A,A-SUV,2021,2021-10-02,2024-10-01,23
503958,103477,Marka-A,A-Sedan,2018,2018-08-10,2021-08-09,37
503959,103478,Marka-B,B-Crossover,2023,2023-08-10,2026-08-09,33
503960,103479,Marka-A,A-Sedan,2018,2018-06-12,2020-06-11,39
503961,103480,Marka-A,A-SUV,2014,2014-11-24,2016-11-23,2
503962,103481,Marka-A,A-SUV,2014,2014-07-09,2017-07-08,38
503963,103482,Marka-C,C-Van,2019,2019-11-24,2022-11-23,45
503964,103482,Marka-B,B-Crossover,2018,2018-11-12,2020-11-11,26
503965,103483,Marka-A,A-Sedan,2019,2019-11-12,2024-11-10,0
503966,103483,Marka-C,C-Mini,2024,2024-01-27,2027-01-26,42
503967,103484,Marka-A,A-Compact,2024,2024-09-21,2029-09-20,0
503968,103484,Marka-B,B-Touring,2023,2023-08-03,2026-08-02,37
503969,103485,Marka-A,A-Compact,2015,2015-04-13,2018-04-12,24
503970,103486,Marka-A,A-Sedan,2018,2018-06-25,2020-06-24,20
503971,103486,Marka-C,C-Van,2016,2016-07-12,2019-07-12,29
503972,103487,Marka-A,A-Compact,2022,2022-01-17,2025-01-16,35
503973,103488,Marka-A,A-SUV,2020,2020-11-18,2023-11-18,26
503974,103489,Marka-B,B-Hatch,2020,2020-11-25,2023-11-25,48
503975,103490,Marka-B,B-Touring,2021,2021-07-05,2024-07-04,50
503976,103491,Marka-C,C-Van,2018,2018-07-02,2021-07-01,0
503977,103492,Marka-C,C-Mini,2017,2017-07-26,2020-07-25,36
503978,103493,Marka-A,A-SUV,2025,2025-11-16,2027-11-16,45
503979,103494,Marka-B,B-Touring,2016,2016-02-18,2021-02-16,8
503980,103495,Marka-B,B-Hatch,2014,2014-09-16,2017-09-15,9
503981,103496,Marka-B,B-Touring,2025,2025-10-21,2028-10-20,33
503982,103497,Marka-A,A-Compact,2025,2025-11-01,2027-11-01,26
503983,103498,Marka-A,A-Sedan,2020,2020-06-22,2023-06-22,32
503984,103499,Marka-A,A-SUV,2023,2023-11-08,2025-11-07,15
503985,103500,Marka-B,B-Touring,2021,2021-03-27,2023-03-27,51
503986,103501,Marka-B,B-Crossover,2021,2021-07-13,2026-07-12,0
503987,103502,Marka-A,A-Sedan,2013,2013-11-25,2015-11-25,38
503988,103503,Marka-A,A-Compact,2021,2021-04-25,2024-04-24,54
503989,103504,Marka-A,A-Compact,2013,2013-03-01,2015-03-01,11
503990,103505,Marka-B,B-Hatch,2017,2017-04-10,2019-04-10,59
503991,103505,Marka-A,A-Compact,2013,2013-02-05,2015-02-05,34
503992,103506,Marka-C,C-Mini,2023,2023-12-13,2026-12-12,14
503993,103506,Marka-B,B-Hatch,2015,2015-03-11,2018-03-10,20
503994,103507,Marka-C,C-Mini,2016,2016-01-19,2019-01-18,48
503995,103508,Marka-B,B-Hatch,2019,2019-03-12,2021-03-11,51
503996,103509,Marka-A,A-Compact,2016,2016-11-01,2019-11-01,7
503997,103510,Marka-B,B-Hatch,2014,2014-12-23,2017-12-22,35
503998,103511,Marka-C,C-Mini,2022,2022-01-22,2024-01-22,32
503999,103512,Marka-A,A-Sedan,2025,2025-03-17,2028-03-16,34
504000,103513,Marka-A,A-Sedan,2017,2017-04-25,2019-04-25,0
504001,103513,Marka-B,B-Touring,2025,2025-10-07,2030-10-06,15
504002,103514,Marka-B,B-Hatch,2021,2021-04-18,2024-04-17,22
504003,103515,Marka-A,A-Compact,2018,2018-07-07,2023-07-06,0
504004,103516,Marka-C,C-Mini,2022,2022-06-23,2024-06-22,30
504005,103517,Marka-B,B-Crossover,2016,2016-06-15,2021-06-14,14
504006,103518,Marka-A,A-SUV,2018,2018-12-16,2021-12-15,56
504007,103519,Marka-A,A-Sedan,2020,2020-04-17,2023-04-17,91
504008,103520,Marka-A,A-Compact,2021,2021-07-15,2024-07-14,12
504009,103521,Marka-C,C-Van,2014,2014-06-04,2016-06-03,0
504010,103521,Marka-B,B-Touring,2024,2024-05-20,2027-05-20,8
504011,103522,Marka-A,A-Compact,2020,2020-04-08,2025-04-07,47
504012,103523,Marka-A,A-Compact,2021,2021-08-27,2023-08-27,29
504013,103524,Marka-B,B-Crossover,2016,2016-05-21,2018-05-21,57
504014,103525,Marka-A,A-Sedan,2020,2020-02-10,2022-02-09,74
504015,103526,Marka-A,A-SUV,2019,2019-04-07,2021-04-06,28
504016,103527,Marka-A,A-Compact,2015,2015-11-02,2017-11-01,56
504017,103527,Marka-A,A-Compact,2019,2019-03-18,2022-03-17,7
504018,103528,Marka-B,B-Touring,2020,2020-04-05,2022-04-05,35
504019,103529,Marka-A,A-SUV,2023,2023-09-10,2025-09-09,41
504020,103530,Marka-A,A-Compact,2021,2021-02-24,2023-02-24,1
504021,103531,Marka-B,B-Touring,2019,2019-07-20,2021-07-19,18
504022,103532,Marka-C,C-Van,2018,2018-09-12,2021-09-11,10
504023,103533,Marka-A,A-SUV,2018,2018-08-24,2021-08-23,22
504024,103534,Marka-B,B-Hatch,2015,2015-09-01,2018-08-31,44
504025,103535,Marka-B,B-Crossover,2023,2023-10-12,2026-10-11,15
504026,103535,Marka-A,A-Compact,2022,2022-12-20,2025-12-19,10
504027,103536,Marka-A,A-Sedan,2018,2018-09-24,2023-09-23,1
504028,103537,Marka-A,A-Compact,2024,2024-08-08,2027-08-08,21
504029,103538,Marka-B,B-Hatch,2015,2015-12-12,2018-12-11,68
504030,103539,Marka-B,B-Touring,2014,2014-12-22,2017-12-21,71
504031,103540,Marka-A,A-Compact,2015,2015-03-26,2017-03-25,12
504032,103541,Marka-B,B-Hatch,2023,2023-03-15,2025-03-14,0
504033,103541,Marka-A,A-Sedan,2017,2017-12-23,2020-12-22,51
504034,103542,Marka-A,A-SUV,2013,2013-04-23,2016-04-22,25
504035,103543,Marka-B,B-Crossover,2015,2015-04-27,2018-04-26,51
504036,103544,Marka-A,A-Sedan,2021,2021-05-21,2026-05-20,0
504037,103544,Marka-A,A-SUV,2019,2019-10-25,2022-10-24,67
504038,103545,Marka-A,A-Sedan,2023,2023-03-06,2025-03-05,27
504039,103546,Marka-A,A-Compact,2019,2019-11-20,2022-11-19,53
504040,103546,Marka-B,B-Touring,2024,2024-07-16,2029-07-15,18
504041,103547,Marka-A,A-SUV,2021,2021-08-08,2023-08-08,46
504042,103548,Marka-A,A-Sedan,2021,2021-01-03,2023-01-03,9
504043,103549,Marka-A,A-Sedan,2021,2021-01-09,2023-01-09,33
504044,103550,Marka-A,A-Sedan,2022,2022-07-08,2024-07-07,48
504045,103551,Marka-B,B-Hatch,2023,2023-04-07,2026-04-06,71
504046,103552,Marka-A,A-Sedan,2019,2019-03-20,2022-03-19,25
504047,103552,Marka-B,B-Crossover,2021,2021-12-08,2023-12-08,33
504048,103553,Marka-A,A-SUV,2023,2023-11-09,2025-11-08,69
504049,103554,Marka-B,B-Crossover,2020,2020-10-06,2025-10-05,75
504050,103555,Marka-B,B-Touring,2019,2019-12-14,2024-12-12,24
504051,103556,Marka-A,A-Compact,2019,2019-02-02,2022-02-01,54
504052,103557,Marka-A,A-SUV,2018,2018-06-24,2023-06-23,29
504053,103558,Marka-B,B-Crossover,2023,2023-04-27,2026-04-26,36
504054,103558,Marka-A,A-Sedan,2018,2018-05-02,2020-05-01,43
504055,103559,Marka-A,A-SUV,2024,2024-11-05,2026-11-05,46
504056,103559,Marka-A,A-SUV,2013,2013-06-01,2016-05-31,42
504057,103560,Marka-B,B-Crossover,2021,2021-04-25,2023-04-25,59
504058,103560,Marka-B,B-Touring,2021,2021-05-08,2024-05-07,57
504059,103561,Marka-A,A-Sedan,2015,2015-05-14,2018-05-13,14
504060,103562,Marka-C,C-Van,2023,2023-07-07,2026-07-06,97
504061,103563,Marka-B,B-Crossover,2013,2013-01-08,2016-01-08,27
504062,103564,Marka-B,B-Touring,2021,2021-05-04,2024-05-03,21
504063,103565,Marka-B,B-Crossover,2017,2017-11-05,2020-11-04,15
504064,103566,Marka-A,A-Compact,2019,2019-11-11,2021-11-10,39
504065,103567,Marka-A,A-SUV,2022,2022-09-23,2024-09-22,40
504066,103568,Marka-A,A-Sedan,2025,2025-08-20,2028-08-19,61
504067,103569,Marka-A,A-Compact,2015,2015-01-04,2018-01-03,34
504068,103570,Marka-B,B-Crossover,2021,2021-05-12,2024-05-11,17
504069,103571,Marka-A,A-SUV,2024,2024-10-17,2029-10-16,37
504070,103572,Marka-A,A-SUV,2015,2015-07-11,2018-07-10,29
504071,103573,Marka-B,B-Crossover,2022,2022-10-25,2024-10-24,65
504072,103574,Marka-B,B-Hatch,2025,2025-06-02,2027-06-02,22
504073,103575,Marka-A,A-Compact,2017,2017-07-25,2019-07-25,71
504074,103575,Marka-C,C-Mini,2018,2018-08-19,2020-08-18,14
504075,103576,Marka-A,A-SUV,2021,2021-08-07,2023-08-07,31
504076,103577,Marka-A,A-SUV,2021,2021-12-09,2023-12-09,55
504077,103578,Marka-A,A-Sedan,2013,2013-07-25,2016-07-24,5
504078,103579,Marka-A,A-SUV,2017,2017-08-20,2020-08-19,45
504079,103580,Marka-B,B-Touring,2023,2023-05-18,2026-05-17,29
504080,103581,Marka-B,B-Crossover,2017,2017-09-27,2020-09-26,30
504081,103582,Marka-A,A-SUV,2016,2016-09-18,2021-09-17,3
504082,103582,Marka-B,B-Hatch,2020,2020-11-01,2022-11-01,48
504083,103583,Marka-A,A-Compact,2022,2022-04-12,2025-04-11,49
504084,103584,Marka-B,B-Hatch,2013,2013-02-01,2016-02-01,0
504085,103585,Marka-A,A-Compact,2016,2016-11-03,2018-11-03,0
504086,103586,Marka-C,C-Mini,2019,2019-08-26,2022-08-25,53
504087,103586,Marka-B,B-Hatch,2025,2025-11-06,2028-11-05,80
504088,103587,Marka-B,B-Crossover,2018,2018-10-08,2020-10-07,16
504089,103588,Marka-A,A-Compact,2019,2019-09-04,2021-09-03,35
504090,103589,Marka-B,B-Hatch,2014,2014-03-27,2016-03-26,19
504091,103590,Marka-A,A-Sedan,2017,2017-07-05,2020-07-04,21
504092,103591,Marka-A,A-Compact,2023,2023-09-14,2025-09-13,59
504093,103592,Marka-A,A-Sedan,2014,2014-07-08,2016-07-07,59
504094,103593,Marka-A,A-Sedan,2020,2020-04-04,2023-04-04,0
504095,103594,Marka-B,B-Touring,2015,2015-05-07,2018-05-06,52
504096,103595,Marka-C,C-Mini,2023,2023-01-03,2026-01-02,34
504097,103596,Marka-A,A-Sedan,2018,2018-05-20,2021-05-19,63
504098,103597,Marka-A,A-Sedan,2021,2021-12-18,2024-12-17,47
504099,103598,Marka-A,A-Compact,2019,2019-05-09,2021-05-08,80
504100,103599,Marka-B,B-Crossover,2025,2025-08-14,2027-08-14,33
504101,103600,Marka-A,A-Compact,2021,2021-05-04,2026-05-03,38
504102,103601,Marka-B,B-Crossover,2019,2019-03-07,2024-03-05,0
504103,103601,Marka-C,C-Mini,2018,2018-02-04,2023-02-03,25
504104,103602,Marka-B,B-Hatch,2024,2024-02-24,2026-02-23,39
504105,103603,Marka-A,A-Compact,2020,2020-06-17,2025-06-16,40
504106,103604,Marka-B,B-Touring,2018,2018-10-25,2020-10-24,5
504107,103605,Marka-B,B-Hatch,2014,2014-11-19,2017-11-18,38
504108,103606,Marka-C,C-Van,2019,2019-02-21,2024-02-20,50
504109,103607,Marka-A,A-Compact,2019,2019-03-25,2024-03-23,31
504110,103607,Marka-B,B-Touring,2013,2013-06-19,2018-06-18,16
504111,103608,Marka-A,A-Compact,2013,2013-03-20,2018-03-19,48
504112,103609,Marka-A,A-Compact,2024,2024-09-26,2027-09-26,0
504113,103610,Marka-B,B-Touring,2022,2022-10-17,2025-10-16,7
504114,103611,Marka-A,A-SUV,2017,2017-04-14,2020-04-13,25
504115,103612,Marka-A,A-Sedan,2025,2025-08-25,2028-08-24,57
504116,103613,Marka-A,A-SUV,2014,2014-06-02,2019-06-01,20
504117,103614,Marka-A,A-Sedan,2016,2016-04-18,2019-04-18,15
504118,103615,Marka-C,C-Van,2020,2020-12-24,2023-12-24,23
504119,103616,Marka-C,C-Van,2025,2025-05-20,2028-05-19,39
504120,103617,Marka-B,B-Hatch,2014,2014-04-10,2016-04-09,19
504121,103618,Marka-A,A-SUV,2018,2018-01-13,2020-01-13,39
504122,103619,Marka-C,C-Van,2021,2021-05-23,2023-05-23,29
504123,103620,Marka-C,C-Van,2016,2016-12-17,2019-12-17,36
504124,103621,Marka-A,A-SUV,2017,2017-08-01,2020-07-31,0
504125,103622,Marka-A,A-SUV,2016,2016-11-21,2021-11-20,0
504126,103622,Marka-A,A-SUV,2020,2020-05-01,2025-04-30,0
504127,103623,Marka-A,A-SUV,2021,2021-03-10,2026-03-09,61
504128,103624,Marka-A,A-SUV,2025,2025-04-05,2030-04-04,26
504129,103625,Marka-B,B-Touring,2014,2014-06-09,2017-06-08,34
504130,103626,Marka-A,A-Sedan,2022,2022-10-21,2027-10-20,31
504131,103627,Marka-A,A-Sedan,2017,2017-11-10,2019-11-10,0
504132,103628,Marka-C,C-Van,2013,2013-03-22,2018-03-21,18
504133,103628,Marka-B,B-Hatch,2021,2021-12-20,2023-12-20,45
504134,103629,Marka-A,A-Sedan,2014,2014-06-13,2019-06-12,31
504135,103630,Marka-A,A-Compact,2024,2024-03-05,2027-03-05,25
504136,103631,Marka-A,A-Compact,2023,2023-04-01,2025-03-31,44
504137,103632,Marka-B,B-Hatch,2015,2015-12-20,2017-12-19,21
504138,103633,Marka-B,B-Hatch,2015,2015-06-04,2018-06-03,75
504139,103634,Marka-B,B-Hatch,2024,2024-06-08,2026-06-08,25
504140,103635,Marka-A,A-SUV,2017,2017-06-13,2019-06-13,8
504141,103636,Marka-B,B-Touring,2020,2020-10-24,2022-10-24,41
504142,103637,Marka-B,B-Hatch,2016,2016-04-26,2019-04-26,19
504143,103638,Marka-B,B-Crossover,2013,2013-04-11,2016-04-10,26
504144,103639,Marka-C,C-Van,2025,2025-03-26,2030-03-25,1
504145,103640,Marka-A,A-Compact,2021,2021-03-03,2024-03-02,33
504146,103641,Marka-A,A-Sedan,2021,2021-04-23,2023-04-23,48
504147,103642,Marka-C,C-Mini,2023,2023-09-15,2026-09-14,35
504148,103643,Marka-A,A-Compact,2025,2025-07-05,2028-07-04,49
504149,103644,Marka-A,A-Sedan,2013,2013-08-15,2016-08-14,99
504150,103645,Marka-A,A-Sedan,2015,2015-12-19,2017-12-18,6
504151,103645,Marka-A,A-Compact,2021,2021-08-16,2026-08-15,0
504152,103646,Marka-B,B-Touring,2015,2015-02-16,2018-02-15,27
504153,103646,Marka-B,B-Crossover,2019,2019-07-16,2022-07-15,53
504154,103647,Marka-A,A-SUV,2013,2013-10-27,2018-10-26,0
504155,103648,Marka-A,A-Sedan,2018,2018-02-14,2020-02-14,41
504156,103648,Marka-B,B-Crossover,2013,2013-01-12,2016-01-12,16
504157,103649,Marka-A,A-Sedan,2019,2019-03-16,2024-03-14,40
504158,103650,Marka-A,A-SUV,2016,2016-03-01,2019-03-01,7
504159,103651,Marka-A,A-Sedan,2024,2024-04-24,2026-04-24,0
504160,103652,Marka-B,B-Touring,2017,2017-03-06,2019-03-06,24
504161,103652,Marka-B,B-Touring,2016,2016-01-19,2018-01-18,51
504162,103653,Marka-C,C-Mini,2018,2018-01-23,2023-01-22,52
504163,103654,Marka-B,B-Touring,2015,2015-11-27,2017-11-26,10
504164,103655,Marka-B,B-Hatch,2022,2022-01-02,2025-01-01,16
504165,103656,Marka-A,A-Sedan,2014,2014-02-17,2016-02-17,39
504166,103657,Marka-A,A-Compact,2021,2021-04-06,2024-04-05,0
504167,103658,Marka-B,B-Crossover,2022,2022-12-19,2025-12-18,21
504168,103659,Marka-B,B-Crossover,2025,2025-09-25,2030-09-24,59
504169,103659,Marka-C,C-Van,2022,2022-11-09,2024-11-08,52
504170,103660,Marka-A,A-Compact,2020,2020-10-20,2022-10-20,69
504171,103661,Marka-B,B-Hatch,2013,2013-08-05,2015-08-05,22
504172,103662,Marka-B,B-Hatch,2022,2022-05-02,2024-05-01,0
504173,103663,Marka-A,A-SUV,2019,2019-09-11,2024-09-09,0
504174,103664,Marka-A,A-Compact,2023,2023-01-07,2026-01-06,38
504175,103665,Marka-C,C-Van,2015,2015-03-11,2018-03-10,0
504176,103666,Marka-A,A-Sedan,2013,2013-09-25,2018-09-24,69
504177,103667,Marka-C,C-Mini,2021,2021-07-01,2026-06-30,27
504178,103668,Marka-A,A-SUV,2021,2021-12-10,2024-12-09,21
504179,103669,Marka-B,B-Hatch,2022,2022-04-16,2025-04-15,15
504180,103670,Marka-B,B-Crossover,2024,2024-09-24,2026-09-24,16
504181,103671,Marka-C,C-Van,2025,2025-09-04,2027-09-04,39
504182,103672,Marka-A,A-SUV,2024,2024-07-24,2026-07-24,56
504183,103673,Marka-A,A-Sedan,2024,2024-07-14,2026-07-14,19
504184,103674,Marka-A,A-Sedan,2023,2023-02-27,2025-02-26,67
504185,103675,Marka-B,B-Touring,2018,2018-10-07,2021-10-06,36
504186,103675,Marka-A,A-SUV,2025,2025-02-20,2028-02-20,27
504187,103676,Marka-A,A-Sedan,2016,2016-11-04,2021-11-03,39
504188,103677,Marka-B,B-Crossover,2013,2013-10-25,2018-10-24,9
504189,103678,Marka-A,A-Compact,2015,2015-12-13,2018-12-12,22
504190,103679,Marka-A,A-Sedan,2018,2018-07-22,2021-07-21,43
504191,103680,Marka-B,B-Hatch,2019,2019-03-03,2021-03-02,8
504192,103681,Marka-A,A-SUV,2022,2022-04-21,2025-04-20,32
504193,103682,Marka-B,B-Touring,2025,2025-11-19,2027-11-19,26
504194,103683,Marka-A,A-Sedan,2023,2023-11-23,2025-11-22,46
504195,103684,Marka-B,B-Hatch,2017,2017-04-05,2022-04-04,15
504196,103685,Marka-B,B-Touring,2013,2013-07-19,2015-07-19,1
504197,103686,Marka-A,A-Compact,2025,2025-02-25,2030-02-24,68
504198,103687,Marka-A,A-SUV,2016,2016-06-15,2021-06-14,37
504199,103688,Marka-A,A-Compact,2019,2019-06-18,2024-06-16,63
504200,103689,Marka-B,B-Hatch,2024,2024-06-21,2027-06-21,65
504201,103690,Marka-A,A-SUV,2014,2014-09-20,2017-09-19,43
504202,103691,Marka-A,A-Sedan,2013,2013-09-11,2016-09-10,81
504203,103691,Marka-A,A-Compact,2017,2017-11-21,2019-11-21,34
504204,103692,Marka-B,B-Touring,2016,2016-09-09,2018-09-09,3
504205,103692,Marka-C,C-Van,2017,2017-11-15,2022-11-14,65
504206,103693,Marka-A,A-SUV,2014,2014-03-22,2017-03-21,33
504207,103693,Marka-A,A-SUV,2022,2022-11-19,2025-11-18,45
504208,103694,Marka-A,A-Compact,2023,2023-06-17,2026-06-16,32
504209,103695,Marka-C,C-Van,2023,2023-08-10,2026-08-09,31
504210,103696,Marka-C,C-Mini,2013,2013-02-23,2018-02-22,102
504211,103697,Marka-A,A-SUV,2013,2013-10-05,2016-10-04,32
504212,103698,Marka-B,B-Hatch,2021,2021-03-15,2023-03-15,8
504213,103699,Marka-C,C-Mini,2015,2015-06-27,2018-06-26,16
504214,103700,Marka-B,B-Hatch,2015,2015-12-03,2018-12-02,14
504215,103701,Marka-B,B-Touring,2022,2022-12-10,2025-12-09,79
504216,103702,Marka-C,C-Mini,2019,2019-01-27,2022-01-26,0
504217,103703,Marka-A,A-SUV,2020,2020-12-05,2023-12-05,29
504218,103704,Marka-B,B-Touring,2018,2018-02-01,2023-01-31,45
504219,103705,Marka-A,A-Compact,2013,2013-10-06,2016-10-05,17
504220,103706,Marka-B,B-Crossover,2014,2014-09-07,2017-09-06,0
504221,103707,Marka-B,B-Crossover,2017,2017-12-15,2020-12-14,2
504222,103708,Marka-A,A-Compact,2019,2019-09-01,2021-08-31,38
504223,103709,Marka-A,A-SUV,2025,2025-04-09,2028-04-08,22
504224,103709,Marka-C,C-Mini,2024,2024-12-05,2026-12-05,68
504225,103710,Marka-B,B-Crossover,2017,2017-08-10,2022-08-09,101
504226,103711,Marka-A,A-SUV,2020,2020-03-15,2025-03-14,27
504227,103712,Marka-A,A-SUV,2013,2013-08-15,2016-08-14,59
504228,103713,Marka-B,B-Hatch,2017,2017-06-20,2019-06-20,40
504229,103714,Marka-A,A-Sedan,2015,2015-06-24,2017-06-23,32
504230,103715,Marka-B,B-Crossover,2018,2018-02-13,2021-02-12,6
504231,103716,Marka-B,B-Hatch,2024,2024-01-12,2029-01-10,37
504232,103717,Marka-B,B-Crossover,2020,2020-03-25,2025-03-24,41
504233,103718,Marka-A,A-Compact,2023,2023-04-19,2025-04-18,70
504234,103718,Marka-A,A-SUV,2019,2019-12-25,2022-12-24,45
504235,103719,Marka-A,A-Sedan,2013,2013-03-01,2015-03-01,27
504236,103720,Marka-B,B-Hatch,2018,2018-02-27,2020-02-27,0
504237,103721,Marka-B,B-Hatch,2014,2014-12-09,2017-12-08,40
504238,103722,Marka-A,A-Sedan,2025,2025-03-10,2028-03-09,29
504239,103723,Marka-B,B-Hatch,2023,2023-05-24,2026-05-23,21
504240,103724,Marka-B,B-Touring,2018,2018-09-18,2021-09-17,0
504241,103725,Marka-B,B-Touring,2025,2025-04-12,2028-04-11,9
504242,103726,Marka-A,A-SUV,2019,2019-05-03,2022-05-02,16
504243,103726,Marka-B,B-Hatch,2024,2024-01-01,2026-12-31,78
504244,103727,Marka-A,A-SUV,2020,2020-12-22,2023-12-22,70
504245,103728,Marka-A,A-SUV,2024,2024-12-10,2029-12-09,61
504246,103729,Marka-B,B-Touring,2015,2015-01-03,2017-01-02,45
504247,103730,Marka-A,A-SUV,2015,2015-01-27,2020-01-26,27
504248,103731,Marka-A,A-Sedan,2022,2022-06-03,2024-06-02,29
504249,103732,Marka-B,B-Touring,2023,2023-11-21,2026-11-20,35
504250,103733,Marka-A,A-Compact,2021,2021-01-08,2026-01-07,20
504251,103734,Marka-B,B-Touring,2018,2018-04-13,2020-04-12,11
504252,103735,Marka-A,A-SUV,2016,2016-11-23,2018-11-23,56
504253,103736,Marka-B,B-Touring,2013,2013-09-05,2016-09-04,64
504254,103737,Marka-A,A-SUV,2014,2014-10-23,2017-10-22,26
504255,103737,Marka-A,A-Compact,2019,2019-10-19,2022-10-18,50
504256,103738,Marka-B,B-Touring,2022,2022-05-17,2024-05-16,42
504257,103739,Marka-A,A-SUV,2013,2013-05-01,2015-05-01,45
504258,103739,Marka-A,A-SUV,2018,2018-08-23,2021-08-22,37
504259,103740,Marka-B,B-Hatch,2023,2023-01-18,2025-01-17,39
504260,103741,Marka-B,B-Crossover,2021,2021-01-08,2024-01-08,32
504261,103742,Marka-A,A-Compact,2019,2019-01-01,2021-12-31,50
504262,103743,Marka-B,B-Crossover,2013,2013-02-27,2016-02-27,55
504263,103744,Marka-A,A-Sedan,2016,2016-10-06,2019-10-06,0
504264,103745,Marka-A,A-SUV,2018,2018-11-09,2021-11-08,39
504265,103746,Marka-B,B-Crossover,2018,2018-05-03,2021-05-02,12
504266,103747,Marka-B,B-Touring,2017,2017-11-10,2019-11-10,1
504267,103747,Marka-B,B-Hatch,2014,2014-05-10,2016-05-09,17
504268,103748,Marka-C,C-Mini,2016,2016-05-27,2019-05-27,55
504269,103748,Marka-B,B-Touring,2014,2014-11-09,2019-11-08,63
504270,103749,Marka-B,B-Hatch,2020,2020-09-07,2022-09-07,0
504271,103750,Marka-B,B-Hatch,2021,2021-01-21,2026-01-20,0
504272,103751,Marka-B,B-Hatch,2018,2018-01-20,2021-01-19,20
504273,103752,Marka-B,B-Crossover,2024,2024-11-01,2027-11-01,39
504274,103752,Marka-B,B-Touring,2020,2020-01-15,2023-01-14,33
504275,103753,Marka-A,A-Sedan,2020,2020-01-14,2025-01-12,53
504276,103754,Marka-A,A-Sedan,2017,2017-01-10,2020-01-10,15
504277,103755,Marka-A,A-SUV,2019,2019-08-01,2021-07-31,30
504278,103756,Marka-B,B-Touring,2017,2017-01-24,2022-01-23,55
504279,103757,Marka-C,C-Van,2023,2023-05-26,2028-05-24,27
504280,103758,Marka-B,B-Crossover,2021,2021-09-17,2023-09-17,19
504281,103759,Marka-A,A-SUV,2020,2020-08-03,2023-08-03,57
504282,103760,Marka-A,A-Sedan,2015,2015-07-01,2017-06-30,25
504283,103761,Marka-B,B-Hatch,2020,2020-02-13,2025-02-11,27
504284,103762,Marka-A,A-Sedan,2013,2013-12-24,2015-12-24,17
504285,103763,Marka-B,B-Crossover,2017,2017-01-16,2022-01-15,11
504286,103764,Marka-B,B-Touring,2013,2013-02-05,2016-02-05,21
504287,103765,Marka-A,A-SUV,2020,2020-02-16,2023-02-15,38
504288,103766,Marka-B,B-Touring,2025,2025-08-06,2027-08-06,8
504289,103767,Marka-B,B-Touring,2022,2022-08-11,2024-08-10,91
504290,103768,Marka-B,B-Hatch,2020,2020-04-04,2023-04-04,41
504291,103769,Marka-A,A-Compact,2018,2018-05-17,2021-05-16,35
504292,103769,Marka-A,A-SUV,2015,2015-09-16,2018-09-15,55
504293,103770,Marka-A,A-Sedan,2020,2020-10-23,2022-10-23,13
504294,103771,Marka-B,B-Hatch,2016,2016-04-22,2019-04-22,72
504295,103772,Marka-B,B-Touring,2013,2013-04-22,2015-04-22,60
504296,103773,Marka-B,B-Hatch,2018,2018-04-25,2021-04-24,29
504297,103774,Marka-A,A-Sedan,2017,2017-03-27,2022-03-26,56
504298,103774,Marka-C,C-Mini,2013,2013-07-18,2016-07-17,30
504299,103775,Marka-A,A-Sedan,2016,2016-08-20,2018-08-20,39
504300,103776,Marka-B,B-Hatch,2017,2017-08-14,2019-08-14,15
504301,103777,Marka-C,C-Van,2015,2015-07-14,2018-07-13,0
504302,103778,Marka-A,A-SUV,2013,2013-10-04,2016-10-03,41
504303,103779,Marka-B,B-Hatch,2018,2018-05-19,2020-05-18,28
504304,103780,Marka-B,B-Touring,2016,2016-06-27,2019-06-27,19
504305,103781,Marka-B,B-Crossover,2018,2018-08-23,2023-08-22,80
504306,103782,Marka-C,C-Mini,2013,2013-02-09,2018-02-08,38
504307,103783,Marka-C,C-Mini,2016,2016-06-26,2018-06-26,29
504308,103784,Marka-A,A-Compact,2015,2015-10-03,2018-10-02,0
504309,103785,Marka-C,C-Van,2020,2020-11-18,2023-11-18,58
504310,103786,Marka-B,B-Crossover,2024,2024-05-27,2029-05-26,0
504311,103787,Marka-A,A-SUV,2023,2023-03-15,2026-03-14,14
504312,103788,Marka-A,A-Sedan,2017,2017-06-26,2022-06-25,28
504313,103789,Marka-A,A-Sedan,2022,2022-11-13,2025-11-12,55
504314,103790,Marka-A,A-Compact,2023,2023-10-21,2025-10-20,74
504315,103791,Marka-A,A-Compact,2015,2015-05-24,2018-05-23,37
504316,103792,Marka-B,B-Touring,2023,2023-07-07,2026-07-06,42
504317,103793,Marka-A,A-Compact,2021,2021-07-11,2024-07-10,57
504318,103794,Marka-B,B-Hatch,2025,2025-04-22,2027-04-22,46
504319,103795,Marka-A,A-Sedan,2014,2014-11-21,2016-11-20,50
504320,103796,Marka-C,C-Van,2016,2016-09-21,2019-09-21,39
504321,103797,Marka-B,B-Hatch,2018,2018-10-13,2021-10-12,18
504322,103798,Marka-A,A-Compact,2015,2015-02-27,2020-02-26,42
504323,103799,Marka-B,B-Hatch,2020,2020-05-01,2023-05-01,79
504324,103800,Marka-A,A-Sedan,2017,2017-07-11,2022-07-10,79
504325,103801,Marka-A,A-SUV,2017,2017-08-22,2019-08-22,37
504326,103802,Marka-B,B-Crossover,2019,2019-09-14,2022-09-13,57
504327,103803,Marka-A,A-Sedan,2016,2016-07-05,2019-07-05,21
504328,103804,Marka-A,A-Compact,2019,2019-03-24,2021-03-23,0
504329,103805,Marka-A,A-Compact,2017,2017-08-11,2019-08-11,35
504330,103806,Marka-B,B-Crossover,2014,2014-12-11,2019-12-10,37
504331,103806,Marka-A,A-SUV,2014,2014-05-01,2017-04-30,42
504332,103807,Marka-C,C-Mini,2022,2022-01-04,2024-01-04,30
504333,103807,Marka-A,A-SUV,2014,2014-09-09,2016-09-08,15
504334,103808,Marka-B,B-Hatch,2021,2021-01-04,2023-01-04,30
504335,103809,Marka-A,A-SUV,2024,2024-01-05,2029-01-03,16
504336,103810,Marka-A,A-Compact,2025,2025-09-17,2028-09-16,32
504337,103811,Marka-B,B-Hatch,2025,2025-06-01,2030-05-31,0
504338,103812,Marka-A,A-SUV,2017,2017-10-07,2020-10-06,40
504339,103813,Marka-C,C-Van,2014,2014-07-02,2016-07-01,0
504340,103814,Marka-B,B-Hatch,2025,2025-10-11,2028-10-10,0
504341,103815,Marka-B,B-Hatch,2016,2016-02-12,2021-02-10,25
504342,103816,Marka-A,A-SUV,2024,2024-06-22,2029-06-21,43
504343,103817,Marka-B,B-Touring,2025,2025-12-10,2027-12-10,0
504344,103817,Marka-B,B-Touring,2017,2017-10-27,2019-10-27,23
504345,103818,Marka-B,B-Hatch,2025,2025-06-18,2027-06-18,10
504346,103819,Marka-B,B-Crossover,2019,2019-08-24,2022-08-23,40
504347,103820,Marka-A,A-Compact,2022,2022-07-14,2024-07-13,0
504348,103821,Marka-A,A-Sedan,2023,2023-04-17,2025-04-16,0
504349,103822,Marka-B,B-Hatch,2015,2015-04-04,2018-04-03,61
504350,103823,Marka-A,A-Sedan,2015,2015-07-21,2020-07-19,25
504351,103823,Marka-B,B-Touring,2023,2023-12-01,2026-11-30,32
504352,103824,Marka-A,A-Sedan,2016,2016-10-21,2018-10-21,25
504353,103824,Marka-A,A-Compact,2020,2020-06-11,2023-06-11,44
504354,103825,Marka-A,A-SUV,2024,2024-12-21,2027-12-21,43
504355,103826,Marka-B,B-Crossover,2024,2024-03-19,2027-03-19,31
504356,103827,Marka-B,B-Touring,2014,2014-06-08,2016-06-07,10
504357,103828,Marka-B,B-Hatch,2014,2014-06-08,2019-06-07,0
504358,103829,Marka-B,B-Touring,2024,2024-01-10,2026-01-09,51
504359,103830,Marka-A,A-Compact,2024,2024-03-21,2029-03-20,56
504360,103831,Marka-A,A-SUV,2014,2014-07-02,2017-07-01,28
504361,103832,Marka-B,B-Crossover,2024,2024-02-27,2027-02-26,32
504362,103833,Marka-A,A-Compact,2013,2013-08-05,2015-08-05,52
504363,103834,Marka-A,A-SUV,2024,2024-10-26,2029-10-25,40
504364,103835,Marka-A,A-Sedan,2024,2024-08-01,2029-07-31,22
504365,103836,Marka-B,B-Hatch,2017,2017-06-25,2020-06-24,67
504366,103837,Marka-A,A-Compact,2016,2016-08-05,2018-08-05,53
504367,103838,Marka-B,B-Crossover,2015,2015-01-13,2018-01-12,34
504368,103839,Marka-B,B-Hatch,2022,2022-10-10,2025-10-09,46
504369,103840,Marka-A,A-SUV,2014,2014-10-05,2017-10-04,20
504370,103841,Marka-A,A-Compact,2019,2019-10-20,2022-10-19,0
504371,103842,Marka-A,A-Compact,2013,2013-04-26,2016-04-25,31
504372,103843,Marka-C,C-Mini,2022,2022-09-02,2024-09-01,0
504373,103843,Marka-C,C-Van,2024,2024-04-18,2027-04-18,23
504374,103844,Marka-A,A-Compact,2024,2024-05-23,2027-05-23,34
504375,103845,Marka-A,A-Sedan,2021,2021-05-11,2026-05-10,28
504376,103846,Marka-B,B-Touring,2022,2022-01-25,2025-01-24,60
504377,103847,Marka-A,A-Compact,2024,2024-01-02,2027-01-01,3
504378,103848,Marka-A,A-Compact,2020,2020-09-03,2025-09-02,78
504379,103849,Marka-A,A-Compact,2018,2018-05-17,2021-05-16,53
504380,103849,Marka-B,B-Touring,2023,2023-08-15,2026-08-14,33
504381,103850,Marka-B,B-Crossover,2021,2021-12-12,2024-12-11,0
504382,103851,Marka-C,C-Van,2015,2015-02-23,2018-02-22,20
504383,103852,Marka-A,A-SUV,2013,2013-11-26,2016-11-25,51
504384,103853,Marka-B,B-Crossover,2019,2019-01-09,2022-01-08,44
504385,103854,Marka-C,C-Van,2017,2017-02-08,2019-02-08,4
504386,103855,Marka-B,B-Crossover,2015,2015-12-08,2018-12-07,2
504387,103856,Marka-A,A-Sedan,2015,2015-06-13,2018-06-12,0
504388,103857,Marka-C,C-Van,2013,2013-10-14,2016-10-13,33
504389,103858,Marka-A,A-SUV,2023,2023-12-23,2028-12-21,58
504390,103859,Marka-B,B-Touring,2025,2025-11-25,2030-11-24,72
504391,103860,Marka-B,B-Hatch,2013,2013-01-14,2016-01-14,64
504392,103861,Marka-A,A-SUV,2019,2019-12-13,2024-12-11,0
504393,103862,Marka-B,B-Crossover,2025,2025-07-04,2027-07-04,57
504394,103863,Marka-B,B-Hatch,2018,2018-09-22,2020-09-21,49
504395,103864,Marka-C,C-Mini,2024,2024-10-20,2026-10-20,20
504396,103864,Marka-B,B-Touring,2018,2018-10-19,2021-10-18,33
504397,103865,Marka-B,B-Touring,2015,2015-07-04,2017-07-03,39
504398,103866,Marka-A,A-Compact,2020,2020-09-24,2023-09-24,33
504399,103867,Marka-A,A-SUV,2015,2015-02-12,2018-02-11,1
504400,103868,Marka-B,B-Crossover,2015,2015-04-24,2018-04-23,11
504401,103869,Marka-A,A-Compact,2018,2018-08-19,2020-08-18,0
504402,103870,Marka-B,B-Touring,2017,2017-06-12,2019-06-12,52
504403,103871,Marka-A,A-Compact,2021,2021-05-13,2023-05-13,84
504404,103871,Marka-C,C-Van,2013,2013-08-07,2016-08-06,30
504405,103872,Marka-A,A-SUV,2018,2018-11-22,2020-11-21,31
504406,103873,Marka-B,B-Hatch,2016,2016-03-19,2019-03-19,0
504407,103873,Marka-C,C-Van,2021,2021-09-04,2026-09-03,15
504408,103874,Marka-C,C-Van,2017,2017-10-22,2022-10-21,3
504409,103875,Marka-A,A-SUV,2023,2023-03-26,2028-03-24,47
504410,103876,Marka-A,A-SUV,2013,2013-04-24,2018-04-23,29
504411,103877,Marka-C,C-Mini,2022,2022-05-27,2025-05-26,44
504412,103878,Marka-A,A-Sedan,2018,2018-08-04,2021-08-03,30
504413,103879,Marka-C,C-Mini,2025,2025-03-11,2030-03-10,57
504414,103880,Marka-A,A-Sedan,2022,2022-04-05,2027-04-04,26
504415,103881,Marka-A,A-Sedan,2023,2023-09-21,2026-09-20,0
504416,103882,Marka-A,A-Compact,2022,2022-10-01,2025-09-30,48
504417,103883,Marka-A,A-SUV,2014,2014-05-25,2017-05-24,61
504418,103884,Marka-C,C-Van,2015,2015-03-27,2017-03-26,0
504419,103885,Marka-A,A-SUV,2022,2022-03-13,2025-03-12,21
504420,103886,Marka-B,B-Touring,2014,2014-11-23,2016-11-22,39
504421,103887,Marka-B,B-Crossover,2017,2017-08-05,2020-08-04,32
504422,103887,Marka-B,B-Crossover,2019,2019-01-12,2022-01-11,18
504423,103888,Marka-A,A-Sedan,2019,2019-10-06,2022-10-05,55
504424,103889,Marka-B,B-Hatch,2014,2014-04-02,2017-04-01,15
504425,103890,Marka-C,C-Van,2025,2025-05-19,2027-05-19,29
504426,103891,Marka-B,B-Touring,2022,2022-11-02,2025-11-01,9
504427,103892,Marka-B,B-Touring,2024,2024-06-15,2026-06-15,75
504428,103893,Marka-C,C-Mini,2024,2024-11-17,2029-11-16,65
504429,103894,Marka-A,A-Sedan,2013,2013-09-22,2015-09-22,0
504430,103894,Marka-A,A-Sedan,2023,2023-08-25,2026-08-24,50
504431,103895,Marka-B,B-Hatch,2013,2013-10-12,2015-10-12,11
504432,103896,Marka-A,A-Sedan,2015,2015-04-01,2018-03-31,113
504433,103897,Marka-C,C-Van,2023,2023-08-13,2025-08-12,75
504434,103898,Marka-B,B-Touring,2016,2016-11-23,2021-11-22,0
504435,103899,Marka-B,B-Touring,2021,2021-12-11,2026-12-10,35
504436,103900,Marka-A,A-Sedan,2017,2017-08-18,2019-08-18,0
504437,103901,Marka-A,A-SUV,2021,2021-12-07,2024-12-06,18
504438,103902,Marka-A,A-Compact,2018,2018-01-05,2020-01-05,0
504439,103903,Marka-C,C-Van,2014,2014-04-11,2016-04-10,20
504440,103904,Marka-A,A-SUV,2025,2025-10-25,2028-10-24,49
504441,103905,Marka-A,A-Sedan,2019,2019-11-08,2022-11-07,25
504442,103905,Marka-A,A-Sedan,2019,2019-12-27,2024-12-25,33
504443,103906,Marka-A,A-Sedan,2023,2023-01-19,2025-01-18,5
504444,103907,Marka-A,A-Compact,2023,2023-10-07,2025-10-06,12
504445,103908,Marka-A,A-Compact,2014,2014-02-17,2016-02-17,9
504446,103909,Marka-A,A-Compact,2022,2022-04-20,2024-04-19,81
504447,103910,Marka-B,B-Hatch,2025,2025-06-05,2028-06-04,22
504448,103911,Marka-A,A-Compact,2020,2020-08-21,2023-08-21,21
504449,103912,Marka-B,B-Touring,2024,2024-03-08,2026-03-08,14
504450,103913,Marka-A,A-Sedan,2016,2016-07-18,2019-07-18,20
504451,103913,Marka-B,B-Hatch,2015,2015-07-10,2020-07-08,1
504452,103914,Marka-B,B-Hatch,2024,2024-01-24,2027-01-23,0
504453,103915,Marka-A,A-SUV,2022,2022-04-16,2027-04-15,29
504454,103916,Marka-A,A-SUV,2024,2024-01-20,2026-01-19,15
504455,103917,Marka-B,B-Hatch,2024,2024-07-13,2027-07-13,83
504456,103918,Marka-A,A-Compact,2024,2024-03-26,2029-03-25,0
504457,103919,Marka-A,A-Compact,2020,2020-08-07,2025-08-06,46
504458,103919,Marka-B,B-Hatch,2014,2014-05-18,2016-05-17,41
504459,103920,Marka-A,A-SUV,2014,2014-06-16,2017-06-15,39
504460,103920,Marka-B,B-Hatch,2020,2020-06-06,2023-06-06,0
504461,103921,Marka-B,B-Touring,2022,2022-06-26,2025-06-25,29
504462,103922,Marka-A,A-Sedan,2019,2019-07-15,2022-07-14,63
504463,103923,Marka-C,C-Van,2017,2017-02-16,2020-02-16,38
504464,103924,Marka-A,A-SUV,2023,2023-11-19,2025-11-18,28
504465,103925,Marka-C,C-Mini,2018,2018-11-01,2021-10-31,49
504466,103926,Marka-A,A-Compact,2019,2019-11-10,2021-11-09,19
504467,103927,Marka-C,C-Mini,2015,2015-03-16,2018-03-15,76
504468,103928,Marka-A,A-Sedan,2020,2020-01-04,2025-01-02,40
504469,103928,Marka-A,A-SUV,2013,2013-12-13,2015-12-13,27
504470,103929,Marka-A,A-SUV,2017,2017-08-05,2019-08-05,0
504471,103929,Marka-A,A-Compact,2020,2020-12-07,2025-12-06,26
504472,103930,Marka-A,A-Sedan,2015,2015-07-05,2018-07-04,52
504473,103931,Marka-A,A-Compact,2023,2023-06-25,2026-06-24,62
504474,103932,Marka-A,A-Compact,2023,2023-09-16,2026-09-15,13
504475,103933,Marka-A,A-SUV,2020,2020-08-17,2025-08-16,36
504476,103934,Marka-A,A-Sedan,2024,2024-10-10,2027-10-10,53
504477,103935,Marka-B,B-Hatch,2016,2016-02-25,2021-02-23,31
504478,103936,Marka-B,B-Touring,2019,2019-11-22,2024-11-20,78
504479,103937,Marka-B,B-Crossover,2016,2016-03-15,2021-03-14,27
504480,103937,Marka-B,B-Crossover,2013,2013-06-27,2016-06-26,4
504481,103938,Marka-A,A-Sedan,2021,2021-05-26,2024-05-25,69
504482,103939,Marka-B,B-Crossover,2015,2015-09-01,2017-08-31,14
504483,103939,Marka-B,B-Touring,2019,2019-02-18,2024-02-17,25
504484,103940,Marka-A,A-SUV,2022,2022-08-21,2025-08-20,60
504485,103941,Marka-A,A-Compact,2025,2025-09-23,2028-09-22,68
504486,103941,Marka-A,A-Compact,2016,2016-07-12,2019-07-12,75
504487,103942,Marka-A,A-Compact,2022,2022-05-22,2027-05-21,65
504488,103942,Marka-B,B-Hatch,2022,2022-08-07,2024-08-06,0
504489,103943,Marka-B,B-Crossover,2013,2013-01-01,2015-01-01,34
504490,103944,Marka-C,C-Van,2023,2023-05-03,2026-05-02,0
504491,103945,Marka-B,B-Touring,2015,2015-11-27,2018-11-26,8
504492,103946,Marka-C,C-Mini,2023,2023-10-11,2026-10-10,24
504493,103946,Marka-A,A-Compact,2018,2018-03-24,2021-03-23,0
504494,103947,Marka-B,B-Crossover,2025,2025-09-06,2027-09-06,64
504495,103948,Marka-C,C-Mini,2016,2016-12-02,2019-12-02,14
504496,103949,Marka-A,A-SUV,2021,2021-02-04,2026-02-03,28
504497,103950,Marka-C,C-Mini,2023,2023-06-05,2026-06-04,16
504498,103951,Marka-A,A-Compact,2016,2016-01-14,2021-01-12,18
504499,103952,Marka-A,A-SUV,2015,2015-12-06,2017-12-05,47
504500,103953,Marka-A,A-SUV,2022,2022-10-25,2025-10-24,36
504501,103954,Marka-B,B-Hatch,2018,2018-06-19,2021-06-18,14
504502,103955,Marka-B,B-Hatch,2021,2021-01-08,2026-01-07,61
504503,103956,Marka-B,B-Hatch,2021,2021-06-12,2024-06-11,1
504504,103957,Marka-A,A-SUV,2022,2022-02-13,2025-02-12,35
504505,103958,Marka-A,A-Sedan,2016,2016-03-17,2019-03-17,38
504506,103959,Marka-C,C-Van,2025,2025-07-23,2027-07-23,7
504507,103959,Marka-B,B-Touring,2025,2025-09-24,2028-09-23,4
504508,103960,Marka-A,A-Compact,2018,2018-12-23,2021-12-22,19
504509,103960,Marka-A,A-Compact,2024,2024-10-23,2026-10-23,0
504510,103961,Marka-C,C-Mini,2018,2018-06-26,2021-06-25,45
504511,103962,Marka-A,A-SUV,2020,2020-11-09,2023-11-09,36
504512,103963,Marka-A,A-Sedan,2025,2025-01-15,2028-01-15,61
504513,103964,Marka-C,C-Van,2017,2017-02-05,2020-02-05,52
504514,103965,Marka-A,A-Sedan,2020,2020-03-25,2023-03-25,8
504515,103965,Marka-B,B-Hatch,2018,2018-08-17,2020-08-16,74
504516,103966,Marka-A,A-SUV,2020,2020-04-05,2023-04-05,17
504517,103967,Marka-C,C-Mini,2014,2014-04-24,2017-04-23,33
504518,103968,Marka-A,A-Compact,2023,2023-03-02,2028-02-29,61
504519,103969,Marka-A,A-Sedan,2013,2013-11-18,2016-11-17,20
504520,103970,Marka-A,A-SUV,2024,2024-12-17,2026-12-17,31
504521,103971,Marka-B,B-Crossover,2023,2023-09-10,2026-09-09,33
504522,103972,Marka-A,A-SUV,2014,2014-03-12,2019-03-11,30
504523,103973,Marka-A,A-SUV,2025,2025-06-06,2030-06-05,45
504524,103974,Marka-A,A-SUV,2015,2015-12-18,2020-12-16,52
504525,103975,Marka-A,A-Compact,2013,2013-04-21,2018-04-20,66
504526,103976,Marka-B,B-Touring,2015,2015-03-24,2017-03-23,42
504527,103977,Marka-B,B-Hatch,2024,2024-02-19,2026-02-18,37
504528,103978,Marka-B,B-Touring,2020,2020-07-03,2022-07-03,25
504529,103979,Marka-A,A-SUV,2014,2014-07-24,2017-07-23,16
504530,103980,Marka-C,C-Van,2021,2021-09-06,2024-09-05,26
504531,103981,Marka-C,C-Mini,2018,2018-03-11,2020-03-10,53
504532,103981,Marka-A,A-Sedan,2024,2024-12-27,2027-12-27,19
504533,103982,Marka-A,A-Compact,2021,2021-10-21,2024-10-20,39
504534,103983,Marka-A,A-Sedan,2019,2019-03-27,2022-03-26,65
504535,103984,Marka-B,B-Hatch,2022,2022-05-15,2027-05-14,56
504536,103985,Marka-B,B-Hatch,2014,2014-07-02,2017-07-01,9
504537,103986,Marka-A,A-SUV,2017,2017-05-02,2020-05-01,75
504538,103987,Marka-A,A-Sedan,2015,2015-06-22,2020-06-20,0
504539,103988,Marka-C,C-Mini,2020,2020-03-27,2025-03-26,66
504540,103989,Marka-A,A-Sedan,2025,2025-08-14,2028-08-13,36
504541,103990,Marka-B,B-Touring,2018,2018-04-07,2021-04-06,59
504542,103991,Marka-C,C-Van,2016,2016-01-17,2018-01-16,11
504543,103992,Marka-B,B-Crossover,2018,2018-03-25,2021-03-24,28
504544,103993,Marka-A,A-Compact,2014,2014-10-03,2017-10-02,0
504545,103994,Marka-A,A-Compact,2015,2015-09-13,2018-09-12,19
504546,103995,Marka-A,A-SUV,2013,2013-08-08,2015-08-08,0
504547,103996,Marka-A,A-Compact,2022,2022-05-21,2024-05-20,60
504548,103997,Marka-C,C-Van,2024,2024-12-03,2026-12-03,36
504549,103997,Marka-A,A-Compact,2020,2020-10-15,2022-10-15,24
504550,103998,Marka-A,A-SUV,2014,2014-06-16,2016-06-15,34
504551,103999,Marka-C,C-Mini,2025,2025-01-12,2028-01-12,10
504552,104000,Marka-A,A-Compact,2014,2014-03-21,2019-03-20,37
504553,104001,Marka-A,A-Compact,2024,2024-03-03,2026-03-03,0
504554,104002,Marka-A,A-Sedan,2020,2020-01-26,2025-01-24,41
504555,104002,Marka-B,B-Hatch,2024,2024-11-16,2029-11-15,13
504556,104003,Marka-A,A-SUV,2018,2018-12-16,2021-12-15,0
504557,104004,Marka-B,B-Hatch,2021,2021-11-26,2026-11-25,52
504558,104005,Marka-C,C-Van,2015,2015-06-10,2018-06-09,0
504559,104005,Marka-B,B-Crossover,2023,2023-04-20,2026-04-19,97
504560,104006,Marka-A,A-SUV,2017,2017-12-04,2020-12-03,42
504561,104007,Marka-B,B-Touring,2023,2023-10-10,2025-10-09,15
504562,104008,Marka-B,B-Crossover,2023,2023-03-16,2026-03-15,79
504563,104009,Marka-A,A-SUV,2018,2018-08-17,2021-08-16,61
504564,104010,Marka-A,A-Compact,2014,2014-02-21,2019-02-20,1
504565,104011,Marka-A,A-Compact,2019,2019-05-20,2024-05-18,64
504566,104012,Marka-C,C-Van,2024,2024-08-05,2029-08-04,22
504567,104013,Marka-B,B-Touring,2017,2017-02-22,2020-02-22,51
504568,104014,Marka-C,C-Mini,2024,2024-07-24,2027-07-24,97
504569,104014,Marka-B,B-Crossover,2014,2014-05-19,2016-05-18,23
504570,104015,Marka-A,A-Sedan,2016,2016-04-16,2019-04-16,56
504571,104016,Marka-B,B-Touring,2024,2024-03-13,2029-03-12,80
504572,104017,Marka-A,A-SUV,2017,2017-10-22,2020-10-21,5
504573,104018,Marka-A,A-SUV,2015,2015-01-13,2017-01-12,37
504574,104018,Marka-A,A-Compact,2014,2014-05-22,2016-05-21,32
504575,104019,Marka-B,B-Touring,2014,2014-08-20,2017-08-19,64
504576,104020,Marka-C,C-Mini,2015,2015-08-18,2018-08-17,51
504577,104021,Marka-B,B-Touring,2018,2018-05-06,2020-05-05,62
504578,104022,Marka-B,B-Hatch,2016,2016-07-05,2018-07-05,51
504579,104022,Marka-A,A-Compact,2018,2018-10-17,2020-10-16,32
504580,104023,Marka-A,A-Sedan,2013,2013-01-24,2016-01-24,1
504581,104024,Marka-B,B-Touring,2014,2014-07-02,2017-07-01,45
504582,104025,Marka-A,A-Sedan,2016,2016-09-02,2019-09-02,18
504583,104025,Marka-A,A-Sedan,2019,2019-09-17,2024-09-15,8
504584,104026,Marka-A,A-Sedan,2021,2021-09-25,2024-09-24,29
504585,104027,Marka-A,A-Sedan,2024,2024-09-11,2026-09-11,0
504586,104028,Marka-A,A-Compact,2015,2015-06-01,2018-05-31,31
504587,104029,Marka-A,A-SUV,2015,2015-11-17,2018-11-16,0
504588,104030,Marka-C,C-Van,2024,2024-04-22,2026-04-22,74
504589,104031,Marka-B,B-Crossover,2014,2014-07-23,2016-07-22,66
504590,104032,Marka-C,C-Van,2025,2025-06-03,2028-06-02,66
504591,104033,Marka-B,B-Touring,2022,2022-03-04,2025-03-03,64
504592,104034,Marka-A,A-SUV,2025,2025-09-08,2028-09-07,31
504593,104035,Marka-B,B-Crossover,2021,2021-01-17,2026-01-16,25
504594,104036,Marka-A,A-SUV,2013,2013-01-06,2015-01-06,44
504595,104036,Marka-A,A-SUV,2015,2015-04-17,2020-04-15,16
504596,104037,Marka-C,C-Mini,2014,2014-02-21,2017-02-20,31
504597,104038,Marka-A,A-Sedan,2015,2015-02-18,2018-02-17,61
504598,104039,Marka-B,B-Touring,2013,2013-02-09,2016-02-09,41
504599,104039,Marka-A,A-Compact,2016,2016-08-19,2021-08-18,0
504600,104040,Marka-B,B-Hatch,2025,2025-09-07,2028-09-06,66
504601,104041,Marka-B,B-Crossover,2014,2014-09-10,2017-09-09,23
504602,104042,Marka-B,B-Touring,2018,2018-10-07,2023-10-06,29
504603,104043,Marka-A,A-SUV,2021,2021-10-24,2024-10-23,26
504604,104044,Marka-A,A-Compact,2018,2018-01-16,2020-01-16,26
504605,104045,Marka-B,B-Hatch,2025,2025-12-16,2028-12-15,0
504606,104046,Marka-A,A-SUV,2023,2023-05-27,2025-05-26,21
504607,104047,Marka-B,B-Hatch,2013,2013-09-06,2016-09-05,1
504608,104047,Marka-B,B-Crossover,2019,2019-01-05,2021-01-04,0
504609,104048,Marka-B,B-Crossover,2014,2014-11-07,2017-11-06,24
504610,104049,Marka-A,A-SUV,2025,2025-03-06,2027-03-06,0
504611,104050,Marka-A,A-SUV,2021,2021-03-25,2023-03-25,42
504612,104051,Marka-B,B-Hatch,2020,2020-07-27,2025-07-26,8
504613,104052,Marka-B,B-Touring,2021,2021-05-11,2026-05-10,32
504614,104053,Marka-C,C-Van,2022,2022-05-19,2025-05-18,7
504615,104053,Marka-A,A-SUV,2021,2021-08-14,2023-08-14,0
504616,104054,Marka-B,B-Hatch,2016,2016-05-12,2019-05-12,8
504617,104055,Marka-C,C-Van,2022,2022-01-11,2025-01-10,0
504618,104056,Marka-A,A-SUV,2023,2023-05-08,2026-05-07,58
504619,104057,Marka-A,A-Sedan,2014,2014-09-12,2017-09-11,4
504620,104058,Marka-A,A-SUV,2013,2013-08-26,2016-08-25,16
504621,104059,Marka-A,A-Compact,2014,2014-06-22,2017-06-21,47
504622,104060,Marka-A,A-Sedan,2024,2024-09-22,2027-09-22,16
504623,104061,Marka-B,B-Crossover,2019,2019-01-16,2021-01-15,13
504624,104062,Marka-A,A-SUV,2022,2022-07-10,2025-07-09,37
504625,104062,Marka-B,B-Touring,2019,2019-04-09,2021-04-08,48
504626,104063,Marka-A,A-Compact,2025,2025-01-26,2027-01-26,45
504627,104064,Marka-A,A-Sedan,2013,2013-01-06,2015-01-06,60
504628,104065,Marka-B,B-Crossover,2022,2022-08-27,2025-08-26,29
504629,104065,Marka-A,A-Sedan,2025,2025-08-18,2030-08-17,34
504630,104066,Marka-B,B-Hatch,2015,2015-08-08,2017-08-07,37
504631,104067,Marka-A,A-Compact,2016,2016-05-27,2018-05-27,45
504632,104068,Marka-A,A-SUV,2021,2021-08-07,2024-08-06,63
504633,104069,Marka-C,C-Van,2019,2019-02-04,2021-02-03,75
504634,104070,Marka-A,A-Sedan,2017,2017-06-11,2019-06-11,38
504635,104071,Marka-A,A-SUV,2021,2021-02-07,2024-02-07,12
504636,104071,Marka-A,A-SUV,2022,2022-05-05,2025-05-04,30
504637,104072,Marka-B,B-Crossover,2014,2014-06-03,2017-06-02,21
504638,104073,Marka-A,A-Compact,2022,2022-09-05,2025-09-04,39
504639,104074,Marka-A,A-SUV,2015,2015-11-25,2018-11-24,39
504640,104075,Marka-C,C-Mini,2016,2016-06-11,2018-06-11,28
504641,104076,Marka-A,A-Sedan,2018,2018-10-20,2021-10-19,7
504642,104077,Marka-C,C-Mini,2013,2013-07-03,2016-07-02,74
504643,104077,Marka-A,A-SUV,2018,2018-12-03,2020-12-02,18
504644,104078,Marka-A,A-Compact,2023,2023-01-25,2025-01-24,49
504645,104079,Marka-A,A-Sedan,2013,2013-09-10,2016-09-09,12
504646,104080,Marka-C,C-Mini,2024,2024-11-11,2027-11-11,39
504647,104080,Marka-A,A-Compact,2014,2014-07-12,2016-07-11,0
504648,104081,Marka-A,A-SUV,2021,2021-03-10,2026-03-09,1
504649,104081,Marka-B,B-Crossover,2016,2016-11-17,2021-11-16,57
504650,104082,Marka-B,B-Crossover,2023,2023-09-12,2028-09-10,38
504651,104082,Marka-A,A-SUV,2015,2015-10-17,2018-10-16,18
504652,104083,Marka-B,B-Hatch,2017,2017-02-06,2020-02-06,36
504653,104084,Marka-A,A-Compact,2025,2025-08-15,2030-08-14,23
504654,104085,Marka-A,A-Compact,2018,2018-06-17,2020-06-16,0
504655,104086,Marka-A,A-Compact,2020,2020-05-07,2023-05-07,44
504656,104087,Marka-C,C-Mini,2022,2022-02-09,2024-02-09,46
504657,104088,Marka-C,C-Van,2013,2013-09-24,2016-09-23,36
504658,104089,Marka-B,B-Crossover,2021,2021-07-17,2023-07-17,0
504659,104090,Marka-A,A-SUV,2022,2022-06-09,2027-06-08,81
504660,104090,Marka-B,B-Touring,2018,2018-05-22,2021-05-21,12
504661,104091,Marka-B,B-Crossover,2015,2015-08-13,2018-08-12,31
504662,104092,Marka-A,A-Sedan,2017,2017-01-07,2019-01-07,53
504663,104093,Marka-A,A-SUV,2025,2025-01-02,2028-01-02,0
504664,104094,Marka-B,B-Crossover,2025,2025-05-16,2028-05-15,25
504665,104095,Marka-A,A-Sedan,2015,2015-08-08,2018-08-07,33
504666,104096,Marka-C,C-Van,2022,2022-09-05,2024-09-04,11
504667,104097,Marka-A,A-SUV,2016,2016-07-11,2021-07-10,0
504668,104098,Marka-A,A-Sedan,2023,2023-07-04,2026-07-03,0
504669,104099,Marka-B,B-Hatch,2014,2014-06-22,2017-06-21,6
504670,104100,Marka-B,B-Crossover,2023,2023-09-01,2025-08-31,34
504671,104101,Marka-A,A-Compact,2024,2024-09-24,2029-09-23,74
504672,104102,Marka-B,B-Touring,2022,2022-04-16,2025-04-15,0
504673,104103,Marka-B,B-Touring,2018,2018-07-17,2021-07-16,3
504674,104104,Marka-A,A-Compact,2017,2017-06-05,2020-06-04,13
504675,104105,Marka-B,B-Hatch,2025,2025-11-18,2028-11-17,33
504676,104106,Marka-B,B-Hatch,2019,2019-03-10,2022-03-09,15
504677,104106,Marka-B,B-Crossover,2022,2022-01-16,2025-01-15,22
504678,104107,Marka-B,B-Touring,2021,2021-02-18,2024-02-18,53
504679,104108,Marka-A,A-Compact,2018,2018-08-04,2021-08-03,3
504680,104109,Marka-A,A-Sedan,2018,2018-03-02,2021-03-01,31
504681,104110,Marka-C,C-Mini,2022,2022-02-23,2024-02-23,0
504682,104111,Marka-A,A-Compact,2023,2023-12-07,2026-12-06,30
504683,104112,Marka-B,B-Touring,2018,2018-03-24,2020-03-23,25
504684,104113,Marka-A,A-Sedan,2020,2020-11-04,2022-11-04,28
504685,104113,Marka-B,B-Crossover,2022,2022-08-26,2025-08-25,56
504686,104114,Marka-C,C-Mini,2021,2021-08-13,2024-08-12,5
504687,104114,Marka-B,B-Crossover,2014,2014-08-14,2016-08-13,41
504688,104115,Marka-A,A-SUV,2022,2022-06-18,2025-06-17,14
504689,104116,Marka-B,B-Crossover,2017,2017-07-11,2019-07-11,18
504690,104117,Marka-B,B-Crossover,2015,2015-07-13,2020-07-11,36
504691,104117,Marka-B,B-Hatch,2017,2017-05-20,2022-05-19,62
504692,104118,Marka-B,B-Crossover,2015,2015-03-09,2020-03-07,0
504693,104119,Marka-A,A-Compact,2019,2019-03-11,2021-03-10,57
504694,104120,Marka-C,C-Van,2020,2020-03-23,2025-03-22,10
504695,104121,Marka-C,C-Mini,2023,2023-02-09,2025-02-08,0
504696,104121,Marka-B,B-Touring,2016,2016-03-16,2018-03-16,26
504697,104122,Marka-A,A-SUV,2019,2019-03-04,2021-03-03,70
504698,104122,Marka-B,B-Crossover,2023,2023-06-12,2028-06-10,14
504699,104123,Marka-A,A-Compact,2016,2016-11-13,2019-11-13,38
504700,104124,Marka-A,A-Sedan,2015,2015-06-24,2018-06-23,32
504701,104125,Marka-B,B-Touring,2014,2014-05-14,2016-05-13,12
504702,104125,Marka-B,B-Crossover,2021,2021-08-27,2024-08-26,3
504703,104126,Marka-B,B-Touring,2021,2021-03-15,2023-03-15,40
504704,104127,Marka-C,C-Mini,2017,2017-02-07,2022-02-06,32
504705,104128,Marka-A,A-SUV,2018,2018-10-22,2023-10-21,8
504706,104129,Marka-A,A-Sedan,2015,2015-01-21,2018-01-20,47
504707,104130,Marka-A,A-SUV,2015,2015-09-11,2017-09-10,36
504708,104131,Marka-B,B-Crossover,2019,2019-08-11,2021-08-10,83
504709,104132,Marka-A,A-SUV,2023,2023-02-10,2025-02-09,0
504710,104133,Marka-B,B-Touring,2024,2024-08-01,2027-08-01,21
504711,104134,Marka-A,A-Sedan,2023,2023-04-23,2025-04-22,27
504712,104135,Marka-B,B-Crossover,2017,2017-09-07,2019-09-07,19
504713,104136,Marka-A,A-Compact,2021,2021-12-03,2023-12-03,31
504714,104136,Marka-A,A-Compact,2019,2019-03-20,2021-03-19,53
504715,104137,Marka-A,A-Sedan,2020,2020-05-12,2025-05-11,21
504716,104138,Marka-C,C-Van,2017,2017-04-17,2020-04-16,110
504717,104139,Marka-A,A-Sedan,2022,2022-09-08,2025-09-07,35
504718,104140,Marka-A,A-SUV,2018,2018-09-21,2021-09-20,39
504719,104141,Marka-A,A-Compact,2016,2016-02-12,2019-02-11,15
504720,104141,Marka-A,A-SUV,2023,2023-07-16,2026-07-15,27
504721,104142,Marka-A,A-Compact,2021,2021-12-26,2024-12-25,21
504722,104142,Marka-A,A-SUV,2013,2013-01-02,2015-01-02,0
504723,104143,Marka-B,B-Hatch,2018,2018-08-23,2020-08-22,25
504724,104144,Marka-B,B-Touring,2020,2020-07-21,2022-07-21,0
504725,104145,Marka-B,B-Hatch,2016,2016-02-17,2018-02-16,33
504726,104146,Marka-B,B-Touring,2013,2013-01-09,2016-01-09,19
504727,104146,Marka-A,A-SUV,2018,2018-04-17,2020-04-16,27
504728,104147,Marka-B,B-Hatch,2015,2015-06-08,2018-06-07,79
504729,104148,Marka-B,B-Touring,2018,2018-11-04,2020-11-03,0
504730,104149,Marka-A,A-Compact,2023,2023-05-26,2026-05-25,0
504731,104150,Marka-C,C-Van,2021,2021-02-21,2026-02-20,30
504732,104151,Marka-A,A-Sedan,2025,2025-03-05,2027-03-05,72
504733,104152,Marka-A,A-Compact,2016,2016-09-02,2019-09-02,0
504734,104153,Marka-A,A-SUV,2013,2013-12-26,2015-12-26,0
504735,104154,Marka-B,B-Hatch,2016,2016-07-07,2018-07-07,35
504736,104155,Marka-A,A-Sedan,2019,2019-03-18,2022-03-17,21
504737,104156,Marka-A,A-Compact,2018,2018-04-21,2021-04-20,79
504738,104157,Marka-C,C-Van,2013,2013-10-03,2016-10-02,5
504739,104158,Marka-B,B-Crossover,2016,2016-11-16,2021-11-15,13
504740,104159,Marka-B,B-Crossover,2013,2013-05-01,2016-04-30,4
504741,104160,Marka-A,A-Sedan,2018,2018-07-09,2020-07-08,15
504742,104161,Marka-B,B-Hatch,2021,2021-07-23,2023-07-23,24
504743,104162,Marka-A,A-Compact,2022,2022-08-22,2025-08-21,0
504744,104163,Marka-A,A-Sedan,2015,2015-04-26,2018-04-25,27
504745,104163,Marka-A,A-SUV,2021,2021-01-19,2023-01-19,37
504746,104164,Marka-B,B-Touring,2013,2013-04-02,2018-04-01,0
504747,104165,Marka-A,A-Compact,2015,2015-06-12,2020-06-10,0
504748,104166,Marka-A,A-Sedan,2020,2020-08-02,2022-08-02,0
504749,104167,Marka-B,B-Touring,2025,2025-07-10,2028-07-09,19
504750,104168,Marka-C,C-Mini,2023,2023-12-23,2026-12-22,39
504751,104169,Marka-B,B-Touring,2020,2020-06-23,2023-06-23,42
504752,104170,Marka-B,B-Touring,2021,2021-10-08,2024-10-07,44
504753,104171,Marka-B,B-Hatch,2018,2018-08-16,2023-08-15,32
504754,104172,Marka-A,A-Sedan,2017,2017-01-01,2019-01-01,23
504755,104173,Marka-A,A-SUV,2025,2025-08-01,2028-07-31,26
504756,104174,Marka-C,C-Van,2021,2021-07-12,2024-07-11,66
504757,104175,Marka-A,A-SUV,2019,2019-09-18,2024-09-16,3
504758,104176,Marka-A,A-Sedan,2017,2017-02-24,2020-02-24,22
504759,104177,Marka-A,A-Sedan,2017,2017-11-01,2019-11-01,13
504760,104178,Marka-B,B-Touring,2023,2023-07-12,2025-07-11,43
504761,104179,Marka-A,A-Sedan,2016,2016-06-16,2018-06-16,32
504762,104179,Marka-B,B-Crossover,2018,2018-04-07,2021-04-06,80
504763,104180,Marka-B,B-Touring,2017,2017-12-27,2022-12-26,0
504764,104181,Marka-C,C-Mini,2013,2013-05-16,2015-05-16,0
504765,104182,Marka-B,B-Hatch,2020,2020-11-11,2023-11-11,15
504766,104183,Marka-A,A-Sedan,2025,2025-04-16,2027-04-16,55
504767,104184,Marka-C,C-Mini,2015,2015-08-17,2018-08-16,42
504768,104185,Marka-B,B-Touring,2023,2023-03-04,2028-03-02,32
504769,104185,Marka-C,C-Van,2022,2022-01-22,2024-01-22,63
504770,104186,Marka-A,A-SUV,2021,2021-02-22,2024-02-22,16
504771,104187,Marka-B,B-Touring,2013,2013-04-27,2015-04-27,81
504772,104188,Marka-B,B-Hatch,2019,2019-02-17,2024-02-16,30
504773,104189,Marka-A,A-SUV,2018,2018-06-09,2020-06-08,16
504774,104190,Marka-B,B-Hatch,2022,2022-07-19,2024-07-18,15
504775,104191,Marka-A,A-SUV,2023,2023-04-11,2028-04-09,34
504776,104191,Marka-A,A-SUV,2018,2018-06-06,2021-06-05,31
504777,104192,Marka-B,B-Hatch,2021,2021-04-17,2023-04-17,25
504778,104193,Marka-B,B-Hatch,2019,2019-08-27,2022-08-26,35
504779,104194,Marka-B,B-Crossover,2016,2016-08-25,2019-08-25,26
504780,104195,Marka-A,A-SUV,2023,2023-10-20,2028-10-18,57
504781,104196,Marka-A,A-SUV,2021,2021-09-13,2026-09-12,71
504782,104196,Marka-C,C-Mini,2024,2024-06-07,2027-06-07,26
504783,104197,Marka-A,A-Sedan,2018,2018-04-11,2020-04-10,65
504784,104198,Marka-B,B-Crossover,2022,2022-10-01,2025-09-30,28
504785,104199,Marka-A,A-Compact,2019,2019-02-03,2021-02-02,65
504786,104200,Marka-A,A-Sedan,2019,2019-02-23,2022-02-22,40
