musteri_id,sehir,musteri_tipi,dogum_yili,ilk_temas_tarihi,kayit_kanali,crm_musteri_durumu,son_iletisim_notu
102288,Ankara,Bireysel,2002.0,2020-06-25,Bayi,Aktif,Kampanya bilgilendirmesi
103065,Bursa,Bireysel,1965.0,2017-06-13,Bayi,Aktif,Memnuniyet araması
103404,İstanbul,Bireysel,1999.0,2021-05-30,Bayi,Aktif,Kampanya bilgilendirmesi
102505,İstanbul,Bireysel,1999.0,2021-01-09,Bayi,Aktif,
102599,Kocaeli,Bireysel,1993.0,2016-12-13,Bayi,Aktif,Memnuniyet araması
102345,Antalya,Bireysel,1958.0,2021-10-16,Bayi,Pasif,Randevu hatırlatması yapıldı
102736,İstanbul,Bireysel,1962.0,2020-12-08,Çağrı Merkezi,Aktif,
103524,Antalya,Bireysel,2004.0,2016-11-08,Çağrı Merkezi,Aktif,
102266,İstanbul,Bireysel,1989.0,2019-06-29,Bayi,Aktif,
102747,Antalya,Bireysel,1958.0,2019-08-03,Mobil Uygulama,Aktif,Memnuniyet araması
100770,Adana,Bireysel,2004.0,2017-02-06,Bayi,Aktif,Memnuniyet araması
100143,İstanbul,Bireysel,1990.0,2017-11-07,Çağrı Merkezi,Pasif,Memnuniyet araması
100357,İstanbul,Bireysel,1964.0,2015-12-25,Çağrı Merkezi,Aktif,Memnuniyet araması
100738,Ankara,Kurumsal,2001.0,2019-09-28,Bayi,Aktif,Randevu hatırlatması yapıldı
102346,İstanbul,Bireysel,1990.0,2016-10-15,Bayi,Aktif,Randevu hatırlatması yapıldı
103843,Kocaeli,Bireysel,1983.0,2017-09-20,Web,Aktif,
100815,İstanbul,Kurumsal,1999.0,2018-02-18,Bayi,Pasif,Ulaşılamadı
103736,Adana,Bireysel,1977.0,2017-09-25,Bayi,Aktif,
103154,Ankara,Bireysel,1989.0,2020-04-08,Bayi,Aktif,
103137,KOCAELİ,Bireysel,1971.0,2016-10-02,Çağrı Merkezi,Aktif,
102738,İstanbul,Bireysel,1969.0,2018-11-28,Bayi,Aktif,Randevu hatırlatması yapıldı
103794,Ankara,Bireysel,1972.0,2017-02-14,Web,Aktif,Memnuniyet araması
103965,İzmir,Bireysel,1980.0,2021-12-01,Bayi,Aktif,Kampanya bilgilendirmesi
102620,Kocaeli,Bireysel,1998.0,2016-11-16,Bayi,Aktif,
103288,Ankara,Kurumsal,1986.0,2019-01-15,Bayi,Aktif,Kampanya bilgilendirmesi
104170,Adana,Bireysel,1987.0,2021-09-03,Bayi,Aktif,Kampanya bilgilendirmesi
100587,ISTANBUL,Bireysel,1995.0,2018-10-13,Bayi,Kaybedildi,Başka servise geçti
103559,Antalya,Bireysel,1995.0,2020-11-08,Web,Aktif,Memnuniyet araması
101421,İstanbul,Bireysel,1980.0,2018-11-09,Bayi,Aktif,Kampanya bilgilendirmesi
100723,Ankara,Bireysel,1984.0,2017-09-08,Web,Kaybedildi,Araç satıldı
100676,İSTANBUL,Bireysel,1987.0,2016-09-04,Web,Aktif,Kampanya bilgilendirmesi
102131,Antalya,Kurumsal,1977.0,2021-09-18,Bayi,Aktif,
102192,ISTANBUL,Bireysel,,2019-03-29,Bayi,Aktif,
100458,Istanbul,Bireysel,1956.0,2020-06-04,Bayi,Aktif,
101175,Bursa,Bireysel,1968.0,2019-04-11,Bayi,Kaybedildi,Araç satıldı
103528,İstanbul,Kurumsal,1974.0,2020-09-13,Bayi,Aktif,
102550,Antalya,Bireysel,1977.0,2019-07-10,Çağrı Merkezi,Aktif,Randevu hatırlatması yapıldı
100232,Ankara,Bireysel,1965.0,2016-05-02,Bayi,Aktif,Kampanya bilgilendirmesi
102606,İzmir,Bireysel,1959.0,2019-08-03,Çağrı Merkezi,Kaybedildi,Araç satıldı
103925,Bursa,Kurumsal,1979.0,2017-04-13,Web,Aktif,Randevu hatırlatması yapıldı
103468,İzmir,Bireysel,1973.0,2021-04-24,Bayi,Aktif,Kampanya bilgilendirmesi
102486,Ankara,Bireysel,1995.0,2020-03-26,Web,Aktif,Kampanya bilgilendirmesi
101129,İstanbul,Bireysel,1999.0,2017-03-28,Web,Kaybedildi,Araç satıldı
100085,İstanbul,Bireysel,1980.0,2016-04-21,Bayi,Aktif,
100654,İstanbul,Bireysel,1955.0,2016-08-15,Bayi,Aktif,
100735,İstanbul,Bireysel,1981.0,2018-08-05,Web,Kaybedildi,Araç satıldı
101187,Bursa,Bireysel,1962.0,2016-07-03,Çağrı Merkezi,Aktif,Randevu hatırlatması yapıldı
101371,Bursa,Bireysel,1963.0,2020-12-31,Bayi,Pasif,Başka servise geçti
101679,İstanbul,Bireysel,2001.0,2017-11-05,Çağrı Merkezi,Aktif,Randevu hatırlatması yapıldı
101153,İzmir,Bireysel,1989.0,2020-06-18,Web,Aktif,Randevu hatırlatması yapıldı
100286,BURSA,Bireysel,1974.0,2021-08-07,Çağrı Merkezi,Aktif,
100326,Kocaeli,Kurumsal,1998.0,2018-08-10,Web,Aktif,
100528,Ankara,Bireysel,1995.0,2021-03-21,Web,Aktif,
103336,İstanbul,Bireysel,1963.0,2017-07-30,Bayi,Aktif,
103637,İstanbul,Bireysel,1993.0,2016-01-11,Çağrı Merkezi,Kaybedildi,İlgilenmiyor
103921,Bursa,Bireysel,1971.0,2020-01-27,Web,Aktif,Randevu hatırlatması yapıldı
100077,Ankara,Bireysel,1967.0,2017-10-04,Mobil Uygulama,Kaybedildi,İlgilenmiyor
101892,Kocaeli,Bireysel,2002.0,2018-07-16,Bayi,Aktif,Kampanya bilgilendirmesi
104002,İstanbul,Bireysel,1999.0,2019-05-24,Bayi,Aktif,Memnuniyet araması
103938,İstanbul,Kurumsal,1957.0,2020-02-23,Bayi,Aktif,Randevu hatırlatması yapıldı
102874,İstanbul,Bireysel,1964.0,2021-06-21,Bayi,Pasif,
104161,İzmir,Kurumsal,1975.0,2018-06-04,Bayi,Aktif,Kampanya bilgilendirmesi
101749,ANKARA,Bireysel,1961.0,2021-04-26,Bayi,Pasif,
102063,İstanbul,Bireysel,1976.0,2020-10-16,Çağrı Merkezi,Kaybedildi,Başka servise geçti
101217,ANKARA,Bireysel,1958.0,2017-11-14,Web,Aktif,Randevu hatırlatması yapıldı
102668,İstanbul,Bireysel,1975.0,2021-01-26,Bayi,Aktif,Kampanya bilgilendirmesi
104078,İstanbul,Kurumsal,1993.0,2020-10-16,Mobil Uygulama,Aktif,Randevu hatırlatması yapıldı
102641,İzmir,Bireysel,1971.0,2016-04-13,Web,Aktif,Randevu hatırlatması yapıldı
102493,Adana,Bireysel,1965.0,2020-05-14,Bayi,Aktif,Randevu hatırlatması yapıldı
102717,İstanbul,Bireysel,1962.0,2017-01-30,Çağrı Merkezi,Aktif,Memnuniyet araması
102572,Kocaeli,Bireysel,1959.0,2021-03-02,Web,Pasif,
100651,Adana,Bireysel,1960.0,2018-04-11,Bayi,Aktif,Kampanya bilgilendirmesi
100243,Bursa,Bireysel,1967.0,2019-05-07,Bayi,Aktif,Memnuniyet araması
100891,İstanbul,Bireysel,1980.0,2019-06-08,Çağrı Merkezi,Kaybedildi,
101651,Adana,Bireysel,2000.0,2017-09-26,Bayi,Aktif,Randevu hatırlatması yapıldı
100469,İstanbul,Bireysel,1979.0,2019-06-20,Web,Pasif,Kampanya bilgilendirmesi
100391,ISTANBUL,Kurumsal,1980.0,2020-08-20,Bayi,Aktif,Kampanya bilgilendirmesi
101520,İzmir,Bireysel,1988.0,2017-09-18,Bayi,Kaybedildi,Araç satıldı
103830,İstanbul,Kurumsal,1969.0,2018-05-04,Çağrı Merkezi,Aktif,Kampanya bilgilendirmesi
101435,Antalya,Bireysel,1959.0,2020-09-15,Mobil Uygulama,Kaybedildi,Başka servise geçti
103212,Ankara,Kurumsal,1963.0,2020-12-20,Bayi,Aktif,
100860,İstanbul,Kurumsal,1968.0,2021-09-17,Bayi,Aktif,Randevu hatırlatması yapıldı
103827,Ankara,Kurumsal,1999.0,2020-07-13,Web,Aktif,
102555,İzmir,Bireysel,1991.0,2016-01-13,Bayi,Aktif,
103276,İstanbul,Bireysel,1973.0,2021-08-31,Mobil Uygulama,Pasif,Başka servise geçti
100379,İstanbul,Kurumsal,1996.0,2016-07-02,Bayi,Aktif,
102674,Adana,Bireysel,1979.0,2021-07-25,Mobil Uygulama,Aktif,
102949,Bursa,Bireysel,1985.0,2018-11-25,Bayi,Aktif,Randevu hatırlatması yapıldı
103141,İstanbul,Bireysel,1960.0,2020-04-18,Bayi,Aktif,
101814,Ankara,Bireysel,1982.0,2017-06-17,Bayi,Aktif,
104011,Adana,Kurumsal,1992.0,2018-12-12,Mobil Uygulama,Aktif,
102479,İstanbul,Bireysel,1990.0,2019-04-05,Web,Aktif,Kampanya bilgilendirmesi
103415,İstanbul,Bireysel,2000.0,2016-12-06,Bayi,Pasif,Başka servise geçti
104057,İstanbul,Kurumsal,1982.0,2020-11-03,Mobil Uygulama,Aktif,
100879,İzmir,Bireysel,1966.0,2017-06-05,Çağrı Merkezi,Aktif,Memnuniyet araması
103220,İstanbul,Bireysel,1966.0,2020-11-08,Bayi,Aktif,Randevu hatırlatması yapıldı
103497,Kocaeli,Bireysel,1990.0,2021-11-20,Web,Aktif,
104053,İstanbul,Bireysel,1965.0,2017-11-20,Mobil Uygulama,Aktif,
103903,İstanbul,Bireysel,1994.0,2019-08-21,Bayi,Pasif,Araç satıldı
100337,Ankara,Bireysel,1955.0,2021-10-12,Web,Kaybedildi,Araç satıldı
101325,İstanbul,Bireysel,1980.0,2021-01-10,Bayi,Aktif,
103296,Adana,Bireysel,1959.0,2018-08-16,Bayi,Aktif,Kampanya bilgilendirmesi
101349,Bursa,Kurumsal,1957.0,2021-08-15,Bayi,Aktif,Memnuniyet araması
103962,Ankara,Bireysel,1981.0,2017-02-16,Web,Aktif,Randevu hatırlatması yapıldı
101551,İstanbul,Bireysel,1978.0,2018-11-14,Bayi,Aktif,Kampanya bilgilendirmesi
103424,İstanbul,Bireysel,1958.0,2018-08-30,Çağrı Merkezi,Aktif,Memnuniyet araması
101406,Ankara,Bireysel,1957.0,2016-03-12,Bayi,Aktif,
100843,Antalya,Bireysel,1983.0,2017-01-24,Çağrı Merkezi,Aktif,
100149,İstanbul,Bireysel,1958.0,2016-07-11,Bayi,Aktif,Randevu hatırlatması yapıldı
101350,Antalya,Kurumsal,1962.0,2019-04-25,Web,Aktif,
103484,İstanbul,Bireysel,1890.0,2017-01-08,Web,Kaybedildi,İlgilenmiyor
103118,İstanbul,Bireysel,2000.0,2020-07-13,Çağrı Merkezi,Aktif,Kampanya bilgilendirmesi
101675,İstanbul,Kurumsal,2001.0,2021-12-27,Mobil Uygulama,Aktif,Memnuniyet araması
100967,İzmir,Bireysel,1957.0,2019-06-10,Bayi,Aktif,Kampanya bilgilendirmesi
102878,Ankara,Bireysel,1973.0,2020-10-13,Çağrı Merkezi,Aktif,
100954,İstanbul,Bireysel,,2021-07-24,Web,Aktif,
101538,İstanbul,Bireysel,1998.0,2017-04-20,Bayi,Kaybedildi,İlgilenmiyor
100168,İstanbul,Bireysel,2003.0,2019-11-05,Bayi,Aktif,Kampanya bilgilendirmesi
101729,İstanbul,Kurumsal,1992.0,2016-12-14,Mobil Uygulama,Aktif,
104127,İstanbul,Bireysel,1992.0,2021-08-15,Bayi,Aktif,Randevu hatırlatması yapıldı
103196,Ankara,Bireysel,2004.0,2019-04-17,Mobil Uygulama,Aktif,Kampanya bilgilendirmesi
103574,İstanbul,Bireysel,1978.0,2019-04-27,Bayi,Aktif,
100532,Ankara,Bireysel,1970.0,2021-03-02,Çağrı Merkezi,Aktif,Randevu hatırlatması yapıldı
104139,İSTANBUL,Bireysel,1993.0,2018-01-26,Bayi,Kaybedildi,
100180,Kocaeli,Bireysel,1994.0,2021-09-25,Bayi,Aktif,Kampanya bilgilendirmesi
100055,İstanbul,Bireysel,1966.0,2016-05-03,Bayi,Aktif,Kampanya bilgilendirmesi
100983,İstanbul,Bireysel,1993.0,2018-08-15,Çağrı Merkezi,Aktif,Memnuniyet araması
101221,İzmir,Bireysel,1999.0,2020-12-06,Bayi,Aktif,Kampanya bilgilendirmesi
101436,Kocaelı,Kurumsal,1996.0,2016-10-16,Bayi,Aktif,Kampanya bilgilendirmesi
100318,İzmir,Bireysel,1977.0,2021-12-28,Web,Aktif,Randevu hatırlatması yapıldı
100467,Adana,Bireysel,1965.0,2020-12-30,Web,Aktif,Kampanya bilgilendirmesi
100622,İzmir,Kurumsal,,2018-12-03,Web,Aktif,Memnuniyet araması
102512,İzmir,Bireysel,1997.0,2018-10-21,Mobil Uygulama,Aktif,Memnuniyet araması
104085,KOCAELİ,Bireysel,1976.0,2018-02-06,Web,Aktif,Randevu hatırlatması yapıldı
103239,İstanbul,Bireysel,1980.0,2016-05-28,Bayi,Aktif,
102174,Ankara,Bireysel,1979.0,2020-04-04,Çağrı Merkezi,Aktif,
100846,Bursa,Bireysel,1976.0,2018-06-09,Bayi,Kaybedildi,Araç satıldı
101511,Bursa,Kurumsal,1992.0,2021-04-15,Bayi,Aktif,Kampanya bilgilendirmesi
103639,Ankara,Kurumsal,1984.0,2017-10-28,Bayi,Aktif,Randevu hatırlatması yapıldı
102096,İzmir,Bireysel,1999.0,2020-04-02,Çağrı Merkezi,Aktif,
101964,İstanbul,Bireysel,1960.0,2017-04-24,Bayi,Pasif,Ulaşılamadı
100262,İstanbul,Kurumsal,1959.0,2016-05-04,Web,Aktif,Randevu hatırlatması yapıldı
100647,Antalya,Kurumsal,2000.0,2017-05-26,Bayi,Aktif,Kampanya bilgilendirmesi
100561,İstanbul,Bireysel,1991.0,2019-06-03,Mobil Uygulama,Aktif,
100322,Kocaeli,Bireysel,2001.0,2021-06-25,Web,Aktif,Kampanya bilgilendirmesi
100267,Ankara,Bireysel,1975.0,2021-10-03,Bayi,Pasif,
102894,Ankara,Kurumsal,1964.0,2016-05-14,Bayi,Aktif,Randevu hatırlatması yapıldı
102586,Ankara,Bireysel,2002.0,2016-04-15,Mobil Uygulama,Aktif,
100754,İstanbul,Bireysel,1992.0,2016-07-12,Web,Aktif,Memnuniyet araması
101158,İzmir,Bireysel,,2017-07-15,Bayi,Pasif,İlgilenmiyor
102041,Ankara,Bireysel,1958.0,2021-12-13,Bayi,Aktif,Kampanya bilgilendirmesi
101174,Ankara,Bireysel,1971.0,2017-03-03,Web,Kaybedildi,Başka servise geçti
104197,Antalya,Bireysel,1959.0,2020-05-08,Bayi,Pasif,Ulaşılamadı
103994,İstanbul,Bireysel,1960.0,2016-09-05,Bayi,Aktif,
100614,Kocaeli,Bireysel,1973.0,2019-06-13,Bayi,Aktif,
103675,Kocaeli,Bireysel,2002.0,2020-04-08,Bayi,Aktif,
100419,ANTALYA,Kurumsal,1979.0,2019-05-08,Bayi,Aktif,Memnuniyet araması
103192,İstanbul,Bireysel,,2019-11-22,Bayi,Aktif,Kampanya bilgilendirmesi
104165,ANKARA,Bireysel,1967.0,2019-02-25,Mobil Uygulama,Aktif,
103987,İstanbul,Bireysel,2004.0,2019-06-04,Çağrı Merkezi,Aktif,
103521,İzmir,Bireysel,1968.0,2021-03-08,Bayi,Aktif,Memnuniyet araması
103473,İzmir,Bireysel,2021.0,2018-08-06,Web,Aktif,Memnuniyet araması
100497,İstanbul,Bireysel,1972.0,2017-02-19,Web,Aktif,
100425,İstanbul,Bireysel,1959.0,2021-07-01,Bayi,Aktif,Memnuniyet araması
101303,İstanbul,Kurumsal,1974.0,2020-09-21,Bayi,Aktif,Randevu hatırlatması yapıldı
102234,İstanbul,Kurumsal,1988.0,2020-11-25,Bayi,Kaybedildi,Ulaşılamadı
100984,Bursa,Bireysel,1961.0,2021-05-29,Çağrı Merkezi,Aktif,Memnuniyet araması
100888,Ankara,Bireysel,,2020-06-30,Bayi,Aktif,Memnuniyet araması
103666,Ankara,Bireysel,1986.0,2019-01-18,Web,Aktif,Kampanya bilgilendirmesi
102135,Kocaeli,Bireysel,1973.0,2020-07-01,Bayi,Aktif,Kampanya bilgilendirmesi
102201,Ankara,Bireysel,1960.0,2020-11-24,Bayi,Aktif,Kampanya bilgilendirmesi
102960,Ankara,Bireysel,1985.0,2017-01-17,Bayi,Aktif,
102838,İstanbul,Bireysel,1968.0,2021-11-10,Bayi,Aktif,Randevu hatırlatması yapıldı
103058,İstanbul,Bireysel,1991.0,2016-02-07,Bayi,Aktif,Kampanya bilgilendirmesi
101184,istanbul,Bireysel,1974.0,2016-01-05,Bayi,Aktif,Memnuniyet araması
104131,Kocaeli,Bireysel,2001.0,2021-04-24,Bayi,Pasif,Kampanya bilgilendirmesi
103564,İzmir,Bireysel,1980.0,2018-06-26,Mobil Uygulama,Aktif,Memnuniyet araması
101994,İstanbul,Bireysel,1966.0,2020-05-31,Web,Aktif,Randevu hatırlatması yapıldı
102395,istanbul,Bireysel,1998.0,2020-05-14,Web,Aktif,Memnuniyet araması
102296,İzmir,Kurumsal,1969.0,2021-04-25,Bayi,Aktif,
102912,İstanbul,Kurumsal,1998.0,2021-04-16,Web,Aktif,
101896,Kocaeli,Bireysel,1968.0,2021-12-06,Çağrı Merkezi,Aktif,Memnuniyet araması
100607,Antalya,Kurumsal,1992.0,2019-02-23,Mobil Uygulama,Aktif,
100407,Kocaeli,Bireysel,1993.0,2020-04-06,Web,Aktif,Kampanya bilgilendirmesi
103898,İzmir,Bireysel,1977.0,2017-04-22,Web,Aktif,İlgilenmiyor
102893,Bursa,Bireysel,1975.0,2018-11-22,Bayi,Aktif,Randevu hatırlatması yapıldı
103319,Adana,Bireysel,2003.0,2018-01-14,Mobil Uygulama,Pasif,Araç satıldı
103514,İstanbul,Kurumsal,1985.0,2021-05-17,Web,Aktif,Randevu hatırlatması yapıldı
103887,Ankara,Bireysel,1999.0,2016-06-26,Bayi,Pasif,Randevu hatırlatması yapıldı
102999,Ankara,Bireysel,1960.0,2019-11-05,Bayi,Aktif,Randevu hatırlatması yapıldı
101980,Kocaeli,Bireysel,2002.0,2017-02-04,Web,Aktif,Memnuniyet araması
103324,İstanbul,Bireysel,1981.0,2017-04-19,Çağrı Merkezi,Aktif,Kampanya bilgilendirmesi
100945,Ankara,Bireysel,1973.0,2018-04-09,Bayi,Aktif,Randevu hatırlatması yapıldı
100560,İstanbul,Bireysel,1970.0,2018-02-13,Bayi,Aktif,Randevu hatırlatması yapıldı
100418,Bursa,Bireysel,2004.0,2017-02-08,Web,Aktif,Kampanya bilgilendirmesi
103539,Antalya,Kurumsal,1977.0,2018-08-06,Bayi,Aktif,Araç satıldı
100280,Bursa,Bireysel,1989.0,2020-06-07,Çağrı Merkezi,Aktif,
103926,İstanbul,Bireysel,1999.0,2019-06-06,Çağrı Merkezi,Aktif,Randevu hatırlatması yapıldı
102667,İstanbul,Bireysel,1990.0,2021-11-10,Bayi,Aktif,Kampanya bilgilendirmesi
100749,İzmir,Bireysel,1968.0,2017-11-24,Bayi,Aktif,Memnuniyet araması
102968,Ankara,Bireysel,1983.0,2018-08-07,Web,Pasif,
103610,İstanbul,Bireysel,1967.0,2021-06-13,Çağrı Merkezi,Aktif,
101283,İzmir,Bireysel,1985.0,2020-02-15,Mobil Uygulama,Aktif,Memnuniyet araması
103499,İzmir,Bireysel,1997.0,2017-06-22,Web,Aktif,
102630,Kocaeli,Kurumsal,1982.0,2019-05-08,Bayi,Aktif,
102309,İstanbul,Bireysel,1992.0,2019-06-09,Bayi,Aktif,
103046,İzmir,Bireysel,1980.0,2017-09-07,Mobil Uygulama,Aktif,Memnuniyet araması
103686,İstanbul,Bireysel,1985.0,2020-02-27,Bayi,Aktif,Memnuniyet araması
100426,Ankara,Bireysel,1995.0,2017-03-25,Web,Pasif,İlgilenmiyor
102678,İstanbul,Bireysel,1993.0,2016-01-18,Bayi,Kaybedildi,
102441,İstanbul,Bireysel,1962.0,2018-12-06,Bayi,Aktif,Kampanya bilgilendirmesi
102498,ANTALYA,Bireysel,1993.0,2017-09-30,Web,Aktif,Randevu hatırlatması yapıldı
104101,Ankara,Kurumsal,1981.0,2019-02-25,Web,Aktif,Kampanya bilgilendirmesi
101072,İstanbul,Kurumsal,1986.0,2021-12-12,Bayi,Aktif,Kampanya bilgilendirmesi
103679,Adana,Kurumsal,1986.0,2018-08-12,Bayi,Aktif,Kampanya bilgilendirmesi
101196,Bursa,Bireysel,2001.0,2021-04-10,Web,Pasif,Kampanya bilgilendirmesi
101849,Ankara,Bireysel,1980.0,2019-01-25,Mobil Uygulama,Pasif,Randevu hatırlatması yapıldı
101082,İSTANBUL,Bireysel,1985.0,2019-04-11,Bayi,Aktif,Kampanya bilgilendirmesi
101182,İzmir,Bireysel,1984.0,2020-08-10,Bayi,Pasif,Memnuniyet araması
100832,Antalya,Kurumsal,1970.0,2016-10-21,Bayi,Aktif,Memnuniyet araması
100858,İstanbul,Bireysel,1971.0,2017-09-20,Bayi,Aktif,Randevu hatırlatması yapıldı
101998,İstanbul,Kurumsal,2000.0,2020-02-08,Bayi,Aktif,Memnuniyet araması
100939,Ankara,Bireysel,1955.0,2021-04-19,Mobil Uygulama,Aktif,Randevu hatırlatması yapıldı
103551,Bursa,Kurumsal,1994.0,2016-11-04,Bayi,Aktif,Memnuniyet araması
101428,İstanbul,Kurumsal,1990.0,2021-05-08,Web,Aktif,
101821,Adana,Kurumsal,1987.0,2020-06-25,Çağrı Merkezi,Aktif,
102821,İstanbul,Bireysel,1981.0,2021-10-17,Web,Aktif,
103340,Bursa,Bireysel,,2020-11-16,Bayi,Kaybedildi,Araç satıldı
103957,İstanbul,Bireysel,1987.0,2019-08-26,Bayi,Aktif,Memnuniyet araması
103122,Adana,Bireysel,2000.0,2021-08-15,Bayi,Aktif,Randevu hatırlatması yapıldı
103667,İstanbul,Bireysel,1973.0,2018-10-13,Web,Aktif,Randevu hatırlatması yapıldı
100797,İzmir,Bireysel,1981.0,2016-06-06,Bayi,Aktif,
100981,Antalya,Bireysel,1999.0,2018-10-19,Bayi,Aktif,
103553,İstanbul,Bireysel,1974.0,2019-10-14,Bayi,Aktif,Memnuniyet araması
103526,İstanbul,Kurumsal,1955.0,2017-06-23,Çağrı Merkezi,Aktif,Kampanya bilgilendirmesi
102246,Adana,Bireysel,2002.0,2016-09-16,Bayi,Aktif,Randevu hatırlatması yapıldı
100897,İzmir,Bireysel,1987.0,2016-03-22,Bayi,Aktif,Memnuniyet araması
101489,Ankara,Bireysel,1978.0,2019-11-05,Mobil Uygulama,Aktif,Randevu hatırlatması yapıldı
100565,ADANA,Bireysel,1989.0,2021-10-23,Bayi,Aktif,Memnuniyet araması
100715,İstanbul,Bireysel,1988.0,2019-05-08,Bayi,Aktif,Kampanya bilgilendirmesi
103113,Kocaeli,Bireysel,1969.0,2016-05-13,Web,Aktif,
101104,İstanbul,Kurumsal,1961.0,2020-10-16,Mobil Uygulama,Aktif,
103929,İstanbul,Bireysel,1998.0,2018-02-14,Bayi,Aktif,Kampanya bilgilendirmesi
103872,Antalya,Bireysel,1970.0,2020-06-09,Çağrı Merkezi,Aktif,Randevu hatırlatması yapıldı
100178,Ankara,Bireysel,1975.0,2018-04-13,Çağrı Merkezi,Aktif,
102089,İzmir,Bireysel,2000.0,2018-05-15,Bayi,Pasif,Memnuniyet araması
101324,İzmir,Bireysel,1957.0,2019-04-05,Web,Kaybedildi,Araç satıldı
103663,Bursa,Bireysel,1987.0,2016-11-26,Çağrı Merkezi,Aktif,Memnuniyet araması
103530,Ankara,Bireysel,1976.0,2021-11-21,Web,Aktif,
100652,İstanbul,Bireysel,1982.0,2016-11-17,Bayi,Aktif,Memnuniyet araması
102645,İstanbul,Kurumsal,1960.0,2017-02-24,Bayi,Aktif,Randevu hatırlatması yapıldı
101564,Antalya,Bireysel,1983.0,2018-03-10,Çağrı Merkezi,Aktif,
100170,İstanbul,Bireysel,1958.0,2016-08-09,Mobil Uygulama,Aktif,Memnuniyet araması
103605,İzmir,Bireysel,1971.0,2019-06-30,Çağrı Merkezi,Aktif,Kampanya bilgilendirmesi
102787,Kocaeli,Bireysel,1974.0,2017-12-14,Çağrı Merkezi,Kaybedildi,Araç satıldı
103545,Ankara,Bireysel,1998.0,2020-11-04,Bayi,Aktif,Memnuniyet araması
101763,İstanbul,Bireysel,1994.0,2018-12-12,Bayi,Aktif,Memnuniyet araması
100174,İstanbul,Bireysel,1992.0,2019-07-26,Bayi,Aktif,
101524,İstanbul,Bireysel,1957.0,2020-11-14,Bayi,Aktif,
102923,İSTANBUL,Kurumsal,1973.0,2018-09-17,Mobil Uygulama,Aktif,
102321,İstanbul,Bireysel,1971.0,2019-03-20,Web,Kaybedildi,Ulaşılamadı
103509,Bursa,Bireysel,1959.0,2017-11-14,Çağrı Merkezi,Aktif,Memnuniyet araması
103982,izmir,Bireysel,1958.0,2017-10-30,Bayi,Aktif,
102279,İstanbul,Bireysel,1980.0,2016-06-20,Bayi,Aktif,Kampanya bilgilendirmesi
100870,İstanbul,Kurumsal,1978.0,2018-08-09,Bayi,Aktif,Randevu hatırlatması yapıldı
101546,İstanbul,Kurumsal,1981.0,2021-10-01,Bayi,Aktif,Kampanya bilgilendirmesi
100850,Ankara,Bireysel,1994.0,2020-01-02,Web,Aktif,Kampanya bilgilendirmesi
104099,Ankara,Bireysel,1983.0,2017-03-02,Mobil Uygulama,Aktif,
104166,Bursa,Kurumsal,1976.0,2021-03-01,Bayi,Aktif,Kampanya bilgilendirmesi
101264,Antalya,Bireysel,1989.0,2017-10-31,Bayi,Aktif,Memnuniyet araması
102698,İstanbul,Bireysel,1968.0,2020-10-24,Bayi,Aktif,Memnuniyet araması
101294,İstanbul,Bireysel,1964.0,2017-06-04,Bayi,Aktif,Kampanya bilgilendirmesi
100315,Ankara,Bireysel,1992.0,2018-02-08,Bayi,Aktif,Randevu hatırlatması yapıldı
100477,Adana,Bireysel,1959.0,2017-06-11,Bayi,Aktif,
102934,Bursa,Kurumsal,1996.0,2018-09-29,Bayi,Pasif,Memnuniyet araması
102205,İstanbul,Bireysel,1994.0,2017-08-11,Bayi,Aktif,
102947,Adana,Bireysel,1964.0,2018-02-07,Web,Aktif,Kampanya bilgilendirmesi
103416,Kocaeli,Bireysel,1989.0,2017-12-04,Çağrı Merkezi,Aktif,Randevu hatırlatması yapıldı
100730,İstanbul,Bireysel,1984.0,2019-08-27,Bayi,Aktif,
100343,Kocaeli,Bireysel,1982.0,2021-10-19,Bayi,Kaybedildi,Ulaşılamadı
100796,İzmir,Bireysel,1970.0,2021-12-27,Bayi,Aktif,
100533,Adana,Bireysel,1980.0,2017-05-16,Bayi,Aktif,Kampanya bilgilendirmesi
102623,İstanbul,Bireysel,1983.0,2016-01-03,Çağrı Merkezi,Pasif,Randevu hatırlatması yapıldı
103372,İstanbul,Bireysel,1965.0,2019-03-24,Web,Aktif,Randevu hatırlatması yapıldı
101185,İzmir,Bireysel,1994.0,2016-07-25,Web,Aktif,Randevu hatırlatması yapıldı
101438,Kocaeli,Bireysel,1974.0,2017-04-27,Bayi,Aktif,Memnuniyet araması
101671,Kocaeli,Bireysel,,2017-04-08,Bayi,Aktif,
103936,Ankara,Bireysel,1990.0,2019-08-07,Bayi,Kaybedildi,
102349,İzmir,Bireysel,1996.0,2017-05-13,Bayi,Aktif,
100980,İstanbul,Bireysel,1967.0,2021-11-15,Bayi,Aktif,
103889,Ankara,Bireysel,1998.0,2019-06-19,Web,Kaybedildi,Ulaşılamadı
100642,İstanbul,Bireysel,1961.0,2019-01-31,Bayi,Aktif,Kampanya bilgilendirmesi
101720,ankara,Bireysel,2001.0,2019-04-06,Web,Aktif,Memnuniyet araması
102590,Antalya,Bireysel,1993.0,2020-03-04,Bayi,Aktif,Randevu hatırlatması yapıldı
101592,İzmir,Bireysel,1997.0,2018-10-20,Web,Aktif,Randevu hatırlatması yapıldı
100792,İstanbul,Bireysel,1996.0,2016-07-18,Web,Pasif,Memnuniyet araması
101415,İstanbul,Bireysel,1982.0,2016-07-14,Bayi,Aktif,
102033,İstanbul,Bireysel,1991.0,2017-11-29,Bayi,Pasif,
102558,Ankara,Kurumsal,,2019-11-29,Bayi,Aktif,Memnuniyet araması
103717,İstanbul,Bireysel,1957.0,2020-08-21,Çağrı Merkezi,Aktif,Memnuniyet araması
100699,İstanbul,Bireysel,1973.0,2017-11-30,Web,Aktif,Memnuniyet araması
100961,Antalya,Kurumsal,1998.0,2018-10-31,Web,Aktif,
100890,İstanbul,Bireysel,1970.0,2019-11-27,Web,Aktif,
100279,Ankara,Bireysel,2004.0,2018-07-01,Web,Aktif,Randevu hatırlatması yapıldı
102261,İstanbul,Bireysel,1965.0,2017-08-11,Web,Aktif,
103271,Antalya,Bireysel,1980.0,2018-10-17,Çağrı Merkezi,Pasif,Memnuniyet araması
103145,İstanbul,Bireysel,1999.0,2019-04-21,Web,Aktif,Kampanya bilgilendirmesi
102243,İzmir,Bireysel,1986.0,2017-02-03,Bayi,Aktif,Randevu hatırlatması yapıldı
101876,Ankara,Bireysel,1968.0,2020-09-01,Çağrı Merkezi,Aktif,Memnuniyet araması
101431,İstanbul,Bireysel,2002.0,2018-10-10,Çağrı Merkezi,Kaybedildi,Başka servise geçti
102447,İstanbul,Bireysel,1959.0,2021-11-21,Bayi,Aktif,Kampanya bilgilendirmesi
102218,İzmir,Bireysel,1971.0,2018-05-05,Bayi,Pasif,Araç satıldı
101773,Ankara,Bireysel,1956.0,2017-03-29,Mobil Uygulama,Pasif,Ulaşılamadı
103617,Ankara,Kurumsal,1998.0,2018-11-12,Mobil Uygulama,Aktif,Memnuniyet araması
103862,İstanbul,Bireysel,1996.0,2021-03-14,Mobil Uygulama,Aktif,Memnuniyet araması
100048,İstanbul,Bireysel,1974.0,2016-06-25,Bayi,Aktif,Randevu hatırlatması yapıldı
100854,ISTANBUL,Bireysel,1994.0,2021-08-26,Mobil Uygulama,Aktif,
101907,İstanbul,Bireysel,1972.0,2019-10-28,Bayi,Aktif,
103854,Antalya,Kurumsal,1998.0,2019-08-26,Web,Aktif,
103529,İstanbul,Kurumsal,1974.0,2018-01-08,Bayi,Aktif,
103626,Antalya,Bireysel,1964.0,2017-07-25,Web,Kaybedildi,Başka servise geçti
103213,Antalya,Bireysel,1956.0,2016-07-08,Bayi,Aktif,Kampanya bilgilendirmesi
103443,İstanbul,Bireysel,1973.0,2020-04-13,Web,Aktif,Randevu hatırlatması yapıldı
103282,Antalya,Bireysel,1973.0,2019-07-22,Bayi,Kaybedildi,Ulaşılamadı
102481,ADANA,Bireysel,1956.0,2016-10-17,Web,Aktif,Randevu hatırlatması yapıldı
102477,Antalya,Bireysel,1997.0,2021-06-14,Web,Pasif,
102638,Ankara,Bireysel,1994.0,2016-08-19,Web,Aktif,Kampanya bilgilendirmesi
102608,İstanbul,Bireysel,1962.0,2021-11-10,Bayi,Aktif,
101696,Ankara,Bireysel,1971.0,2021-02-17,Bayi,Aktif,
101432,İstanbul,Bireysel,1956.0,2018-02-17,Web,Aktif,Memnuniyet araması
103784,İzmir,Bireysel,1995.0,2016-07-09,Bayi,Aktif,Memnuniyet araması
103405,ANKARA,Bireysel,1977.0,2019-12-19,Bayi,Aktif,
100753,Antalya,Bireysel,2004.0,2020-06-26,Bayi,Aktif,Kampanya bilgilendirmesi
100060,İstanbul,Bireysel,1986.0,2021-04-21,Bayi,Kaybedildi,
101522,Bursa,Bireysel,1977.0,2020-05-12,Mobil Uygulama,Kaybedildi,Başka servise geçti
102078,İzmir,Bireysel,1987.0,2016-05-05,Web,Aktif,
101635,Ankara,Bireysel,1965.0,2021-07-26,Web,Aktif,Randevu hatırlatması yapıldı
101678,İstanbul,Bireysel,2002.0,2017-10-17,Mobil Uygulama,Aktif,
100195,Antalya,Bireysel,1989.0,2016-09-21,Web,Aktif,Memnuniyet araması
103080,Ankara,Bireysel,1956.0,2015-12-25,Mobil Uygulama,Aktif,
101659,Ankara,Kurumsal,2002.0,2017-07-01,Bayi,Aktif,Kampanya bilgilendirmesi
101335,İstanbul,Bireysel,1992.0,2021-05-26,Çağrı Merkezi,Aktif,Randevu hatırlatması yapıldı
101115,Bursa,Bireysel,1994.0,2017-06-11,Bayi,Aktif,
103732,Kocaeli,Bireysel,,2020-09-20,Bayi,Kaybedildi,Araç satıldı
103778,İstanbul,Kurumsal,1964.0,2021-11-17,Bayi,Aktif,Memnuniyet araması
100895,Ankara,Bireysel,1959.0,2018-05-10,Web,Aktif,Başka servise geçti
103491,BURSA,Bireysel,1958.0,2020-08-26,Bayi,Aktif,Randevu hatırlatması yapıldı
103408,Antalya,Bireysel,1982.0,2018-10-15,Bayi,Kaybedildi,Araç satıldı
101942,İstanbul,Bireysel,1997.0,2018-12-17,Bayi,Kaybedildi,
102594,Kocaeli,Kurumsal,1968.0,2018-08-13,Bayi,Aktif,Memnuniyet araması
103913,İstanbul,Kurumsal,1973.0,2017-06-24,Bayi,Aktif,Randevu hatırlatması yapıldı
100192,İstanbul,Bireysel,2004.0,2019-10-27,Mobil Uygulama,Aktif,
102786,Ankara,Kurumsal,1981.0,2018-09-28,Bayi,Aktif,
104008,Adana,Kurumsal,1968.0,2020-08-02,Bayi,Aktif,Randevu hatırlatması yapıldı
103387,Ankara,Bireysel,2003.0,2021-12-10,Bayi,Aktif,
102170,Bursa,Bireysel,1955.0,2019-04-18,Bayi,Aktif,Randevu hatırlatması yapıldı
102138,İstanbul,Bireysel,2004.0,2017-11-09,Web,Aktif,
102946,İstanbul,Kurumsal,1973.0,2016-02-15,Çağrı Merkezi,Aktif,Memnuniyet araması
100813,Bursa,Bireysel,1967.0,2020-03-07,Çağrı Merkezi,Pasif,Memnuniyet araması
102801,Antalya,Bireysel,1995.0,2017-03-01,Web,Kaybedildi,Araç satıldı
101649,BURSA,Bireysel,1995.0,2021-08-03,Web,Kaybedildi,Başka servise geçti
100386,İstanbul,Bireysel,2003.0,2019-02-22,Çağrı Merkezi,Aktif,
103124,İstanbul,Bireysel,1985.0,2018-08-31,Bayi,Aktif,Kampanya bilgilendirmesi
102456,Ankara,Bireysel,1988.0,2018-08-22,Web,Aktif,
100021,Ankara,Bireysel,1962.0,2021-05-21,Web,Aktif,
103874,Antalya,Kurumsal,1997.0,2016-12-18,Bayi,Kaybedildi,Araç satıldı
103776,İstanbul,Bireysel,2002.0,2021-08-09,Bayi,Aktif,
103039,Ankara,Bireysel,1982.0,2020-07-14,Bayi,Aktif,
103187,İzmir,Bireysel,1981.0,2016-03-16,Bayi,Aktif,Randevu hatırlatması yapıldı
102901,İstanbul,Bireysel,1967.0,2019-11-16,Bayi,Pasif,Randevu hatırlatması yapıldı
103434,İstanbul,Bireysel,1999.0,2019-05-13,Bayi,Aktif,
102324,Ankara,Kurumsal,1990.0,2016-07-24,Bayi,Aktif,Memnuniyet araması
103709,İzmir,Bireysel,1986.0,2019-10-30,Web,Aktif,
101131,Kocaeli,Bireysel,1986.0,2020-01-19,Bayi,Aktif,
100080,İstanbul,Kurumsal,1966.0,2016-09-20,Mobil Uygulama,Kaybedildi,Başka servise geçti
101549,İstanbul,Bireysel,1955.0,2021-10-11,Bayi,Aktif,Kampanya bilgilendirmesi
101509,ISTANBUL,Kurumsal,1968.0,2019-03-17,Bayi,Aktif,
100174,İstanbul,Bireysel,1992.0,2019-07-26,Bayi,Aktif,
103392,İstanbul,Bireysel,1994.0,2016-01-15,Mobil Uygulama,Aktif,Memnuniyet araması
100700,İzmir,Bireysel,1972.0,2020-12-18,Çağrı Merkezi,Aktif,
103290,Kocaeli,Kurumsal,1975.0,2021-08-05,Bayi,Aktif,Memnuniyet araması
103225,Ankara,Kurumsal,1987.0,2018-07-09,Bayi,Aktif,Randevu hatırlatması yapıldı
103322,Bursa,Kurumsal,2001.0,2020-07-18,Web,Aktif,
103307,İstanbul,Bireysel,1958.0,2019-11-19,Bayi,Aktif,
101631,Ankara,Bireysel,1993.0,2021-07-08,Bayi,Kaybedildi,Başka servise geçti
100657,İzmir,Bireysel,1969.0,2018-04-03,Çağrı Merkezi,Aktif,Memnuniyet araması
100782,Antalya,Bireysel,1970.0,2019-03-13,Mobil Uygulama,Aktif,Memnuniyet araması
104183,İzmir,Bireysel,1997.0,2019-03-13,Bayi,Aktif,
102156,istanbul,Bireysel,1980.0,2020-08-20,Çağrı Merkezi,Aktif,
100098,Antalya,Bireysel,1966.0,2016-05-02,Çağrı Merkezi,Aktif,
101637,Kocaeli,Kurumsal,1996.0,2019-09-29,Çağrı Merkezi,Kaybedildi,Başka servise geçti
101746,İstanbul,Kurumsal,2004.0,2017-03-27,Bayi,Aktif,Randevu hatırlatması yapıldı
100756,ADANA,Bireysel,1978.0,2019-05-12,Web,Aktif,Kampanya bilgilendirmesi
102020,İstanbul,Kurumsal,1967.0,2020-06-24,Çağrı Merkezi,Aktif,
101642,İzmir,Bireysel,2001.0,2017-04-03,Bayi,Aktif,
102064,Bursa,Bireysel,1990.0,2020-02-28,Bayi,Aktif,
103009,İzmir,Kurumsal,1961.0,2017-04-21,Web,Pasif,Kampanya bilgilendirmesi
102348,İstanbul,Bireysel,1972.0,2019-02-20,Bayi,Aktif,Memnuniyet araması
101275,İstanbul,Bireysel,2001.0,2016-10-14,Web,Aktif,Kampanya bilgilendirmesi
101060,Kocaeli,Bireysel,1980.0,2020-09-04,Mobil Uygulama,Kaybedildi,Araç satıldı
102980,Adana,Bireysel,1976.0,2016-02-29,Bayi,Aktif,Randevu hatırlatması yapıldı
101492,İstanbul,Bireysel,1985.0,2020-12-26,Mobil Uygulama,Aktif,Memnuniyet araması
102052,Antalya,Bireysel,1958.0,2020-06-25,Web,Aktif,Kampanya bilgilendirmesi
103421,Ankara,Bireysel,1961.0,2019-11-06,Bayi,Kaybedildi,İlgilenmiyor
102709,Adana,Bireysel,1989.0,2016-03-20,Bayi,Aktif,
101482,Antalya,Bireysel,1979.0,2019-09-23,Web,Aktif,
102952,İzmir,Bireysel,1956.0,2018-03-09,Bayi,Kaybedildi,Başka servise geçti
100602,İstanbul,Kurumsal,1996.0,2021-11-17,Bayi,Kaybedildi,Araç satıldı
101333,Kocaeli,Bireysel,1981.0,2020-02-19,Bayi,Aktif,
101048,ANTALYA,Kurumsal,1959.0,2018-10-25,Bayi,Aktif,
100571,Ankara,Bireysel,1990.0,2016-02-25,Web,Aktif,
103650,Bursa,Bireysel,1971.0,2021-02-22,Bayi,Kaybedildi,Başka servise geçti
100147,Bursa,Bireysel,1977.0,2021-04-03,Bayi,Aktif,Memnuniyet araması
100097,Ankara,Kurumsal,2001.0,2018-11-04,Çağrı Merkezi,Aktif,
102624,İstanbul,Kurumsal,1967.0,2016-05-24,Bayi,Aktif,Memnuniyet araması
103475,İstanbul,Bireysel,1982.0,2019-06-13,Web,Aktif,Memnuniyet araması
100223,İzmir,Bireysel,1996.0,2020-06-18,Web,Aktif,Kampanya bilgilendirmesi
102257,Izmir,Bireysel,1957.0,2017-11-10,Çağrı Merkezi,Kaybedildi,Araç satıldı
104043,Bursa,Bireysel,1981.0,2018-12-25,Çağrı Merkezi,Aktif,
101643,Adana,Bireysel,1979.0,2017-11-06,Web,Aktif,Randevu hatırlatması yapıldı
102050,Ankara,Bireysel,2003.0,2016-08-03,Bayi,Aktif,Kampanya bilgilendirmesi
104020,izmir,Bireysel,1964.0,2020-05-26,Bayi,Kaybedildi,İlgilenmiyor
102639,Kocaeli,Bireysel,2003.0,2019-07-25,Web,Aktif,
102485,Antalya,Bireysel,,2019-08-07,Bayi,Aktif,Randevu hatırlatması yapıldı
103755,İzmir,Bireysel,1955.0,2021-12-30,Web,Aktif,Randevu hatırlatması yapıldı
101477,İstanbul,Bireysel,1997.0,2020-05-30,Bayi,Kaybedildi,Ulaşılamadı
100758,Kocaeli,Bireysel,1979.0,2018-05-05,Web,Aktif,Kampanya bilgilendirmesi
102153,İzmir,Bireysel,1964.0,2016-12-19,Bayi,Aktif,Memnuniyet araması
102044,İstanbul,Bireysel,1989.0,2018-06-11,Web,Aktif,Randevu hatırlatması yapıldı
102235,Antalya,Bireysel,1959.0,2021-04-06,Bayi,Aktif,Memnuniyet araması
102120,Adana,Kurumsal,1991.0,2017-05-08,Bayi,Aktif,
102250,Kocaeli,Bireysel,1960.0,2016-08-26,Bayi,Aktif,Memnuniyet araması
103133,Kocaeli,Bireysel,1990.0,2021-08-03,Bayi,Aktif,Randevu hatırlatması yapıldı
101712,Ankara,Bireysel,1967.0,2016-05-29,Bayi,Aktif,
101910,İzmir,Bireysel,1993.0,2020-03-31,Web,Aktif,
103023,İzmir,Bireysel,1968.0,2021-07-04,Web,Aktif,
100241,ANTALYA,Bireysel,1957.0,2018-09-13,Mobil Uygulama,Aktif,
101709,İstanbul,Bireysel,1991.0,2019-08-17,Web,Aktif,
101602,Kocaeli,Kurumsal,1977.0,2016-05-05,Bayi,Aktif,
102263,Antalya,Bireysel,1979.0,2017-06-17,Web,Aktif,Kampanya bilgilendirmesi
103713,İzmir,Bireysel,1997.0,2018-08-24,Bayi,Aktif,Kampanya bilgilendirmesi
102959,İstanbul,Bireysel,1979.0,2019-07-23,Mobil Uygulama,Aktif,Kampanya bilgilendirmesi
100711,İstanbul,Bireysel,1998.0,2019-09-07,Bayi,Aktif,
102191,İstanbul,Kurumsal,1962.0,2018-03-06,Bayi,Aktif,Kampanya bilgilendirmesi
101486,Antalya,Kurumsal,1979.0,2020-04-09,Web,Aktif,Memnuniyet araması
103931,BURSA,Kurumsal,1977.0,2017-02-12,Bayi,Aktif,Memnuniyet araması
103653,İstanbul,Bireysel,1968.0,2019-09-28,Bayi,Kaybedildi,Başka servise geçti
102129,Ankara,Bireysel,1989.0,2016-05-03,Mobil Uygulama,Aktif,Kampanya bilgilendirmesi
103803,Antalya,Kurumsal,1958.0,2017-04-27,Web,Aktif,
100965,İstanbul,Bireysel,1980.0,2019-08-07,Mobil Uygulama,Aktif,Kampanya bilgilendirmesi
100154,İstanbul,Bireysel,1969.0,2016-02-04,Çağrı Merkezi,Aktif,
100166,İstanbul,Bireysel,1968.0,2019-08-17,Bayi,Aktif,
101969,Bursa,Kurumsal,1984.0,2021-02-11,Web,Aktif,
100229,İzmir,Kurumsal,1965.0,2021-10-17,Bayi,Aktif,
103506,İstanbul,Bireysel,1969.0,2016-07-07,Web,Aktif,Randevu hatırlatması yapıldı
101463,Adana,Bireysel,1994.0,2016-09-12,Çağrı Merkezi,Aktif,
102152,İstanbul,Bireysel,1960.0,2016-07-27,Bayi,Aktif,Randevu hatırlatması yapıldı
100339,Bursa,Bireysel,1980.0,2020-09-03,Bayi,Aktif,
100608,İstanbul,Bireysel,,2021-08-24,Web,Kaybedildi,
100429,Antalya,Bireysel,1958.0,2020-11-15,Bayi,Pasif,Memnuniyet araması
100564,Ankara,Bireysel,1982.0,2018-08-04,Çağrı Merkezi,Aktif,
103549,İzmir,Bireysel,1991.0,2020-06-02,Çağrı Merkezi,Kaybedildi,Başka servise geçti
101632,Adana,Bireysel,1964.0,2017-07-27,Web,Aktif,Memnuniyet araması
103291,Bursa,Bireysel,1996.0,2019-12-15,Bayi,Pasif,
101714,Ankara,Bireysel,1988.0,2020-06-12,Web,Aktif,Kampanya bilgilendirmesi
102970,Ankara,Bireysel,1989.0,2016-11-13,Bayi,Aktif,Randevu hatırlatması yapıldı
100686,Ankara,Bireysel,1962.0,2017-09-04,Bayi,Pasif,Araç satıldı
101915,KOCAELİ,Bireysel,1985.0,2019-05-09,Bayi,Kaybedildi,Başka servise geçti
103885,İstanbul,Kurumsal,1989.0,2020-10-25,Mobil Uygulama,Kaybedildi,
103413,İstanbul,Bireysel,1976.0,2020-07-25,Bayi,Aktif,Kampanya bilgilendirmesi
103260,İzmir,Bireysel,1981.0,2019-07-10,Bayi,Aktif,Memnuniyet araması
103754,İstanbul,Bireysel,2000.0,2016-07-11,Bayi,Kaybedildi,Araç satıldı
101219,Kocaeli,Bireysel,2003.0,2019-10-21,Bayi,Pasif,Ulaşılamadı
104141,Antalya,Bireysel,1977.0,2016-07-20,Bayi,Aktif,Kampanya bilgilendirmesi
101124,İzmir,Bireysel,1971.0,2018-01-13,Çağrı Merkezi,Aktif,Memnuniyet araması
101624,İstanbul,Kurumsal,1958.0,2019-03-01,Web,Aktif,Kampanya bilgilendirmesi
102964,Kocaeli,Bireysel,1958.0,2017-09-05,Mobil Uygulama,Kaybedildi,İlgilenmiyor
103053,İstanbul,Bireysel,1966.0,2017-03-28,Bayi,Aktif,Randevu hatırlatması yapıldı
100685,İstanbul,Bireysel,1972.0,2017-05-28,Çağrı Merkezi,Aktif,Kampanya bilgilendirmesi
100964,İzmir,Bireysel,1995.0,2016-06-13,Web,Kaybedildi,Araç satıldı
103313,İstanbul,Bireysel,1985.0,2016-08-21,Bayi,Pasif,
101404,İstanbul,Bireysel,1964.0,2016-02-25,Bayi,Aktif,Randevu hatırlatması yapıldı
104065,İstanbul,Bireysel,1963.0,2017-07-16,Bayi,Aktif,
100623,İstanbul,Bireysel,1991.0,2019-09-29,Bayi,Aktif,Memnuniyet araması
103700,Adana,Bireysel,1974.0,2020-02-03,Bayi,Pasif,
102913,İstanbul,Bireysel,1979.0,2016-07-12,Bayi,Aktif,
101845,Bursa,Bireysel,1994.0,2016-04-28,Bayi,Kaybedildi,Araç satıldı
103280,İstanbul,Bireysel,2004.0,2021-08-14,Bayi,Aktif,Memnuniyet araması
101710,İstanbul,Kurumsal,1980.0,2020-02-21,Web,Aktif,
103012,Ankara,Bireysel,2001.0,2017-10-03,Bayi,Aktif,Randevu hatırlatması yapıldı
100246,Ankara,Kurumsal,1961.0,2018-09-21,Bayi,Aktif,Kampanya bilgilendirmesi
100929,İstanbul,Bireysel,1955.0,2017-08-15,Web,Aktif,Randevu hatırlatması yapıldı
102692,Bursa,Kurumsal,1988.0,2019-06-29,Bayi,Aktif,
102199,İstanbul,Kurumsal,1996.0,2020-06-01,Bayi,Aktif,
102328,Kocaeli,Bireysel,1991.0,2021-06-21,Çağrı Merkezi,Pasif,Randevu hatırlatması yapıldı
101577,Bursa,Kurumsal,1994.0,2016-11-12,Çağrı Merkezi,Aktif,Memnuniyet araması
103817,İzmir,Bireysel,1973.0,2018-01-10,Bayi,Aktif,Memnuniyet araması
101634,İstanbul,Bireysel,1956.0,2018-12-19,Web,Aktif,
100096,İstanbul,Bireysel,1996.0,2016-02-10,Bayi,Aktif,Memnuniyet araması
100630,İstanbul,Bireysel,1988.0,2021-11-13,Bayi,Pasif,Ulaşılamadı
103981,İzmir,Bireysel,1967.0,2020-04-21,Web,Aktif,Randevu hatırlatması yapıldı
101289,Bursa,Bireysel,1975.0,2017-05-17,Web,Aktif,Randevu hatırlatması yapıldı
100001,Bursa,Bireysel,1978.0,2018-04-29,Bayi,Aktif,
101403,İstanbul,Bireysel,1989.0,2019-01-26,Çağrı Merkezi,Aktif,
101926,Kocaeli,Bireysel,1993.0,2017-07-04,Bayi,Aktif,Kampanya bilgilendirmesi
102562,Kocaeli,Bireysel,1999.0,2016-02-15,Web,Aktif,Kampanya bilgilendirmesi
102067,Ankara,Bireysel,1967.0,2020-04-12,Bayi,Aktif,
104019,Kocaeli,Kurumsal,2002.0,2021-04-03,Mobil Uygulama,Kaybedildi,Araç satıldı
100164,İstanbul,Bireysel,1955.0,2017-09-08,Bayi,Aktif,Memnuniyet araması
102302,İzmir,Bireysel,1986.0,2019-02-09,Bayi,Aktif,
103873,İstanbul,Bireysel,1985.0,2021-12-26,Bayi,Aktif,
103293,İzmir,Kurumsal,1959.0,2017-07-20,Bayi,Aktif,Kampanya bilgilendirmesi
102434,Bursa,Bireysel,1981.0,2018-07-10,Bayi,Pasif,Araç satıldı
102544,İstanbul,Bireysel,1986.0,2020-03-11,Mobil Uygulama,Pasif,Başka servise geçti
103865,Kocaeli,Bireysel,1998.0,2018-06-29,Web,Aktif,Kampanya bilgilendirmesi
101093,Antalya,Bireysel,1999.0,2018-04-22,Bayi,Aktif,Memnuniyet araması
100841,Adana,Bireysel,1955.0,2020-06-06,Çağrı Merkezi,Aktif,Randevu hatırlatması yapıldı
100165,İstanbul,Bireysel,2004.0,2016-08-24,Bayi,Aktif,Randevu hatırlatması yapıldı
100679,Bursa,Bireysel,1965.0,2019-02-23,Çağrı Merkezi,Aktif,Memnuniyet araması
102147,Ankara,Bireysel,1962.0,2017-02-16,Mobil Uygulama,Aktif,
100392,Antalya,Bireysel,1988.0,2020-10-17,Çağrı Merkezi,Aktif,Memnuniyet araması
102515,İstanbul,Bireysel,1977.0,2018-11-28,Bayi,Aktif,
102806,İstanbul,Bireysel,1977.0,2017-11-04,Web,Aktif,
102890,Bursa,Bireysel,1989.0,2017-01-05,Web,Aktif,Randevu hatırlatması yapıldı
103711,Bursa,Bireysel,1991.0,2020-04-20,Bayi,Aktif,Memnuniyet araması
104159,Ankara,Bireysel,1986.0,2018-11-13,Mobil Uygulama,Aktif,
102750,İzmir,Bireysel,2004.0,2016-03-08,Bayi,Aktif,
101762,İstanbul,Bireysel,1981.0,2018-05-07,Çağrı Merkezi,Aktif,
101609,İstanbul,Bireysel,1962.0,2020-09-26,Çağrı Merkezi,Kaybedildi,Başka servise geçti
102419,Adana,Kurumsal,1976.0,2017-01-17,Bayi,Aktif,Memnuniyet araması
101527,İstanbul,Bireysel,1965.0,2016-06-21,Web,Aktif,
101126,İzmir,Bireysel,1962.0,2017-03-17,Çağrı Merkezi,Kaybedildi,
102788,Bursa,Bireysel,1973.0,2021-04-14,Web,Aktif,Randevu hatırlatması yapıldı
103587,Ankara,Bireysel,1962.0,2020-07-11,Bayi,Pasif,Memnuniyet araması
101106,Ankara,Bireysel,1958.0,2019-08-02,Bayi,Aktif,
102016,Antalya,Bireysel,1984.0,2020-08-04,Bayi,Aktif,Kampanya bilgilendirmesi
100413,İstanbul,Bireysel,1984.0,2021-08-27,Bayi,Aktif,Randevu hatırlatması yapıldı
103232,Antalya,Kurumsal,1972.0,2017-11-14,Çağrı Merkezi,Aktif,Kampanya bilgilendirmesi
103631,İstanbul,Bireysel,1987.0,2018-04-13,Bayi,Aktif,
101992,İstanbul,Bireysel,1962.0,2018-11-28,Bayi,Pasif,Randevu hatırlatması yapıldı
102652,Bursa,Bireysel,1987.0,2016-05-11,Web,Aktif,
103044,Adana,Bireysel,1955.0,2020-08-25,Bayi,Aktif,Kampanya bilgilendirmesi
102306,İzmir,Bireysel,1983.0,2018-01-20,Bayi,Aktif,Kampanya bilgilendirmesi
102772,İstanbul,Kurumsal,2021.0,2018-10-23,Web,Aktif,Randevu hatırlatması yapıldı
100604,Bursa,Bireysel,2003.0,2020-10-16,Bayi,Aktif,
104090,İstanbul,Bireysel,1987.0,2020-10-22,Bayi,Aktif,
103654,İstanbul,Bireysel,1961.0,2018-09-21,Bayi,Aktif,
102659,Antalya,Bireysel,1992.0,2019-01-13,Web,Aktif,Randevu hatırlatması yapıldı
102778,İstanbul,Bireysel,1967.0,2020-06-15,Bayi,Aktif,
100150,İstanbul,Bireysel,1979.0,2020-05-30,Web,Aktif,Randevu hatırlatması yapıldı
100948,Ankara,Bireysel,2004.0,2021-10-30,Bayi,Aktif,Kampanya bilgilendirmesi
103993,İstanbul,Bireysel,1997.0,2020-09-21,Bayi,Aktif,Randevu hatırlatması yapıldı
100228,Bursa,Bireysel,,2019-03-30,Bayi,Kaybedildi,Başka servise geçti
102669,ANKARA,Bireysel,1992.0,2020-09-21,Web,Aktif,
100803,İstanbul,Bireysel,1972.0,2020-02-06,Bayi,Aktif,Kampanya bilgilendirmesi
100127,Ankara,Bireysel,1973.0,2018-03-07,Bayi,Aktif,
101005,Antalya,Bireysel,,2018-10-03,Bayi,Aktif,Memnuniyet araması
102883,İstanbul,Bireysel,2002.0,2017-04-07,Çağrı Merkezi,Aktif,Randevu hatırlatması yapıldı
101171,Ankara,Bireysel,2000.0,2017-06-18,Bayi,Aktif,
101030,Ankara,Bireysel,2004.0,2016-12-14,Bayi,Aktif,
104068,Antalya,Bireysel,1965.0,2017-05-01,Mobil Uygulama,Pasif,Randevu hatırlatması yapıldı
101713,İstanbul,Bireysel,2004.0,2020-04-25,Web,Aktif,Memnuniyet araması
102780,İstanbul,Bireysel,1972.0,2021-02-20,Bayi,Pasif,Kampanya bilgilendirmesi
101035,Bursa,Bireysel,2004.0,2016-01-07,Bayi,Aktif,
101168,Ankara,Kurumsal,1997.0,2020-01-14,Web,Kaybedildi,İlgilenmiyor
100364,Ankara,Bireysel,1985.0,2020-03-01,Bayi,Aktif,Memnuniyet araması
103731,İzmir,Kurumsal,2004.0,2018-09-10,Web,Kaybedildi,Araç satıldı
102423,Ankara,Bireysel,1963.0,2019-10-23,Bayi,Aktif,Memnuniyet araması
101277,İstanbul,Kurumsal,1955.0,2018-11-03,Bayi,Aktif,Randevu hatırlatması yapıldı
103030,İstanbul,Bireysel,1993.0,2016-12-07,Mobil Uygulama,Aktif,
101804,Antalya,Bireysel,1965.0,2017-02-12,Bayi,Kaybedildi,
100330,Ankara,Bireysel,1982.0,2017-06-29,Bayi,Aktif,Memnuniyet araması
103846,Bursa,Bireysel,1977.0,2021-10-29,Bayi,Aktif,
101097,Bursa,Bireysel,1983.0,2020-09-16,Bayi,Aktif,Kampanya bilgilendirmesi
103258,İzmir,Bireysel,2004.0,2018-04-15,Bayi,Aktif,Randevu hatırlatması yapıldı
100570,İstanbul,Bireysel,1979.0,2020-08-20,Web,Aktif,
102531,İstanbul,Bireysel,1968.0,2016-03-04,Çağrı Merkezi,Aktif,Kampanya bilgilendirmesi
102759,Antalya,Bireysel,1964.0,2017-12-31,Bayi,Kaybedildi,Ulaşılamadı
103582,BURSA,Bireysel,1993.0,2016-04-19,Bayi,Aktif,Kampanya bilgilendirmesi
100590,Bursa,Bireysel,1958.0,2021-05-12,Bayi,Pasif,Kampanya bilgilendirmesi
100221,ankara,Bireysel,1968.0,2020-12-20,Çağrı Merkezi,Pasif,Araç satıldı
101119,ADANA,Bireysel,1982.0,2016-01-16,Mobil Uygulama,Aktif,
102958,İstanbul,Bireysel,1968.0,2021-05-27,Çağrı Merkezi,Aktif,
102724,Ankara,Bireysel,,2018-12-15,Bayi,Aktif,
103855,İstanbul,Bireysel,1961.0,2017-06-22,Çağrı Merkezi,Aktif,Memnuniyet araması
102244,Kocaeli,Bireysel,,2018-11-11,Bayi,Aktif,Memnuniyet araması
101704,Bursa,Bireysel,1979.0,2019-11-19,Web,Aktif,Randevu hatırlatması yapıldı
102188,Bursa,Kurumsal,1959.0,2020-02-20,Bayi,Aktif,Randevu hatırlatması yapıldı
101270,İstanbul,Bireysel,1982.0,2019-04-14,Bayi,Aktif,Randevu hatırlatması yapıldı
101111,İzmir,Bireysel,1994.0,2020-06-25,Bayi,Aktif,Randevu hatırlatması yapıldı
102334,Bursa,Bireysel,1986.0,2017-09-25,Bayi,Pasif,Başka servise geçti
102074,İzmir,Bireysel,1977.0,2017-09-19,Bayi,Aktif,Kampanya bilgilendirmesi
102842,Bursa,Bireysel,1973.0,2019-08-14,Bayi,Aktif,Randevu hatırlatması yapıldı
100132,İstanbul,Bireysel,1983.0,2021-07-23,Mobil Uygulama,Aktif,Kampanya bilgilendirmesi
101699,Ankara,Bireysel,1991.0,2020-11-30,Bayi,Kaybedildi,İlgilenmiyor
103831,Ankara,Bireysel,1961.0,2019-03-03,Mobil Uygulama,Aktif,Memnuniyet araması
101322,İzmir,Bireysel,1986.0,2021-05-09,Mobil Uygulama,Pasif,
103840,Ankara,Bireysel,,2021-10-17,Bayi,Aktif,Randevu hatırlatması yapıldı
101233,Antalya,Bireysel,1990.0,2020-11-03,Web,Kaybedildi,
102856,Kocaeli,Bireysel,2000.0,2020-04-28,Bayi,Aktif,Memnuniyet araması
103216,Kocaeli,Kurumsal,1974.0,2018-02-14,Web,Aktif,
101510,İzmir,Bireysel,1992.0,2017-11-06,Bayi,Aktif,Memnuniyet araması
103735,İzmir,Bireysel,,2018-12-12,Bayi,Aktif,Randevu hatırlatması yapıldı
104079,Bursa,Kurumsal,1968.0,2020-03-16,Bayi,Pasif,Memnuniyet araması
101063,İstanbul,Bireysel,1962.0,2021-11-29,Çağrı Merkezi,Pasif,Ulaşılamadı
100577,Ankara,Bireysel,1999.0,2016-07-26,Web,Kaybedildi,
102917,Antalya,Kurumsal,2002.0,2020-09-28,Bayi,Aktif,
100109,Ankara,Bireysel,1975.0,2020-11-28,Web,Aktif,Memnuniyet araması
104021,İstanbul,Kurumsal,1967.0,2018-03-22,Bayi,Aktif,
102943,İstanbul,Bireysel,1998.0,2019-01-24,Web,Aktif,Memnuniyet araması
103414,Antalya,Kurumsal,,2018-06-04,Bayi,Aktif,Kampanya bilgilendirmesi
103292,İstanbul,Bireysel,,2016-10-31,Web,Aktif,Randevu hatırlatması yapıldı
101936,Ankara,Bireysel,1986.0,2019-07-02,Bayi,Aktif,Randevu hatırlatması yapıldı
103721,İzmir,Kurumsal,2004.0,2017-03-16,Bayi,Aktif,Memnuniyet araması
102969,İstanbul,Bireysel,1973.0,2021-08-26,Bayi,Aktif,Randevu hatırlatması yapıldı
101576,Adana,Bireysel,1977.0,2021-02-12,Bayi,Aktif,
101689,İstanbul,Bireysel,1997.0,2016-06-13,Bayi,Aktif,Memnuniyet araması
100576,Bursa,Bireysel,1981.0,2017-03-13,Çağrı Merkezi,Aktif,Memnuniyet araması
103914,İzmir,Bireysel,1957.0,2018-12-10,Bayi,Aktif,Memnuniyet araması
100595,İstanbul,Bireysel,1980.0,2020-06-03,Bayi,Aktif,Kampanya bilgilendirmesi
102066,Ankara,Bireysel,1991.0,2018-05-15,Web,Pasif,Memnuniyet araması
100074,İstanbul,Bireysel,1980.0,2021-07-28,Bayi,Aktif,Memnuniyet araması
101953,İstanbul,Bireysel,1961.0,2021-12-17,Bayi,Kaybedildi,Başka servise geçti
103082,Ankara,Bireysel,1982.0,2020-12-22,Çağrı Merkezi,Aktif,
100285,ankara,Kurumsal,2000.0,2018-04-01,Bayi,Aktif,Randevu hatırlatması yapıldı
102924,İstanbul,Bireysel,2000.0,2018-07-11,Bayi,Aktif,
101831,İstanbul,Kurumsal,1959.0,2017-01-31,Bayi,Aktif,Randevu hatırlatması yapıldı
100669,Ankara,Kurumsal,1987.0,2016-01-16,Bayi,Aktif,Kampanya bilgilendirmesi
102845,İstanbul,Bireysel,1993.0,2020-02-27,Bayi,Aktif,Randevu hatırlatması yapıldı
102069,ANTALYA,Bireysel,2001.0,2021-03-03,Bayi,Aktif,Randevu hatırlatması yapıldı
101514,Ankara,Bireysel,1959.0,2021-04-05,Bayi,Aktif,
101779,Kocaeli,Bireysel,1998.0,2016-05-21,Mobil Uygulama,Aktif,
101298,Adana,Bireysel,1965.0,2017-04-26,Web,Aktif,Memnuniyet araması
100171,Kocaeli,Bireysel,1978.0,2017-05-12,Bayi,Kaybedildi,Araç satıldı
102650,İstanbul,Kurumsal,1958.0,2016-06-18,Bayi,Aktif,Kampanya bilgilendirmesi
100013,İstanbul,Bireysel,1990.0,2016-07-30,Web,Aktif,
101263,İstanbul,Bireysel,1966.0,2018-10-05,Web,Kaybedildi,Başka servise geçti
104061,İstanbul,Bireysel,1955.0,2019-11-21,Bayi,Kaybedildi,
101434,Kocaeli,Kurumsal,1979.0,2019-08-30,Bayi,Aktif,Memnuniyet araması
102009,Bursa,Bireysel,1983.0,2018-01-12,Çağrı Merkezi,Aktif,Randevu hatırlatması yapıldı
100296,Bursa,Bireysel,1980.0,2019-02-20,Çağrı Merkezi,Kaybedildi,İlgilenmiyor
101694,İstanbul,Bireysel,1986.0,2021-06-10,Web,Aktif,Randevu hatırlatması yapıldı
104133,Ankara,Bireysel,1967.0,2018-02-25,Bayi,Aktif,Memnuniyet araması
100112,Antalya,Bireysel,1986.0,2019-02-20,Bayi,Aktif,
100151,İzmir,Bireysel,1986.0,2020-09-10,Bayi,Kaybedildi,
103707,Ankara,Bireysel,2003.0,2019-04-27,Çağrı Merkezi,Aktif,Kampanya bilgilendirmesi
101950,Bursa,Kurumsal,1974.0,2016-09-24,Bayi,Aktif,Randevu hatırlatması yapıldı
101802,Bursa,Bireysel,1992.0,2019-06-11,Bayi,Aktif,Randevu hatırlatması yapıldı
104013,Kocaeli,Bireysel,1998.0,2016-10-18,Mobil Uygulama,Aktif,
104040,İstanbul,Bireysel,1999.0,2016-06-30,Web,Aktif,
102519,İstanbul,Kurumsal,1994.0,2021-07-13,Web,Aktif,
100448,İstanbul,Kurumsal,1956.0,2021-03-28,Mobil Uygulama,Aktif,
104024,Bursa,Bireysel,1986.0,2018-12-21,Web,Aktif,Memnuniyet araması
103398,Ankara,Kurumsal,1997.0,2018-02-08,Web,Aktif,Memnuniyet araması
102060,Ankara,Kurumsal,1986.0,2017-02-09,Bayi,Aktif,
102840,Antalya,Bireysel,1984.0,2021-07-12,Çağrı Merkezi,Aktif,Kampanya bilgilendirmesi
102984,İzmir,Kurumsal,1977.0,2021-04-13,Çağrı Merkezi,Aktif,Memnuniyet araması
102098,İstanbul,Kurumsal,1965.0,2021-07-18,Bayi,Aktif,Randevu hatırlatması yapıldı
102127,Adana,Bireysel,1958.0,2020-04-24,Bayi,Aktif,Memnuniyet araması
101276,Bursa,Bireysel,1994.0,2019-10-12,Bayi,Aktif,Memnuniyet araması
100226,Bursa,Kurumsal,1971.0,2019-06-22,Bayi,Aktif,Kampanya bilgilendirmesi
102732,İstanbul,Bireysel,1988.0,2016-03-22,Bayi,Kaybedildi,
103967,ankara,Kurumsal,1975.0,2018-05-26,Bayi,Aktif,
101839,İstanbul,Kurumsal,,2017-01-31,Bayi,Aktif,Kampanya bilgilendirmesi
102371,İstanbul,Bireysel,1981.0,2019-12-04,Web,Aktif,Memnuniyet araması
104106,Adana,Bireysel,1960.0,2017-03-05,Bayi,Aktif,Memnuniyet araması
100885,İstanbul,Bireysel,1985.0,2016-04-26,Mobil Uygulama,Kaybedildi,İlgilenmiyor
101316,Bursa,Bireysel,1967.0,2018-01-09,Web,Aktif,Randevu hatırlatması yapıldı
104093,istanbul,Bireysel,1991.0,2018-05-10,Bayi,Aktif,
100953,İzmir,Bireysel,1983.0,2017-02-05,Web,Aktif,Kampanya bilgilendirmesi
103195,İstanbul,Bireysel,1998.0,2020-01-22,Mobil Uygulama,Kaybedildi,İlgilenmiyor
102182,İstanbul,Bireysel,1988.0,2017-03-20,Mobil Uygulama,Kaybedildi,Başka servise geçti
100750,İzmir,Bireysel,1989.0,2020-05-28,Bayi,Aktif,Kampanya bilgilendirmesi
101007,İstanbul,Bireysel,2004.0,2016-02-08,Çağrı Merkezi,Aktif,
101014,Ankara,Bireysel,1971.0,2020-03-21,Bayi,Aktif,Randevu hatırlatması yapıldı
102482,İstanbul,Bireysel,1956.0,2016-10-06,Mobil Uygulama,Aktif,
102075,Ankara,Kurumsal,1997.0,2020-10-11,Bayi,Aktif,Memnuniyet araması
101995,Antalya,Bireysel,1994.0,2018-10-31,Bayi,Aktif,Kampanya bilgilendirmesi
104153,İstanbul,Bireysel,1960.0,2019-08-15,Mobil Uygulama,Pasif,
100255,BURSA,Bireysel,,2018-04-14,Çağrı Merkezi,Aktif,Randevu hatırlatması yapıldı
101565,İstanbul,Bireysel,1996.0,2020-11-11,Bayi,Aktif,Kampanya bilgilendirmesi
100427,Ankara,Kurumsal,2000.0,2020-07-26,Çağrı Merkezi,Aktif,Randevu hatırlatması yapıldı
100176,İstanbul,Bireysel,1999.0,2018-05-04,Bayi,Aktif,Kampanya bilgilendirmesi
102193,Antalya,Bireysel,1990.0,2017-01-14,Çağrı Merkezi,Aktif,Kampanya bilgilendirmesi
100395,İstanbul,Bireysel,2001.0,2019-08-07,Web,Aktif,Memnuniyet araması
102622,Ankara,Kurumsal,2001.0,2020-05-02,Çağrı Merkezi,Aktif,Memnuniyet araması
100422,İstanbul,Bireysel,1986.0,2021-11-23,Web,Aktif,Randevu hatırlatması yapıldı
102676,Antalya,Bireysel,1963.0,2018-10-18,Web,Aktif,Kampanya bilgilendirmesi
103911,Antalya,Bireysel,1963.0,2019-02-07,Bayi,Aktif,
101009,İstanbul,Bireysel,1971.0,2016-04-07,Bayi,Aktif,Memnuniyet araması
101759,Ankara,Bireysel,1980.0,2021-08-02,Bayi,Aktif,Kampanya bilgilendirmesi
102236,İstanbul,Bireysel,1962.0,2020-12-14,Web,Kaybedildi,Ulaşılamadı
103522,IZMIR,Bireysel,1965.0,2016-09-24,Web,Aktif,
102403,Ankara,Kurumsal,,2019-10-09,Web,Aktif,
101344,İstanbul,Bireysel,1983.0,2021-08-23,Bayi,Kaybedildi,Ulaşılamadı
100666,İstanbul,Bireysel,2021.0,2021-04-21,Web,Aktif,Kampanya bilgilendirmesi
103614,Ankara,Bireysel,1959.0,2020-07-22,Bayi,Pasif,
103635,İstanbul,Bireysel,1995.0,2018-02-16,Bayi,Aktif,Memnuniyet araması
100704,İstanbul,Bireysel,1982.0,2020-01-05,Bayi,Kaybedildi,
103583,İstanbul,Bireysel,1962.0,2019-05-10,Bayi,Aktif,
101412,İstanbul,Bireysel,1981.0,2020-07-07,Çağrı Merkezi,Aktif,Kampanya bilgilendirmesi
101806,İstanbul,Kurumsal,1998.0,2020-01-26,Bayi,Aktif,
103568,İstanbul,Bireysel,1996.0,2020-08-30,Bayi,Pasif,Başka servise geçti
104160,İzmir,Bireysel,1985.0,2017-08-27,Mobil Uygulama,Aktif,Memnuniyet araması
101658,İstanbul,Bireysel,1986.0,2021-03-25,Bayi,Aktif,
102897,İzmir,Bireysel,1996.0,2020-07-25,Bayi,Aktif,Randevu hatırlatması yapıldı
103940,Bursa,Bireysel,2004.0,2020-07-08,Bayi,Aktif,Kampanya bilgilendirmesi
102468,Izmir,Bireysel,1982.0,2018-07-05,Bayi,Aktif,Randevu hatırlatması yapıldı
103493,Antalya,Bireysel,,2017-08-26,Çağrı Merkezi,Aktif,Kampanya bilgilendirmesi
103284,Ankara,Kurumsal,1979.0,2019-01-09,Çağrı Merkezi,Aktif,
100789,Ankara,Bireysel,1985.0,2016-05-04,Web,Aktif,
102525,İstanbul,Kurumsal,1969.0,2016-01-13,Web,Aktif,Memnuniyet araması
101290,Bursa,Kurumsal,1987.0,2018-07-18,Çağrı Merkezi,Pasif,Araç satıldı
102510,Antalya,Kurumsal,1965.0,2018-08-10,Çağrı Merkezi,Aktif,Randevu hatırlatması yapıldı
103646,İstanbul,Bireysel,1994.0,2016-02-07,Bayi,Aktif,Memnuniyet araması
103733,İstanbul,Kurumsal,2021.0,2021-05-08,Web,Aktif,
102527,Adana,Bireysel,1957.0,2017-03-13,Bayi,Pasif,Araç satıldı
100007,Kocaeli,Kurumsal,2004.0,2020-06-05,Bayi,Aktif,Randevu hatırlatması yapıldı
101445,Ankara,Bireysel,1961.0,2021-10-08,Çağrı Merkezi,Aktif,
101738,Istanbul,Bireysel,1978.0,2019-01-30,Bayi,Aktif,Randevu hatırlatması yapıldı
102167,İstanbul,Bireysel,1965.0,2017-09-06,Mobil Uygulama,Aktif,Randevu hatırlatması yapıldı
100298,Ankara,Bireysel,2001.0,2020-10-21,Web,Pasif,
101706,İstanbul,Bireysel,1956.0,2019-07-26,Bayi,Aktif,
101117,İstanbul,Bireysel,1992.0,2021-06-08,Web,Aktif,
103623,İstanbul,Bireysel,1992.0,2016-01-17,Bayi,Aktif,Kampanya bilgilendirmesi
103753,Bursa,Bireysel,1994.0,2017-03-15,Bayi,Kaybedildi,Başka servise geçti
100612,Bursa,Bireysel,1994.0,2019-11-25,Bayi,Aktif,
102446,Bursa,Bireysel,1965.0,2020-12-31,Bayi,Kaybedildi,Başka servise geçti
103166,Ankara,Kurumsal,2003.0,2021-08-29,Web,Kaybedildi,Araç satıldı
101933,İstanbul,Bireysel,1983.0,2016-10-17,Çağrı Merkezi,Aktif,Randevu hatırlatması yapıldı
101073,İstanbul,Kurumsal,1964.0,2019-06-03,Bayi,Aktif,Kampanya bilgilendirmesi
103893,İstanbul,Bireysel,1958.0,2017-06-10,Bayi,Aktif,Kampanya bilgilendirmesi
103340,Bursa,Bireysel,,2020-11-16,Bayi,Kaybedildi,Araç satıldı
100468,Ankara,Bireysel,1973.0,2018-05-15,Bayi,Aktif,
102025,Adana,Bireysel,1981.0,2017-08-15,Bayi,Kaybedildi,Başka servise geçti
103908,istanbul,Kurumsal,1968.0,2019-11-04,Bayi,Aktif,
102448,Antalya,Bireysel,2004.0,2017-04-29,Bayi,Aktif,Randevu hatırlatması yapıldı
103788,İzmir,Bireysel,,2020-11-19,Web,Aktif,
100816,Ankara,Bireysel,1988.0,2016-12-10,Bayi,Aktif,
101543,İstanbul,Bireysel,1983.0,2019-11-25,Bayi,Aktif,Randevu hatırlatması yapıldı
102252,Ankara,Bireysel,1985.0,2016-11-16,Mobil Uygulama,Aktif,Kampanya bilgilendirmesi
103922,Antalya,Bireysel,1965.0,2021-06-14,Mobil Uygulama,Aktif,
103740,Adana,Bireysel,1993.0,2016-09-09,Bayi,Aktif,Kampanya bilgilendirmesi
101318,Adana,Bireysel,1998.0,2016-10-04,Bayi,Pasif,Randevu hatırlatması yapıldı
102405,Kocaeli,Bireysel,2003.0,2021-08-13,Bayi,Aktif,Randevu hatırlatması yapıldı
101384,İstanbul,Kurumsal,1968.0,2018-09-18,Mobil Uygulama,Aktif,Randevu hatırlatması yapıldı
102718,Adana,Bireysel,1997.0,2017-10-04,Bayi,Aktif,Kampanya bilgilendirmesi
102986,İstanbul,Bireysel,1976.0,2016-12-25,Bayi,Kaybedildi,Başka servise geçti
100558,Antalya,Bireysel,1992.0,2020-10-11,Bayi,Aktif,Kampanya bilgilendirmesi
102657,İstanbul,Bireysel,2003.0,2020-01-10,Bayi,Aktif,
101401,İzmir,Bireysel,1966.0,2017-01-04,Mobil Uygulama,Kaybedildi,İlgilenmiyor
101534,Ankara,Kurumsal,1986.0,2017-05-29,Çağrı Merkezi,Aktif,
100524,İSTANBUL,Bireysel,1961.0,2019-10-06,Bayi,Kaybedildi,
100806,İstanbul,Bireysel,1956.0,2019-07-03,Bayi,Aktif,Kampanya bilgilendirmesi
100834,İstanbul,Bireysel,1972.0,2020-02-19,Bayi,Aktif,Memnuniyet araması
101487,İstanbul,Kurumsal,1992.0,2019-10-18,Mobil Uygulama,Aktif,Randevu hatırlatması yapıldı
104124,Adana,Bireysel,1981.0,2018-09-10,Bayi,Kaybedildi,Başka servise geçti
101440,Antalya,Bireysel,1977.0,2016-08-07,Bayi,Aktif,
101582,İstanbul,Bireysel,1979.0,2016-03-10,Web,Aktif,Memnuniyet araması
101037,İzmir,Bireysel,1967.0,2020-01-08,Bayi,Aktif,Randevu hatırlatması yapıldı
103760,Ankara,Bireysel,1965.0,2017-04-09,Çağrı Merkezi,Aktif,Kampanya bilgilendirmesi
103876,İstanbul,Bireysel,2004.0,2018-11-05,Web,Aktif,
101315,İstanbul,Bireysel,1995.0,2018-06-13,Çağrı Merkezi,Aktif,Memnuniyet araması
104036,İstanbul,Kurumsal,1984.0,2021-06-13,Çağrı Merkezi,Aktif,Randevu hatırlatması yapıldı
101878,İzmir,Kurumsal,1978.0,2017-08-15,Bayi,Aktif,Memnuniyet araması
101842,İstanbul,Kurumsal,1998.0,2018-01-06,Bayi,Aktif,Kampanya bilgilendirmesi
102851,İstanbul,Bireysel,1967.0,2017-01-26,Bayi,Pasif,Araç satıldı
100247,Ankara,Bireysel,1990.0,2020-05-21,Web,Kaybedildi,Ulaşılamadı
102103,İstanbul,Bireysel,1956.0,2016-05-09,Bayi,Aktif,
102805,Antalya,Kurumsal,1988.0,2019-04-22,Mobil Uygulama,Aktif,
103152,İstanbul,Bireysel,1965.0,2020-09-06,Mobil Uygulama,Aktif,
102881,İzmir,Bireysel,1979.0,2017-07-10,Web,Kaybedildi,Araç satıldı
101268,Antalya,Kurumsal,1998.0,2019-01-21,Bayi,Aktif,Kampanya bilgilendirmesi
101879,İstanbul,Kurumsal,1985.0,2018-01-14,Mobil Uygulama,Aktif,
102196,İstanbul,Bireysel,1957.0,2018-11-27,Web,Pasif,Memnuniyet araması
101130,Adana,Bireysel,1972.0,2017-08-07,Bayi,Aktif,
103819,Antalya,Kurumsal,1959.0,2021-08-09,Bayi,Aktif,
103752,Ankara,Bireysel,1979.0,2021-05-26,Çağrı Merkezi,Aktif,
101819,İstanbul,Bireysel,1989.0,2016-04-19,Bayi,Aktif,Kampanya bilgilendirmesi
103289,İzmir,Bireysel,1959.0,2017-12-25,Bayi,Kaybedildi,Başka servise geçti
103037,Antalya,Bireysel,1964.0,2018-01-27,Bayi,Aktif,
101395,İzmir,Bireysel,1998.0,2018-04-21,Mobil Uygulama,Aktif,
104148,Kocaeli,Kurumsal,1960.0,2019-10-03,Bayi,Kaybedildi,Başka servise geçti
102232,İstanbul,Bireysel,1960.0,2020-02-04,Bayi,Pasif,
100476,Bursa,Bireysel,1959.0,2018-03-13,Web,Aktif,Randevu hatırlatması yapıldı
101459,Kocaeli,Bireysel,1976.0,2021-02-23,Mobil Uygulama,Aktif,Kampanya bilgilendirmesi
102465,İzmir,Bireysel,1968.0,2021-10-07,Web,Aktif,
100638,Kocaeli,Bireysel,1977.0,2017-11-18,Bayi,Pasif,Randevu hatırlatması yapıldı
101970,İstanbul,Bireysel,1964.0,2021-07-24,Bayi,Aktif,
102061,Ankara,Bireysel,1983.0,2016-08-22,Bayi,Pasif,Kampanya bilgilendirmesi
101560,Bursa,Bireysel,2000.0,2018-05-17,Bayi,Aktif,
100545,İstanbul,Kurumsal,1979.0,2020-04-25,Çağrı Merkezi,Aktif,
102808,Ankara,Kurumsal,1960.0,2021-04-16,Web,Aktif,
100744,Adana,Kurumsal,1991.0,2020-02-29,Bayi,Aktif,Kampanya bilgilendirmesi
104199,İstanbul,Bireysel,1976.0,2017-04-06,Web,Kaybedildi,Araç satıldı
101676,İstanbul,Bireysel,1984.0,2019-11-15,Web,Aktif,Randevu hatırlatması yapıldı
102082,ankara,Bireysel,1988.0,2021-06-03,Bayi,Kaybedildi,Araç satıldı
100581,Ankara,Bireysel,1978.0,2016-05-12,Bayi,Kaybedildi,İlgilenmiyor
102836,Adana,Bireysel,1985.0,2020-03-28,Bayi,Aktif,Kampanya bilgilendirmesi
103672,İstanbul,Bireysel,1975.0,2018-10-18,Bayi,Aktif,
103519,İzmir,Bireysel,1956.0,2020-05-16,Bayi,Aktif,Kampanya bilgilendirmesi
100740,Adana,Bireysel,1955.0,2017-08-06,Web,Aktif,
102843,İstanbul,Bireysel,1972.0,2017-03-07,Bayi,Aktif,
103647,İstanbul,Bireysel,1976.0,2021-02-15,Çağrı Merkezi,Kaybedildi,
102769,İstanbul,Bireysel,1982.0,2016-11-30,Çağrı Merkezi,Aktif,Randevu hatırlatması yapıldı
101330,İstanbul,Kurumsal,2002.0,2017-05-11,Web,Aktif,Randevu hatırlatması yapıldı
104069,İstanbul,Bireysel,1975.0,2017-06-21,Mobil Uygulama,Kaybedildi,Başka servise geçti
101542,Antalya,Bireysel,1956.0,2018-12-16,Web,Aktif,Memnuniyet araması
104128,Antalya,Bireysel,1976.0,2016-06-12,Mobil Uygulama,Aktif,
101040,İstanbul,Bireysel,1984.0,2016-01-15,Mobil Uygulama,Aktif,Kampanya bilgilendirmesi
103465,İstanbul,Bireysel,1983.0,2019-09-26,Çağrı Merkezi,Aktif,
103420,Bursa,Bireysel,1956.0,2017-03-17,Çağrı Merkezi,Aktif,Kampanya bilgilendirmesi
103608,Ankara,Bireysel,1988.0,2021-12-18,Bayi,Kaybedildi,Başka servise geçti
103833,Bursa,Bireysel,2001.0,2019-07-15,Bayi,Aktif,
100449,İstanbul,Bireysel,1971.0,2021-01-05,Çağrı Merkezi,Aktif,Kampanya bilgilendirmesi
103106,İstanbul,Bireysel,1985.0,2018-05-15,Mobil Uygulama,Aktif,Randevu hatırlatması yapıldı
103787,Ankara,Kurumsal,1984.0,2016-10-21,Bayi,Aktif,Randevu hatırlatması yapıldı
100826,İstanbul,Bireysel,1968.0,2016-10-29,Bayi,Kaybedildi,Başka servise geçti
101921,İstanbul,Bireysel,1980.0,2017-07-19,Bayi,Aktif,Memnuniyet araması
102920,İstanbul,Bireysel,1991.0,2017-01-19,Bayi,Aktif,
101280,Ankara,Kurumsal,1985.0,2019-12-03,Bayi,Aktif,Memnuniyet araması
103265,İstanbul,Bireysel,1980.0,2017-11-22,Web,Aktif,
101654,Bursa,Bireysel,1964.0,2021-09-17,Bayi,Aktif,Memnuniyet araması
103759,İstanbul,Bireysel,1973.0,2020-07-28,Bayi,Aktif,
103426,İstanbul,Kurumsal,1955.0,2017-10-08,Bayi,Aktif,Kampanya bilgilendirmesi
101251,İstanbul,Bireysel,1984.0,2016-01-28,Çağrı Merkezi,Pasif,Kampanya bilgilendirmesi
100367,Ankara,Bireysel,2004.0,2022-01-01,Web,Aktif,Randevu hatırlatması yapıldı
100473,Ankara,Bireysel,1973.0,2016-02-02,Web,Aktif,
103746,Ankara,Bireysel,2001.0,2020-09-04,Bayi,Kaybedildi,İlgilenmiyor
103189,İstanbul,Bireysel,1986.0,2016-04-07,Web,Aktif,Kampanya bilgilendirmesi
101844,Antalya,Kurumsal,1974.0,2018-03-27,Bayi,Kaybedildi,Başka servise geçti
100736,İstanbul,Bireysel,1973.0,2021-05-21,Web,Aktif,Kampanya bilgilendirmesi
101512,Ankara,Bireysel,,2021-09-08,Çağrı Merkezi,Aktif,Randevu hatırlatması yapıldı
102031,İstanbul,Bireysel,1965.0,2016-10-21,Web,Aktif,
102372,Bursa,Kurumsal,1978.0,2020-08-20,Mobil Uygulama,Aktif,Randevu hatırlatması yapıldı
100377,Ankara,Kurumsal,1956.0,2016-02-20,Web,Aktif,
102530,İzmir,Kurumsal,1989.0,2021-12-23,Web,Aktif,
102083,KOCAELİ,Bireysel,1994.0,2017-04-15,Bayi,Aktif,
100856,istanbul,Bireysel,1989.0,2016-04-18,Web,Aktif,Memnuniyet araması
101342,Kocaeli,Bireysel,1998.0,2021-09-01,Bayi,Aktif,
103128,İstanbul,Bireysel,1965.0,2017-04-14,Bayi,Aktif,
102597,İSTANBUL,Bireysel,2000.0,2019-06-29,Çağrı Merkezi,Aktif,Kampanya bilgilendirmesi
101164,Antalya,Bireysel,1975.0,2016-11-27,Bayi,Aktif,
101336,İstanbul,Bireysel,1964.0,2017-04-03,Bayi,Kaybedildi,Ulaşılamadı
102553,İstanbul,Bireysel,1970.0,2018-03-17,Web,Aktif,Kampanya bilgilendirmesi
103365,Bursa,Kurumsal,1975.0,2021-08-29,Çağrı Merkezi,Aktif,
100518,Ankara,Bireysel,1962.0,2017-07-07,Bayi,Aktif,Memnuniyet araması
102310,İzmir,Bireysel,1965.0,2017-10-30,Çağrı Merkezi,Kaybedildi,Ulaşılamadı
101462,Kocaeli,Bireysel,1982.0,2019-08-26,Web,Aktif,
101204,Kocaeli,Bireysel,1981.0,2021-08-21,Çağrı Merkezi,Aktif,
100231,Ankara,Bireysel,1959.0,2021-10-20,Bayi,Kaybedildi,Ulaşılamadı
103076,İstanbul,Bireysel,1989.0,2018-12-03,Web,Aktif,Randevu hatırlatması yapıldı
103503,İzmir,Kurumsal,1978.0,2021-08-29,Bayi,Aktif,Memnuniyet araması
102683,İstanbul,Bireysel,2003.0,2017-01-16,Bayi,Kaybedildi,İlgilenmiyor
103719,İzmir,Bireysel,1985.0,2016-04-12,Bayi,Aktif,
103170,İzmir,Bireysel,1961.0,2017-03-11,Web,Pasif,Kampanya bilgilendirmesi
100182,İzmir,Kurumsal,2000.0,2020-11-07,Çağrı Merkezi,Aktif,
100010,İstanbul,Kurumsal,1982.0,2020-09-15,Bayi,Aktif,
103004,İzmir,Bireysel,1992.0,2021-06-10,Bayi,Aktif,Kampanya bilgilendirmesi
100979,İzmir,Bireysel,1987.0,2017-11-02,Web,Aktif,
101935,Bursa,Kurumsal,1981.0,2021-07-31,Bayi,Aktif,Memnuniyet araması
100116,Adana,Bireysel,1959.0,2020-03-18,Bayi,Aktif,Randevu hatırlatması yapıldı
100859,İzmir,Bireysel,1972.0,2017-03-31,Web,Aktif,Randevu hatırlatması yapıldı
103010,İzmir,Bireysel,1981.0,2019-09-06,Bayi,Aktif,
102938,İstanbul,Kurumsal,1993.0,2016-12-24,Bayi,Aktif,
100759,İstanbul,Bireysel,1993.0,2019-01-16,Bayi,Aktif,
103944,İstanbul,Kurumsal,1971.0,2019-09-06,Bayi,Pasif,
101071,Ankara,Kurumsal,1999.0,2016-12-20,Çağrı Merkezi,Aktif,Kampanya bilgilendirmesi
100184,Kocaeli,Bireysel,1967.0,2021-05-20,Çağrı Merkezi,Aktif,Randevu hatırlatması yapıldı
103832,Bursa,Bireysel,1958.0,2019-02-27,Web,Aktif,
101772,Antalya,Bireysel,1959.0,2019-02-23,Web,Pasif,Başka servise geçti
102385,İzmir,Bireysel,1966.0,2020-07-18,Bayi,Kaybedildi,İlgilenmiyor
100768,İstanbul,Kurumsal,1986.0,2017-10-18,Bayi,Pasif,
100817,Ankara,Bireysel,,2019-06-02,Çağrı Merkezi,Kaybedildi,Araç satıldı
102818,Ankara,Bireysel,1976.0,2018-08-30,Çağrı Merkezi,Kaybedildi,Başka servise geçti
101016,İstanbul,Kurumsal,1979.0,2019-04-23,Bayi,Aktif,Kampanya bilgilendirmesi
100835,İzmir,Kurumsal,1976.0,2018-01-11,Bayi,Aktif,Kampanya bilgilendirmesi
100668,Antalya,Bireysel,1890.0,2019-06-16,Bayi,Aktif,Memnuniyet araması
101613,İzmir,Bireysel,1979.0,2020-12-21,Çağrı Merkezi,Pasif,
102779,İstanbul,Bireysel,1967.0,2019-03-01,Bayi,Kaybedildi,Başka servise geçti
100137,Ankara,Bireysel,2002.0,2016-04-19,Mobil Uygulama,Aktif,
103447,İstanbul,Bireysel,1981.0,2019-10-23,Çağrı Merkezi,Aktif,Randevu hatırlatması yapıldı
103022,Kocaeli,Bireysel,1960.0,2017-05-19,Bayi,Aktif,Kampanya bilgilendirmesi
104025,Antalya,Bireysel,1984.0,2019-03-28,Çağrı Merkezi,Aktif,Memnuniyet araması
102781,Ankara,Kurumsal,1974.0,2018-05-26,Web,Aktif,Kampanya bilgilendirmesi
102245,Ankara,Bireysel,1973.0,2020-08-06,Bayi,Pasif,Kampanya bilgilendirmesi
102715,İzmir,Kurumsal,1983.0,2016-12-24,Çağrı Merkezi,Aktif,Randevu hatırlatması yapıldı
103034,İstanbul,Bireysel,1977.0,2020-05-03,Çağrı Merkezi,Aktif,
101829,Adana,Bireysel,1964.0,2017-01-15,Bayi,Aktif,Kampanya bilgilendirmesi
100949,İstanbul,Bireysel,1956.0,2019-02-01,Bayi,Aktif,
103197,İstanbul,Bireysel,1983.0,2017-11-26,Bayi,Aktif,Randevu hatırlatması yapıldı
102729,İstanbul,Bireysel,1969.0,2017-04-09,Web,Kaybedildi,Başka servise geçti
103828,Antalya,Bireysel,1989.0,2016-11-11,Bayi,Aktif,Memnuniyet araması
103238,Adana,Bireysel,2003.0,2016-10-03,Bayi,Pasif,Memnuniyet araması
102941,İzmir,Bireysel,2002.0,2021-11-17,Bayi,Aktif,
101598,İstanbul,Bireysel,1959.0,2021-06-21,Bayi,Aktif,Memnuniyet araması
102496,İstanbul,Bireysel,2002.0,2020-10-29,Bayi,Aktif,Randevu hatırlatması yapıldı
101857,İstanbul,Bireysel,2002.0,2021-05-30,Çağrı Merkezi,Aktif,
102124,İzmir,Kurumsal,1956.0,2015-12-30,Bayi,Aktif,
101177,Ankara,Bireysel,1987.0,2018-09-16,Bayi,Aktif,Kampanya bilgilendirmesi
104129,İstanbul,Kurumsal,1962.0,2019-08-03,Bayi,Aktif,Kampanya bilgilendirmesi
102966,Kocaeli,Bireysel,1965.0,2019-12-11,Bayi,Aktif,Memnuniyet araması
101824,Ankara,Bireysel,1988.0,2021-06-23,Bayi,Kaybedildi,Başka servise geçti
103575,İstanbul,Bireysel,1984.0,2019-12-09,Bayi,Aktif,Randevu hatırlatması yapıldı
101900,İstanbul,Kurumsal,2003.0,2020-05-12,Bayi,Kaybedildi,Araç satıldı
101963,Ankara,Bireysel,1984.0,2017-02-14,Web,Aktif,
103533,İstanbul,Bireysel,1977.0,2016-09-30,Çağrı Merkezi,Aktif,Memnuniyet araması
101758,ankara,Kurumsal,1997.0,2019-06-19,Web,Aktif,
103902,İzmir,Bireysel,1961.0,2020-06-29,Bayi,Aktif,
102331,Bursa,Bireysel,1997.0,2021-12-07,Bayi,Pasif,
103630,istanbul,Bireysel,1966.0,2019-10-08,Çağrı Merkezi,Aktif,Randevu hatırlatması yapıldı
102518,Bursa,Bireysel,1998.0,2016-08-31,Bayi,Aktif,Randevu hatırlatması yapıldı
101913,Antalya,Bireysel,1970.0,2019-11-25,Çağrı Merkezi,Aktif,
101625,Ankara,Kurumsal,1979.0,2021-09-01,Bayi,Aktif,Memnuniyet araması
102872,İstanbul,Bireysel,1985.0,2017-10-17,Bayi,Pasif,
100447,İstanbul,Bireysel,1956.0,2020-01-25,Bayi,Aktif,Kampanya bilgilendirmesi
101065,İstanbul,Bireysel,1991.0,2017-08-15,Web,Aktif,Memnuniyet araması
101615,Ankara,Bireysel,1992.0,2020-07-14,Web,Aktif,Randevu hatırlatması yapıldı
104198,İstanbul,Bireysel,1986.0,2017-01-06,Bayi,Aktif,Memnuniyet araması
101949,İzmir,Bireysel,1995.0,2021-05-11,Bayi,Pasif,Randevu hatırlatması yapıldı
101791,İzmir,Bireysel,1958.0,2021-12-07,Web,Kaybedildi,Başka servise geçti
101455,Kocaeli,Bireysel,2004.0,2020-09-07,Bayi,Aktif,Randevu hatırlatması yapıldı
100696,İzmir,Bireysel,1987.0,2021-08-14,Çağrı Merkezi,Aktif,Memnuniyet araması
103070,Ankara,Bireysel,1998.0,2021-08-30,Bayi,Pasif,
100481,Bursa,Bireysel,1958.0,2018-05-20,Mobil Uygulama,Kaybedildi,Ulaşılamadı
101157,İstanbul,Bireysel,1998.0,2016-06-01,Mobil Uygulama,Aktif,Kampanya bilgilendirmesi
101941,İstanbul,Bireysel,1975.0,2017-08-18,Bayi,Aktif,Memnuniyet araması
101799,Kocaeli,Bireysel,1963.0,2016-12-03,Web,Aktif,
101021,İzmir,Bireysel,1980.0,2020-04-24,Bayi,Aktif,
101796,ANTALYA,Bireysel,2003.0,2018-06-19,Bayi,Aktif,
101372,Kocaeli,Bireysel,1995.0,2020-11-10,Bayi,Aktif,Memnuniyet araması
100233,Ankara,Bireysel,1979.0,2020-10-20,Web,Aktif,Randevu hatırlatması yapıldı
103569,Kocaeli,Bireysel,1969.0,2021-08-26,Bayi,Aktif,
101977,Ankara,Bireysel,1957.0,2018-10-26,Bayi,Aktif,
102239,Ankara,Bireysel,1986.0,2017-05-10,Bayi,Aktif,Kampanya bilgilendirmesi
101475,İstanbul,Kurumsal,1985.0,2021-05-12,Mobil Uygulama,Aktif,
101932,Adana,Bireysel,1993.0,2020-03-06,Bayi,Aktif,
100976,İstanbul,Bireysel,1986.0,2016-11-13,Bayi,Aktif,Memnuniyet araması
101562,Ankara,Bireysel,2021.0,2018-09-20,Çağrı Merkezi,Aktif,
103877,Kocaeli,Bireysel,1985.0,2018-02-16,Bayi,Aktif,Randevu hatırlatması yapıldı
100496,İzmir,Bireysel,2000.0,2021-05-28,Bayi,Aktif,Kampanya bilgilendirmesi
103090,Antalya,Bireysel,1968.0,2017-06-02,Bayi,Aktif,Kampanya bilgilendirmesi
103813,İstanbul,Bireysel,1957.0,2017-04-12,Çağrı Merkezi,Aktif,Randevu hatırlatması yapıldı
100851,İstanbul,Bireysel,1990.0,2016-09-04,Bayi,Aktif,Memnuniyet araması
102648,Adana,Bireysel,1969.0,2017-04-19,Bayi,Aktif,
102816,Adana,Kurumsal,1984.0,2018-05-19,Bayi,Aktif,Memnuniyet araması
100848,istanbul,Bireysel,1989.0,2017-11-30,Bayi,Aktif,Randevu hatırlatması yapıldı
100348,İzmir,Bireysel,1977.0,2019-09-29,Bayi,Aktif,Memnuniyet araması
102656,İzmir,Bireysel,1999.0,2016-06-23,Mobil Uygulama,Aktif,Memnuniyet araması
100930,İstanbul,Bireysel,1962.0,2017-12-09,Bayi,Aktif,
101287,İzmir,Kurumsal,1981.0,2019-05-17,Bayi,Aktif,Randevu hatırlatması yapıldı
103388,ADANA,Bireysel,1991.0,2016-07-11,Bayi,Aktif,
102375,İstanbul,Bireysel,1958.0,2017-01-21,Mobil Uygulama,Aktif,Randevu hatırlatması yapıldı
101792,İstanbul,Bireysel,1970.0,2017-11-02,Web,Aktif,
102431,İstanbul,Bireysel,1975.0,2019-10-21,Bayi,Kaybedildi,İlgilenmiyor
103696,Bursa,Bireysel,1959.0,2016-08-01,Bayi,Aktif,
102368,İzmir,Bireysel,1979.0,2020-05-31,Çağrı Merkezi,Aktif,
102099,izmir,Bireysel,1965.0,2016-09-29,Web,Aktif,
100522,Bursa,Bireysel,1988.0,2018-11-22,Çağrı Merkezi,Pasif,Memnuniyet araması
101987,ankara,Bireysel,1972.0,2021-07-30,Çağrı Merkezi,Pasif,İlgilenmiyor
103934,Antalya,Bireysel,1981.0,2018-01-19,Bayi,Aktif,Kampanya bilgilendirmesi
102566,İstanbul,Bireysel,1970.0,2021-05-02,Web,Aktif,Randevu hatırlatması yapıldı
100479,Ankara,Bireysel,2003.0,2017-11-06,Bayi,Aktif,Randevu hatırlatması yapıldı
101584,Ankara,Bireysel,1967.0,2018-05-06,Bayi,Aktif,Kampanya bilgilendirmesi
103737,İstanbul,Bireysel,1968.0,2019-11-08,Çağrı Merkezi,Aktif,
102256,Adana,Kurumsal,1977.0,2021-01-05,Web,Aktif,
103636,İstanbul,Kurumsal,1997.0,2021-11-26,Bayi,Pasif,Başka servise geçti
103371,İzmir,Kurumsal,1975.0,2019-03-17,Bayi,Kaybedildi,Araç satıldı
101865,Adana,Bireysel,1976.0,2021-04-17,Bayi,Pasif,Ulaşılamadı
103619,Ankara,Bireysel,1988.0,2018-02-09,Çağrı Merkezi,Aktif,
101532,İstanbul,Bireysel,1972.0,2018-11-02,Bayi,Aktif,Randevu hatırlatması yapıldı
100515,Ankara,Bireysel,1979.0,2017-11-17,Mobil Uygulama,Aktif,Memnuniyet araması
101000,İzmir,Kurumsal,1975.0,2017-12-13,Çağrı Merkezi,Aktif,Kampanya bilgilendirmesi
101655,İzmir,Bireysel,1979.0,2017-12-27,Bayi,Pasif,Başka servise geçti
102281,İSTANBUL,Kurumsal,1972.0,2019-06-15,Web,Kaybedildi,Ulaşılamadı
101817,İstanbul,Bireysel,,2020-01-07,Bayi,Pasif,Araç satıldı
102702,Ankara,Bireysel,1986.0,2016-10-28,Bayi,Aktif,Randevu hatırlatması yapıldı
102268,İstanbul,Bireysel,1993.0,2018-03-19,Mobil Uygulama,Aktif,Memnuniyet araması
103048,İstanbul,Kurumsal,2001.0,2020-01-08,Bayi,Pasif,
100691,İstanbul,Bireysel,1966.0,2021-03-24,Web,Kaybedildi,Başka servise geçti
100600,İstanbul,Bireysel,1988.0,2021-01-13,Bayi,Aktif,Randevu hatırlatması yapıldı
102173,İstanbul,Bireysel,1994.0,2019-04-13,Web,Aktif,
101547,İstanbul,Bireysel,1968.0,2018-08-11,Çağrı Merkezi,Aktif,Kampanya bilgilendirmesi
102012,İstanbul,Bireysel,1960.0,2020-02-22,Bayi,Aktif,Randevu hatırlatması yapıldı
103649,İstanbul,Bireysel,1989.0,2019-07-10,Çağrı Merkezi,Kaybedildi,
101939,Ankara,Bireysel,1962.0,2019-08-19,Çağrı Merkezi,Aktif,Kampanya bilgilendirmesi
100187,İstanbul,Bireysel,1980.0,2021-08-04,Bayi,Aktif,
100302,Ankara,Bireysel,1979.0,2019-05-14,Web,Aktif,Randevu hatırlatması yapıldı
100592,Bursa,Bireysel,1968.0,2018-08-05,Çağrı Merkezi,Aktif,Kampanya bilgilendirmesi
103399,Ankara,Bireysel,1968.0,2018-07-06,Bayi,Aktif,Randevu hatırlatması yapıldı
100053,İstanbul,Bireysel,1984.0,2018-12-12,Bayi,Aktif,Randevu hatırlatması yapıldı
102365,İstanbul,Bireysel,1962.0,2019-07-30,Bayi,Aktif,Randevu hatırlatması yapıldı
103684,Ankara,Bireysel,1992.0,2021-07-03,Mobil Uygulama,Aktif,Memnuniyet araması
103923,İstanbul,Bireysel,1958.0,2018-03-24,Web,Pasif,Kampanya bilgilendirmesi
103765,Bursa,Bireysel,1957.0,2021-03-15,Web,Aktif,Randevu hatırlatması yapıldı
101496,İzmir,Bireysel,1997.0,2018-04-17,Bayi,Aktif,Memnuniyet araması
103728,İzmir,Bireysel,1974.0,2020-06-21,Çağrı Merkezi,Aktif,Kampanya bilgilendirmesi
100721,Ankara,Bireysel,1955.0,2020-06-03,Mobil Uygulama,Aktif,Kampanya bilgilendirmesi
100087,Ankara,Bireysel,1985.0,2016-05-22,Web,Aktif,Memnuniyet araması
102155,İzmir,Bireysel,2001.0,2020-03-09,Web,Aktif,
104116,İstanbul,Bireysel,1973.0,2016-10-25,Bayi,Aktif,Kampanya bilgilendirmesi
102979,İstanbul,Bireysel,2002.0,2020-04-10,Web,Pasif,Kampanya bilgilendirmesi
102215,İstanbul,Kurumsal,1983.0,2018-01-29,Bayi,Aktif,Kampanya bilgilendirmesi
100884,İstanbul,Bireysel,1973.0,2021-04-19,Bayi,Aktif,
100483,Ankara,Bireysel,1998.0,2017-11-03,Bayi,Aktif,
102471,Antalya,Bireysel,1982.0,2020-10-30,Bayi,Aktif,Kampanya bilgilendirmesi
102159,İstanbul,Bireysel,1990.0,2018-11-02,Bayi,Aktif,
104073,Adana,Bireysel,1980.0,2017-05-09,Web,Aktif,Memnuniyet araması
101563,İstanbul,Kurumsal,1990.0,2016-01-06,Bayi,Aktif,
101567,İstanbul,Bireysel,1976.0,2021-05-10,Web,Aktif,Randevu hatırlatması yapıldı
102905,İstanbul,Bireysel,1963.0,2019-11-07,Çağrı Merkezi,Aktif,Kampanya bilgilendirmesi
100794,Bursa,Bireysel,2000.0,2016-02-25,Web,Aktif,
102911,Ankara,Bireysel,1981.0,2021-03-30,Çağrı Merkezi,Aktif,
103427,İzmir,Bireysel,1985.0,2017-09-15,Bayi,Aktif,Kampanya bilgilendirmesi
102463,İstanbul,Bireysel,1972.0,2019-07-18,Çağrı Merkezi,Pasif,
102211,Kocaeli,Bireysel,1984.0,2019-01-27,Bayi,Aktif,Memnuniyet araması
101067,İstanbul,Kurumsal,1963.0,2018-04-30,Bayi,Aktif,Randevu hatırlatması yapıldı
102576,Bursa,Bireysel,1988.0,2016-03-30,Web,Aktif,Randevu hatırlatması yapıldı
103540,Kocaeli,Bireysel,1986.0,2021-05-29,Çağrı Merkezi,Aktif,Memnuniyet araması
103845,Antalya,Bireysel,1979.0,2018-05-24,Web,Aktif,Randevu hatırlatması yapıldı
102072,İstanbul,Bireysel,1987.0,2018-11-13,Bayi,Aktif,Memnuniyet araması
100281,Ankara,Bireysel,1996.0,2017-08-16,Bayi,Aktif,Memnuniyet araması
103531,Bursa,Bireysel,2002.0,2016-08-21,Bayi,Aktif,Memnuniyet araması
102184,İstanbul,Bireysel,1964.0,2017-12-16,Çağrı Merkezi,Kaybedildi,Ulaşılamadı
103542,İstanbul,Bireysel,1981.0,2019-08-20,Web,Aktif,
101788,İstanbul,Bireysel,1965.0,2021-02-18,Çağrı Merkezi,Aktif,
103355,İstanbul,Bireysel,1999.0,2018-12-20,Bayi,Aktif,Memnuniyet araması
103507,İstanbul,Bireysel,2003.0,2021-10-01,Çağrı Merkezi,Aktif,Memnuniyet araması
100030,İstanbul,Bireysel,1977.0,2016-08-08,Bayi,Kaybedildi,İlgilenmiyor
101297,Kocaeli,Bireysel,1967.0,2016-12-07,Bayi,Aktif,Memnuniyet araması
101912,Antalya,Bireysel,1993.0,2016-02-03,Bayi,Aktif,
102021,İstanbul,Bireysel,1966.0,2020-02-27,Web,Aktif,
101908,İstanbul,Bireysel,1960.0,2019-10-13,Bayi,Aktif,Memnuniyet araması
103320,İstanbul,Kurumsal,2004.0,2016-01-09,Web,Aktif,Kampanya bilgilendirmesi
102055,İstanbul,Bireysel,2004.0,2020-04-17,Web,Kaybedildi,Araç satıldı
101715,İstanbul,Bireysel,1975.0,2019-12-23,Bayi,Aktif,
100287,Kocaeli,Bireysel,1976.0,2019-11-09,Web,Aktif,Kampanya bilgilendirmesi
100312,İstanbul,Kurumsal,1958.0,2017-03-14,Web,Aktif,Kampanya bilgilendirmesi
101596,İstanbul,Bireysel,1974.0,2017-09-15,Bayi,Aktif,Randevu hatırlatması yapıldı
100076,Bursa,Bireysel,1956.0,2016-01-21,Web,Aktif,Kampanya bilgilendirmesi
101854,İstanbul,Kurumsal,1957.0,2020-04-14,Bayi,Aktif,
102476,ANKARA,Bireysel,1994.0,2019-09-19,Web,Aktif,Randevu hatırlatması yapıldı
103474,Ankara,Bireysel,1996.0,2020-08-28,Bayi,Aktif,
100047,İzmir,Bireysel,2001.0,2018-08-18,Bayi,Aktif,Memnuniyet araması
102532,Ankara,Kurumsal,1955.0,2019-06-06,Mobil Uygulama,Aktif,Randevu hatırlatması yapıldı
100970,Kocaeli,Bireysel,1978.0,2018-03-22,Bayi,Aktif,
102696,Kocaeli,Bireysel,,2020-09-17,Bayi,Aktif,
103135,İstanbul,Bireysel,1969.0,2016-08-09,Bayi,Aktif,Randevu hatırlatması yapıldı
102524,Ankara,Bireysel,1969.0,2019-07-21,Mobil Uygulama,Aktif,
102908,İstanbul,Bireysel,1958.0,2016-08-28,Bayi,Aktif,Randevu hatırlatması yapıldı
104196,İzmir,Kurumsal,2002.0,2020-05-21,Bayi,Aktif,Kampanya bilgilendirmesi
100433,Ankara,Bireysel,1970.0,2019-08-20,Web,Aktif,Randevu hatırlatması yapıldı
101488,İzmir,Bireysel,1961.0,2020-07-22,Web,Aktif,
101341,Kocaeli,Kurumsal,1983.0,2017-09-23,Web,Aktif,Memnuniyet araması
102554,İstanbul,Kurumsal,1960.0,2019-04-01,Bayi,Aktif,Kampanya bilgilendirmesi
102663,İstanbul,Bireysel,1993.0,2016-09-08,Bayi,Aktif,Kampanya bilgilendirmesi
101868,İstanbul,Kurumsal,1988.0,2018-04-07,Web,Aktif,Memnuniyet araması
100203,İstanbul,Bireysel,,2021-02-18,Çağrı Merkezi,Aktif,Randevu hatırlatması yapıldı
103251,İstanbul,Kurumsal,1999.0,2015-12-30,Bayi,Aktif,Kampanya bilgilendirmesi
102591,Bursa,Bireysel,1996.0,2018-05-08,Çağrı Merkezi,Aktif,
103616,İstanbul,Bireysel,1983.0,2017-10-26,Web,Aktif,Kampanya bilgilendirmesi
103850,İstanbul,Bireysel,2002.0,2021-09-17,Bayi,Aktif,Randevu hatırlatması yapıldı
100066,İzmir,Bireysel,1979.0,2021-08-13,Bayi,Aktif,
102157,Kocaeli,Bireysel,1986.0,2021-03-31,Bayi,Aktif,Memnuniyet araması
103598,ANKARA,Bireysel,1989.0,2021-01-05,Bayi,Aktif,Randevu hatırlatması yapıldı
103715,Ankara,Bireysel,1964.0,2017-12-20,Çağrı Merkezi,Aktif,Memnuniyet araması
102580,İstanbul,Bireysel,2000.0,2018-11-14,Bayi,Aktif,
101456,Bursa,Bireysel,1991.0,2020-09-21,Bayi,Aktif,Memnuniyet araması
100199,İzmir,Bireysel,2001.0,2017-09-13,Bayi,Kaybedildi,Araç satıldı
104117,Bursa,Bireysel,1980.0,2021-07-10,Bayi,Aktif,Kampanya bilgilendirmesi
104089,İstanbul,Kurumsal,1959.0,2020-09-26,Web,Pasif,Memnuniyet araması
102383,İstanbul,Bireysel,2001.0,2020-01-02,Mobil Uygulama,Aktif,Kampanya bilgilendirmesi
103194,İzmir,Kurumsal,1995.0,2018-03-18,Bayi,Aktif,Memnuniyet araması
100465,İstanbul,Kurumsal,1998.0,2019-09-27,Web,Aktif,Kampanya bilgilendirmesi
102645,İstanbul,Kurumsal,1960.0,2017-02-24,Bayi,Aktif,Randevu hatırlatması yapıldı
100121,İzmir,Bireysel,1991.0,2017-10-07,Bayi,Kaybedildi,İlgilenmiyor
103960,İstanbul,Bireysel,1989.0,2018-07-14,Çağrı Merkezi,Aktif,
101920,Adana,Bireysel,1967.0,2017-05-25,Bayi,Kaybedildi,
100580,Ankara,Bireysel,1956.0,2017-11-24,Bayi,Aktif,
103335,Antalya,Bireysel,1965.0,2017-04-30,Bayi,Aktif,
101485,Kocaeli,Bireysel,1965.0,2021-08-26,Mobil Uygulama,Aktif,Randevu hatırlatması yapıldı
100516,İzmir,Bireysel,1976.0,2017-09-27,Bayi,Aktif,
103306,İzmir,Bireysel,1987.0,2021-01-17,Bayi,Aktif,
104181,İstanbul,Bireysel,1989.0,2019-05-17,Mobil Uygulama,Kaybedildi,Araç satıldı
102880,Ankara,Bireysel,1986.0,2021-07-13,Web,Kaybedildi,Ulaşılamadı
102323,Ankara,Bireysel,1982.0,2017-05-03,Bayi,Aktif,
101629,İstanbul,Bireysel,1974.0,2016-03-05,Bayi,Aktif,Kampanya bilgilendirmesi
100222,Bursa,Bireysel,1972.0,2016-07-16,Bayi,Aktif,
101976,Bursa,Bireysel,1966.0,2017-12-14,Mobil Uygulama,Aktif,Kampanya bilgilendirmesi
102267,İstanbul,Bireysel,1966.0,2019-03-07,Bayi,Aktif,
101893,Ankara,Bireysel,1973.0,2020-08-14,Mobil Uygulama,Aktif,
100920,İSTANBUL,Bireysel,1961.0,2019-01-13,Bayi,Aktif,Kampanya bilgilendirmesi
103385,Izmir,Bireysel,2000.0,2020-06-20,Bayi,Aktif,Memnuniyet araması
100710,İstanbul,Bireysel,1977.0,2019-02-26,Bayi,Aktif,
101426,İstanbul,Bireysel,1987.0,2016-01-18,Mobil Uygulama,Aktif,Randevu hatırlatması yapıldı
100627,İstanbul,Bireysel,1965.0,2019-04-21,Bayi,Aktif,Randevu hatırlatması yapıldı
101810,İstanbul,Bireysel,1956.0,2018-08-23,Bayi,Aktif,Kampanya bilgilendirmesi
102618,İstanbul,Bireysel,1984.0,2020-02-24,Bayi,Kaybedildi,Ulaşılamadı
101343,İzmir,Kurumsal,1983.0,2017-08-11,Bayi,Aktif,Randevu hatırlatması yapıldı
101181,Kocaeli,Bireysel,1956.0,2020-11-15,Bayi,Aktif,Memnuniyet araması
102640,İstanbul,Bireysel,1973.0,2021-10-07,Web,Pasif,
101650,İstanbul,Bireysel,1999.0,2016-12-01,Web,Aktif,Memnuniyet araması
103382,İstanbul,Bireysel,1967.0,2016-05-01,Mobil Uygulama,Kaybedildi,
100065,İstanbul,Bireysel,1970.0,2017-10-02,Bayi,Aktif,Kampanya bilgilendirmesi
103800,İzmir,Bireysel,1979.0,2020-11-15,Bayi,Aktif,Kampanya bilgilendirmesi
103149,İstanbul,Bireysel,1957.0,2018-10-06,Çağrı Merkezi,Aktif,
103417,İstanbul,Bireysel,2002.0,2020-04-20,Bayi,Aktif,Memnuniyet araması
101616,Ankara,Bireysel,2001.0,2021-12-16,Bayi,Aktif,Kampanya bilgilendirmesi
101394,İzmir,Bireysel,1986.0,2019-04-11,Web,Kaybedildi,İlgilenmiyor
102081,İstanbul,Kurumsal,1999.0,2016-10-30,Bayi,Pasif,Araç satıldı
101108,İstanbul,Bireysel,1989.0,2020-10-10,Bayi,Kaybedildi,Başka servise geçti
100289,İstanbul,Bireysel,1959.0,2018-08-01,Bayi,Aktif,
103659,İstanbul,Bireysel,1957.0,2018-07-23,Bayi,Aktif,Memnuniyet araması
103919,Ankara,Bireysel,1965.0,2016-05-27,Bayi,Aktif,
104175,Adana,Bireysel,1975.0,2016-01-03,Bayi,Aktif,
101479,Antalya,Bireysel,1976.0,2020-12-12,Bayi,Aktif,
103531,Bursa,Bireysel,2002.0,2016-08-21,Bayi,Aktif,Memnuniyet araması
100547,Antalya,Kurumsal,1991.0,2017-03-26,Web,Aktif,
101737,İstanbul,Kurumsal,1958.0,2018-03-09,Bayi,Aktif,Randevu hatırlatması yapıldı
100798,Kocaeli,Bireysel,2003.0,2021-05-17,Web,Kaybedildi,Başka servise geçti
101923,İstanbul,Kurumsal,2003.0,2016-12-23,Bayi,Aktif,
102401,İstanbul,Bireysel,1973.0,2016-12-02,Web,Aktif,Randevu hatırlatması yapıldı
100179,Ankara,Kurumsal,1986.0,2017-04-03,Bayi,Aktif,Randevu hatırlatması yapıldı
100534,İzmir,Kurumsal,1970.0,2017-01-21,Bayi,Aktif,Memnuniyet araması
100444,İstanbul,Bireysel,1965.0,2019-02-12,Web,Aktif,
100316,İstanbul,Kurumsal,1976.0,2020-09-29,Bayi,Aktif,Kampanya bilgilendirmesi
101356,İstanbul,Bireysel,1973.0,2020-12-12,Bayi,Pasif,
101068,Bursa,Kurumsal,1982.0,2018-04-15,Bayi,Aktif,
103341,Ankara,Bireysel,1964.0,2017-09-29,Bayi,Aktif,
104163,Ankara,Bireysel,1978.0,2018-10-10,Bayi,Aktif,Kampanya bilgilendirmesi
101449,İzmir,Kurumsal,1996.0,2016-05-16,Bayi,Aktif,Kampanya bilgilendirmesi
103517,Ankara,Bireysel,1999.0,2019-01-26,Bayi,Aktif,Memnuniyet araması
101599,İstanbul,Bireysel,1958.0,2017-01-10,Bayi,Aktif,
101470,İstanbul,Bireysel,1987.0,2017-05-05,Çağrı Merkezi,Aktif,Randevu hatırlatması yapıldı
103066,İstanbul,Bireysel,1966.0,2019-07-09,Web,Aktif,Randevu hatırlatması yapıldı
102954,istanbul,Bireysel,1983.0,2016-08-24,Web,Pasif,Ulaşılamadı
100069,Adana,Kurumsal,1982.0,2018-07-23,Bayi,Aktif,
100946,Ankara,Bireysel,1983.0,2016-11-12,Bayi,Aktif,Randevu hatırlatması yapıldı
102906,İzmir,Bireysel,1957.0,2020-11-15,Çağrı Merkezi,Aktif,Randevu hatırlatması yapıldı
102337,Kocaeli,Kurumsal,1976.0,2018-03-28,Bayi,Aktif,Kampanya bilgilendirmesi
104030,İstanbul,Bireysel,1958.0,2021-12-22,Bayi,Aktif,Kampanya bilgilendirmesi
102549,Ankara,Bireysel,1974.0,2021-07-10,Web,Aktif,Kampanya bilgilendirmesi
102564,Antalya,Bireysel,1980.0,2020-12-07,Bayi,Aktif,Memnuniyet araması
104155,Antalya,Bireysel,1965.0,2020-05-09,Bayi,Aktif,
100346,Antalya,Kurumsal,1982.0,2020-01-14,Web,Aktif,
103269,İstanbul,Bireysel,2003.0,2018-12-05,Bayi,Aktif,Randevu hatırlatması yapıldı
101661,İzmir,Bireysel,1990.0,2020-09-17,Bayi,Aktif,Randevu hatırlatması yapıldı
100431,Adana,Bireysel,1982.0,2021-05-06,Web,Aktif,Memnuniyet araması
103317,İstanbul,Kurumsal,1964.0,2020-01-31,Bayi,Aktif,
100464,İstanbul,Bireysel,1988.0,2021-04-17,Web,Aktif,
103924,İstanbul,Bireysel,1990.0,2020-04-08,Bayi,Pasif,
102151,Ankara,Bireysel,1998.0,2019-06-18,Bayi,Aktif,
102216,Bursa,Bireysel,1962.0,2020-09-07,Çağrı Merkezi,Pasif,Randevu hatırlatması yapıldı
100375,Ankara,Bireysel,1990.0,2016-09-09,Bayi,Aktif,Kampanya bilgilendirmesi
100857,Bursa,Kurumsal,1978.0,2020-06-26,Bayi,Aktif,Kampanya bilgilendirmesi
103263,Ankara,Bireysel,,2021-03-06,Bayi,Aktif,Kampanya bilgilendirmesi
103550,Antalya,Bireysel,1957.0,2017-10-08,Web,Aktif,Kampanya bilgilendirmesi
101229,İstanbul,Bireysel,2001.0,2018-09-28,Bayi,Aktif,Randevu hatırlatması yapıldı
103656,Ankara,Bireysel,1981.0,2017-04-05,Web,Aktif,Kampanya bilgilendirmesi
101962,İstanbul,Bireysel,,2018-07-15,Mobil Uygulama,Aktif,Memnuniyet araması
102593,İzmir,Bireysel,1959.0,2016-03-12,Bayi,Aktif,Memnuniyet araması
102283,İzmir,Bireysel,1974.0,2021-04-13,Çağrı Merkezi,Kaybedildi,Araç satıldı
101965,İstanbul,Bireysel,1958.0,2020-01-08,Bayi,Aktif,Randevu hatırlatması yapıldı
100462,KOCAELİ,Bireysel,1955.0,2017-11-09,Bayi,Pasif,Memnuniyet araması
102003,Bursa,Kurumsal,1971.0,2021-01-08,Web,Pasif,Ulaşılamadı
103602,İstanbul,Kurumsal,1972.0,2017-10-17,Bayi,Aktif,Randevu hatırlatması yapıldı
101898,Bursa,Kurumsal,1990.0,2017-09-15,Mobil Uygulama,Kaybedildi,
101930,İstanbul,Kurumsal,1977.0,2018-02-16,Bayi,Aktif,Memnuniyet araması
103432,İstanbul,Bireysel,1994.0,2018-11-09,Bayi,Aktif,
100454,İstanbul,Bireysel,1999.0,2017-07-15,Bayi,Kaybedildi,İlgilenmiyor
101812,istanbul,Bireysel,1989.0,2021-03-10,Bayi,Aktif,Randevu hatırlatması yapıldı
101308,Bursa,Bireysel,1968.0,2020-10-10,Bayi,Aktif,
100160,Ankara,Bireysel,2001.0,2020-02-05,Bayi,Aktif,Araç satıldı
100172,İstanbul,Bireysel,1984.0,2017-05-18,Bayi,Aktif,
101219,Kocaeli,Bireysel,2003.0,2019-10-21,Bayi,Pasif,Ulaşılamadı
103562,Bursa,Kurumsal,1958.0,2015-12-30,Bayi,Pasif,Memnuniyet araması
102190,Ankara,Bireysel,1967.0,2020-05-10,Bayi,Aktif,Randevu hatırlatması yapıldı
101329,İstanbul,Bireysel,2003.0,2018-01-30,Web,Aktif,Kampanya bilgilendirmesi
102204,İzmir,Bireysel,1968.0,2016-05-02,Bayi,Aktif,Randevu hatırlatması yapıldı
102585,Ankara,Bireysel,1990.0,2020-04-22,Bayi,Kaybedildi,Araç satıldı
103229,İstanbul,Bireysel,1955.0,2021-04-10,Web,Kaybedildi,Araç satıldı
102214,Ankara,Bireysel,1990.0,2017-12-08,Bayi,Aktif,Memnuniyet araması
102815,Antalya,Kurumsal,1981.0,2021-08-14,Web,Aktif,Kampanya bilgilendirmesi
103275,İstanbul,Kurumsal,1992.0,2021-07-17,Bayi,Aktif,Kampanya bilgilendirmesi
102613,İstanbul,Bireysel,1958.0,2017-06-05,Bayi,Aktif,Kampanya bilgilendirmesi
102625,Kocaeli,Bireysel,1997.0,2018-05-14,Bayi,Aktif,Memnuniyet araması
101193,Adana,Bireysel,1986.0,2018-11-07,Bayi,Aktif,
103429,İstanbul,Kurumsal,1960.0,2019-05-18,Bayi,Aktif,
101197,Kocaeli,Bireysel,1993.0,2021-12-29,Bayi,Aktif,Memnuniyet araması
101446,Kocaeli,Bireysel,1994.0,2016-01-01,Bayi,Aktif,Memnuniyet araması
100820,İSTANBUL,Bireysel,2000.0,2019-09-03,Bayi,Aktif,
102813,İstanbul,Bireysel,1976.0,2017-05-28,Bayi,Aktif,Randevu hatırlatması yapıldı
100134,İstanbul,Bireysel,1971.0,2018-12-24,Bayi,Aktif,
103615,İstanbul,Kurumsal,1979.0,2021-02-02,Mobil Uygulama,Aktif,
104177,Izmir,Bireysel,1976.0,2017-11-27,Web,Aktif,Memnuniyet araması
101201,Bursa,Kurumsal,1982.0,2021-12-20,Çağrı Merkezi,Aktif,
101096,Ankara,Bireysel,1963.0,2020-06-09,Mobil Uygulama,Pasif,Randevu hatırlatması yapıldı
102743,İzmir,Bireysel,1961.0,2019-07-21,Bayi,Aktif,
100354,Ankara,Kurumsal,1969.0,2018-07-22,Bayi,Kaybedildi,Başka servise geçti
103397,İzmir,Bireysel,1970.0,2017-05-30,Bayi,Aktif,Randevu hatırlatması yapıldı
103034,İstanbul,Bireysel,1977.0,2020-05-03,Çağrı Merkezi,Aktif,
102583,İstanbul,Bireysel,1987.0,2021-08-02,Bayi,Pasif,İlgilenmiyor
102739,Bursa,Bireysel,1992.0,2016-10-12,Bayi,Aktif,Randevu hatırlatması yapıldı
103609,İstanbul,Bireysel,2002.0,2016-10-07,Bayi,Aktif,
100776,İzmir,Bireysel,1973.0,2016-11-27,Çağrı Merkezi,Aktif,Memnuniyet araması
100636,İzmir,Bireysel,1995.0,2020-01-14,Mobil Uygulama,Aktif,Kampanya bilgilendirmesi
103886,İstanbul,Bireysel,1992.0,2020-01-03,Bayi,Aktif,Kampanya bilgilendirmesi
100935,İstanbul,Bireysel,,2016-09-24,Bayi,Aktif,Randevu hatırlatması yapıldı
100420,İzmir,Kurumsal,1981.0,2020-03-15,Çağrı Merkezi,Aktif,Kampanya bilgilendirmesi
100942,İstanbul,Kurumsal,1961.0,2021-12-25,Bayi,Pasif,
101981,İstanbul,Bireysel,1981.0,2018-08-29,Bayi,Aktif,Memnuniyet araması
101607,istanbul,Kurumsal,1988.0,2016-06-09,Bayi,Aktif,
103234,Ankara,Bireysel,1981.0,2020-08-20,Mobil Uygulama,Kaybedildi,Araç satıldı
102474,Ankara,Bireysel,1970.0,2018-03-07,Bayi,Aktif,
101734,Antalya,Bireysel,1999.0,2020-04-19,Mobil Uygulama,Aktif,Kampanya bilgilendirmesi
100300,İstanbul,Bireysel,1996.0,2017-03-15,Web,Aktif,Memnuniyet araması
101179,Adana,Bireysel,1956.0,2016-04-25,Bayi,Aktif,
101216,İstanbul,Bireysel,1979.0,2020-03-30,Çağrı Merkezi,Aktif,Randevu hatırlatması yapıldı
103604,Kocaeli,Bireysel,2003.0,2019-07-05,Bayi,Aktif,Memnuniyet araması
100839,İstanbul,Bireysel,1974.0,2018-12-16,Bayi,Aktif,Kampanya bilgilendirmesi
100698,Ankara,Kurumsal,1964.0,2016-07-21,Bayi,Aktif,Randevu hatırlatması yapıldı
100822,Bursa,Bireysel,1960.0,2016-12-18,Bayi,Aktif,Kampanya bilgilendirmesi
102804,İstanbul,Bireysel,1992.0,2021-08-26,Bayi,Aktif,
100389,Bursa,Bireysel,1992.0,2018-09-03,Bayi,Aktif,
100220,Ankara,Bireysel,1961.0,2020-07-17,Bayi,Aktif,Randevu hatırlatması yapıldı
102617,İstanbul,Kurumsal,1959.0,2016-05-27,Bayi,Aktif,
103075,Ankara,Bireysel,1956.0,2019-12-06,Bayi,Aktif,Randevu hatırlatması yapıldı
101533,İstanbul,Bireysel,1988.0,2019-12-24,Çağrı Merkezi,Aktif,
103062,istanbul,Bireysel,1993.0,2021-07-09,Web,Aktif,Memnuniyet araması
100734,ISTANBUL,Bireysel,2000.0,2016-05-21,Web,Aktif,Kampanya bilgilendirmesi
101161,Bursa,Bireysel,2004.0,2018-12-25,Web,Aktif,Kampanya bilgilendirmesi
103178,Izmir,Bireysel,1955.0,2020-06-27,Bayi,Aktif,Randevu hatırlatması yapıldı
102529,İstanbul,Bireysel,2001.0,2020-11-18,Çağrı Merkezi,Aktif,Memnuniyet araması
101253,Adana,Bireysel,1965.0,2021-06-30,Çağrı Merkezi,Kaybedildi,Araç satıldı
104029,İstanbul,Bireysel,1990.0,2018-05-24,Web,Aktif,
101703,Antalya,Bireysel,1983.0,2021-08-06,Çağrı Merkezi,Aktif,
100675,İzmir,Bireysel,2002.0,2017-11-01,Bayi,Aktif,Randevu hatırlatması yapıldı
103991,İstanbul,Bireysel,1978.0,2021-06-11,Bayi,Aktif,
101424,İstanbul,Bireysel,1982.0,2017-03-24,Çağrı Merkezi,Aktif,Randevu hatırlatması yapıldı
103102,İstanbul,Bireysel,1995.0,2019-03-25,Bayi,Aktif,Randevu hatırlatması yapıldı
100100,Kocaeli,Bireysel,1956.0,2019-05-29,Çağrı Merkezi,Aktif,
103572,İstanbul,Bireysel,1969.0,2019-01-21,Çağrı Merkezi,Aktif,Kampanya bilgilendirmesi
101653,Bursa,Kurumsal,1983.0,2019-04-30,Mobil Uygulama,Aktif,Randevu hatırlatması yapıldı
100844,Kocaeli,Bireysel,1967.0,2016-03-08,Bayi,Aktif,Randevu hatırlatması yapıldı
103996,Bursa,Bireysel,1990.0,2020-09-08,Web,Aktif,Randevu hatırlatması yapıldı
104142,Antalya,Bireysel,1972.0,2020-05-23,Bayi,Aktif,Kampanya bilgilendirmesi
101848,Antalya,Bireysel,1964.0,2018-04-13,Çağrı Merkezi,Aktif,
101894,İstanbul,Bireysel,1985.0,2019-09-01,Bayi,Aktif,Memnuniyet araması
102181,İzmir,Kurumsal,1975.0,2017-04-26,Bayi,Kaybedildi,Araç satıldı
101220,İstanbul,Bireysel,1988.0,2017-07-04,Web,Aktif,
102642,İstanbul,Bireysel,1989.0,2020-12-31,Çağrı Merkezi,Aktif,
102595,ANTALYA,Bireysel,2003.0,2016-09-15,Web,Aktif,
100415,Ankara,Kurumsal,1982.0,2021-05-22,Bayi,Aktif,
104010,İstanbul,Bireysel,1976.0,2021-08-08,Bayi,Aktif,
102528,İstanbul,Bireysel,1973.0,2016-08-28,Çağrı Merkezi,Aktif,
103588,İstanbul,Bireysel,1963.0,2020-12-04,Bayi,Aktif,Memnuniyet araması
103816,İstanbul,Bireysel,1970.0,2021-01-19,Web,Kaybedildi,İlgilenmiyor
103255,İstanbul,Bireysel,1977.0,2021-03-06,Mobil Uygulama,Kaybedildi,Başka servise geçti
102409,İstanbul,Bireysel,1956.0,2020-09-20,Mobil Uygulama,Aktif,Kampanya bilgilendirmesi
100807,Ankara,Bireysel,1973.0,2019-01-06,Çağrı Merkezi,Aktif,
102677,Kocaeli,Bireysel,2001.0,2020-01-07,Web,Aktif,
103589,İzmir,Bireysel,1997.0,2016-01-15,Bayi,Aktif,
104044,İstanbul,Kurumsal,1976.0,2018-04-16,Bayi,Aktif,
102169,İstanbul,Bireysel,1995.0,2017-05-25,Mobil Uygulama,Pasif,Kampanya bilgilendirmesi
100966,İstanbul,Bireysel,1967.0,2020-08-04,Mobil Uygulama,Aktif,
101368,İstanbul,Bireysel,1955.0,2018-05-26,Mobil Uygulama,Aktif,
103378,Ankara,Bireysel,1966.0,2017-08-24,Çağrı Merkezi,Aktif,
101066,Adana,Bireysel,1983.0,2016-06-12,Web,Aktif,Randevu hatırlatması yapıldı
101683,Adana,Bireysel,1995.0,2016-07-15,Bayi,Pasif,Memnuniyet araması
102889,İstanbul,Bireysel,1966.0,2019-09-28,Mobil Uygulama,Aktif,Randevu hatırlatması yapıldı
100208,istanbul,Bireysel,1966.0,2016-02-18,Mobil Uygulama,Aktif,Memnuniyet araması
102387,Ankara,Bireysel,1993.0,2016-08-28,Bayi,Aktif,Kampanya bilgilendirmesi
101215,Adana,Kurumsal,1998.0,2018-04-18,Bayi,Aktif,
104062,Adana,Bireysel,1958.0,2018-04-07,Çağrı Merkezi,Aktif,
100774,İstanbul,Kurumsal,1990.0,2020-06-08,Çağrı Merkezi,Aktif,
102341,İzmir,Bireysel,1989.0,2018-10-18,Mobil Uygulama,Aktif,
102802,İstanbul,Kurumsal,1982.0,2021-06-26,Bayi,Aktif,
100588,Ankara,Kurumsal,1970.0,2020-11-11,Web,Aktif,Randevu hatırlatması yapıldı
101722,Antalya,Bireysel,1957.0,2016-05-09,Mobil Uygulama,Aktif,Memnuniyet araması
103516,Ankara,Kurumsal,1968.0,2018-10-05,Web,Aktif,Kampanya bilgilendirmesi
101620,İstanbul,Kurumsal,1963.0,2018-09-03,Bayi,Aktif,
101888,İstanbul,Bireysel,1973.0,2021-03-01,Bayi,Aktif,Randevu hatırlatması yapıldı
101334,Bursa,Bireysel,1994.0,2018-06-15,Bayi,Aktif,
100705,Kocaeli,Bireysel,1959.0,2016-05-14,Bayi,Aktif,
103494,İstanbul,Kurumsal,2001.0,2018-03-21,Çağrı Merkezi,Aktif,Randevu hatırlatması yapıldı
101057,İstanbul,Bireysel,1985.0,2020-01-25,Web,Aktif,Memnuniyet araması
101416,Ankara,Bireysel,1959.0,2017-09-08,Mobil Uygulama,Aktif,Memnuniyet araması
103821,Bursa,Bireysel,1970.0,2018-11-14,Bayi,Pasif,Araç satıldı
102725,Adana,Bireysel,1993.0,2019-08-24,Bayi,Pasif,
103515,İzmir,Kurumsal,2003.0,2017-09-07,Bayi,Aktif,Randevu hatırlatması yapıldı
100853,Bursa,Kurumsal,1981.0,2020-10-09,Bayi,Aktif,Kampanya bilgilendirmesi
103665,İstanbul,Kurumsal,,2019-07-26,Bayi,Aktif,Randevu hatırlatması yapıldı
100728,Ankara,Kurumsal,1969.0,2018-07-30,Çağrı Merkezi,Aktif,
100603,İzmir,Bireysel,1976.0,2018-12-18,Bayi,Aktif,Memnuniyet araması
103910,IZMIR,Bireysel,2002.0,2016-07-24,Web,Aktif,Kampanya bilgilendirmesi
100005,Ankara,Bireysel,1980.0,2017-07-26,Çağrı Merkezi,Kaybedildi,Ulaşılamadı
100332,İstanbul,Bireysel,1957.0,2021-02-17,Çağrı Merkezi,Aktif,Memnuniyet araması
101500,Kocaeli,Kurumsal,1986.0,2021-02-26,Web,Aktif,Memnuniyet araması
103909,Antalya,Bireysel,1961.0,2016-04-25,Bayi,Aktif,
101074,İstanbul,Bireysel,2004.0,2020-08-19,Web,Kaybedildi,Araç satıldı
101339,İSTANBUL,Bireysel,1965.0,2020-03-25,Bayi,Pasif,Memnuniyet araması
101944,Ankara,Bireysel,2003.0,2016-11-18,Bayi,Aktif,
101237,İstanbul,Kurumsal,1967.0,2018-08-20,Web,Aktif,Kampanya bilgilendirmesi
102900,Ankara,Bireysel,2001.0,2018-07-20,Çağrı Merkezi,Aktif,Randevu hatırlatması yapıldı
100682,Kocaeli,Bireysel,1960.0,2019-08-04,Çağrı Merkezi,Aktif,Randevu hatırlatması yapıldı
100405,Antalya,Bireysel,2002.0,2017-09-30,Bayi,Aktif,Randevu hatırlatması yapıldı
100584,Antalya,Bireysel,1970.0,2019-09-19,Bayi,Aktif,
102053,İstanbul,Bireysel,1984.0,2019-12-11,Çağrı Merkezi,Pasif,Kampanya bilgilendirmesi
102242,Adana,Bireysel,1972.0,2020-10-23,Çağrı Merkezi,Aktif,
102909,İstanbul,Bireysel,1977.0,2018-03-03,Bayi,Pasif,Ulaşılamadı
100070,İstanbul,Bireysel,1989.0,2016-09-09,Çağrı Merkezi,Aktif,
103863,Antalya,Bireysel,1981.0,2019-04-19,Bayi,Aktif,
103954,İstanbul,Kurumsal,1964.0,2017-04-30,Bayi,Aktif,Randevu hatırlatması yapıldı
103454,Ankara,Bireysel,1979.0,2016-09-21,Web,Aktif,Kampanya bilgilendirmesi
101178,İstanbul,Bireysel,,2017-05-21,Çağrı Merkezi,Aktif,Kampanya bilgilendirmesi
101529,Antalya,Bireysel,1964.0,2016-11-08,Bayi,Aktif,Randevu hatırlatması yapıldı
102871,İstanbul,Kurumsal,1979.0,2016-12-02,Çağrı Merkezi,Kaybedildi,Araç satıldı
101960,İstanbul,Bireysel,1981.0,2016-01-08,Web,Pasif,Araç satıldı
101905,Ankara,Bireysel,2004.0,2017-10-01,Bayi,Kaybedildi,
100688,İzmir,Bireysel,1960.0,2016-01-23,Bayi,Aktif,
102402,İzmir,Bireysel,1966.0,2021-04-22,Bayi,Aktif,Kampanya bilgilendirmesi
101423,İstanbul,Bireysel,1994.0,2020-05-28,Bayi,Kaybedildi,İlgilenmiyor
100414,İstanbul,Bireysel,1993.0,2019-12-11,Çağrı Merkezi,Aktif,Memnuniyet araması
100993,Bursa,Bireysel,1995.0,2019-07-21,Bayi,Aktif,
103117,İzmir,Kurumsal,1965.0,2019-12-15,Web,Kaybedildi,Başka servise geçti
100963,Antalya,Bireysel,1969.0,2021-08-11,Bayi,Pasif,Memnuniyet araması
102526,ANKARA,Kurumsal,1991.0,2021-04-25,Bayi,Aktif,
101058,Antalya,Bireysel,1959.0,2019-03-27,Çağrı Merkezi,Kaybedildi,İlgilenmiyor
100681,İstanbul,Kurumsal,1989.0,2021-02-01,Bayi,Aktif,
102008,İstanbul,Bireysel,1990.0,2017-06-08,Çağrı Merkezi,Aktif,
102902,İstanbul,Bireysel,1968.0,2018-01-10,Web,Kaybedildi,Araç satıldı
100373,İstanbul,Bireysel,1969.0,2019-10-18,Web,Aktif,
102850,İstanbul,Bireysel,2004.0,2021-01-04,Bayi,Aktif,Memnuniyet araması
100662,ANKARA,Bireysel,1966.0,2017-03-14,Bayi,Aktif,
100867,İstanbul,Kurumsal,1963.0,2021-05-26,Çağrı Merkezi,Aktif,Memnuniyet araması
100152,Antalya,Bireysel,1956.0,2016-03-10,Bayi,Aktif,Randevu hatırlatması yapıldı
100282,Istanbul,Kurumsal,1989.0,2020-05-10,Web,Aktif,
103496,İstanbul,Kurumsal,2001.0,2019-10-12,Çağrı Merkezi,Aktif,
103789,Ankara,Bireysel,1981.0,2016-10-12,Web,Aktif,
102404,Ankara,Kurumsal,1969.0,2017-11-09,Bayi,Kaybedildi,Başka servise geçti
101739,İstanbul,Bireysel,1992.0,2019-05-12,Bayi,Aktif,
101952,Adana,Bireysel,1955.0,2016-12-01,Bayi,Pasif,Kampanya bilgilendirmesi
103805,Bursa,Bireysel,1980.0,2016-06-26,Web,Aktif,
100133,Antalya,Bireysel,1983.0,2017-03-16,Mobil Uygulama,Kaybedildi,Başka servise geçti
103841,İstanbul,Bireysel,2002.0,2018-05-11,Bayi,Aktif,
102706,İstanbul,Bireysel,1975.0,2018-01-01,Bayi,Aktif,
101091,İzmir,Bireysel,1987.0,2018-07-22,Bayi,Kaybedildi,Başka servise geçti
101815,Adana,Kurumsal,1955.0,2016-11-13,Bayi,Pasif,
102832,İstanbul,Bireysel,1997.0,2016-07-10,Web,Aktif,Randevu hatırlatması yapıldı
101457,Antalya,Bireysel,1969.0,2019-07-19,Bayi,Aktif,Memnuniyet araması
103536,izmir,Bireysel,1997.0,2020-06-21,Bayi,Aktif,
102649,Antalya,Kurumsal,1986.0,2017-04-14,Web,Kaybedildi,Başka servise geçti
103947,ISTANBUL,Bireysel,1991.0,2018-01-25,Çağrı Merkezi,Aktif,Kampanya bilgilendirmesi
102004,İstanbul,Bireysel,1960.0,2020-10-14,Web,Aktif,Randevu hatırlatması yapıldı
101816,Antalya,Bireysel,1969.0,2018-09-25,Bayi,Aktif,
103143,Bursa,Bireysel,,2020-07-11,Bayi,Aktif,Kampanya bilgilendirmesi
100484,Ankara,Bireysel,2000.0,2018-09-03,Mobil Uygulama,Pasif,Başka servise geçti
103347,İstanbul,Bireysel,1957.0,2018-04-11,Web,Pasif,Randevu hatırlatması yapıldı
104094,ISTANBUL,Bireysel,1983.0,2018-09-13,Bayi,Aktif,Kampanya bilgilendirmesi
103163,İstanbul,Kurumsal,1964.0,2021-07-02,Bayi,Aktif,Memnuniyet araması
103586,İstanbul,Bireysel,1983.0,2019-05-06,Bayi,Aktif,Kampanya bilgilendirmesi
101822,İstanbul,Bireysel,1998.0,2018-10-13,Web,Aktif,Randevu hatırlatması yapıldı
103005,Ankara,Bireysel,1968.0,2020-07-13,Bayi,Aktif,Randevu hatırlatması yapıldı
101978,İstanbul,Bireysel,1956.0,2019-07-03,Web,Pasif,Başka servise geçti
103458,İstanbul,Kurumsal,2004.0,2018-04-21,Web,Aktif,
101539,Ankara,Kurumsal,1966.0,2016-12-06,Bayi,Aktif,
100034,Bursa,Bireysel,1984.0,2019-03-24,Web,Aktif,Memnuniyet araması
104003,BURSA,Bireysel,1990.0,2018-12-17,Bayi,Aktif,Randevu hatırlatması yapıldı
100925,İstanbul,Bireysel,1965.0,2016-02-27,Bayi,Aktif,Memnuniyet araması
100521,Antalya,Bireysel,1990.0,2021-12-12,Bayi,Aktif,Kampanya bilgilendirmesi
102367,izmir,Bireysel,1999.0,2021-12-25,Bayi,Kaybedildi,İlgilenmiyor
100901,İstanbul,Bireysel,1955.0,2021-02-07,Web,Aktif,Randevu hatırlatması yapıldı
101075,İzmir,Kurumsal,1964.0,2019-01-12,Çağrı Merkezi,Aktif,Randevu hatırlatması yapıldı
100864,Bursa,Bireysel,1990.0,2021-12-25,Bayi,Aktif,Randevu hatırlatması yapıldı
101535,İstanbul,Bireysel,1970.0,2017-01-30,Bayi,Aktif,
102301,Bursa,Kurumsal,1962.0,2020-09-10,Bayi,Aktif,Memnuniyet araması
100027,İstanbul,Bireysel,1996.0,2018-09-17,Mobil Uygulama,Aktif,Kampanya bilgilendirmesi
103101,İstanbul,Bireysel,1958.0,2019-01-23,Çağrı Merkezi,Aktif,Memnuniyet araması
100224,Kocaeli,Bireysel,1988.0,2020-08-19,Bayi,Aktif,Kampanya bilgilendirmesi
102386,Kocaeli,Bireysel,1980.0,2016-06-29,Web,Aktif,
100690,Ankara,Bireysel,2004.0,2021-03-31,Web,Aktif,
100639,İstanbul,Bireysel,1979.0,2021-12-08,Çağrı Merkezi,Aktif,
100016,İstanbul,Kurumsal,1969.0,2017-05-11,Bayi,Aktif,Kampanya bilgilendirmesi
101447,Ankara,Bireysel,1972.0,2019-07-05,Bayi,Aktif,Randevu hatırlatması yapıldı
100977,Ankara,Bireysel,1960.0,2019-10-19,Bayi,Aktif,Memnuniyet araması
101109,Antalya,Bireysel,1977.0,2017-02-04,Bayi,Kaybedildi,
101640,İstanbul,Bireysel,1986.0,2020-11-26,Web,Kaybedildi,Başka servise geçti
100046,Bursa,Bireysel,1979.0,2016-07-25,Mobil Uygulama,Aktif,Randevu hatırlatması yapıldı
102411,İzmir,Kurumsal,1965.0,2018-08-06,Bayi,Aktif,Memnuniyet araması
101775,İstanbul,Bireysel,1966.0,2021-11-02,Bayi,Aktif,Randevu hatırlatması yapıldı
100052,Antalya,Kurumsal,1974.0,2019-02-11,Çağrı Merkezi,Kaybedildi,Başka servise geçti
103791,İstanbul,Bireysel,1980.0,2019-09-18,Çağrı Merkezi,Aktif,
104123,Adana,Bireysel,2002.0,2020-02-29,Bayi,Kaybedildi,Ulaşılamadı
101782,İzmir,Bireysel,1957.0,2018-12-23,Bayi,Aktif,
104012,İstanbul,Bireysel,1980.0,2019-02-19,Çağrı Merkezi,Aktif,
102166,İstanbul,Bireysel,1981.0,2018-11-12,Web,Pasif,
100183,İstanbul,Bireysel,2004.0,2019-05-01,Mobil Uygulama,Aktif,Kampanya bilgilendirmesi
101991,Ankara,Kurumsal,1973.0,2020-06-03,Mobil Uygulama,Aktif,Randevu hatırlatması yapıldı
101753,İstanbul,Bireysel,1956.0,2017-06-09,Bayi,Aktif,Randevu hatırlatması yapıldı
103525,istanbul,Bireysel,1985.0,2021-01-15,Bayi,Aktif,
100937,İzmir,Bireysel,1998.0,2019-02-27,Bayi,Aktif,
103943,Kocaeli,Kurumsal,1997.0,2018-06-01,Bayi,Aktif,Kampanya bilgilendirmesi
102076,İstanbul,Bireysel,1986.0,2020-03-15,Çağrı Merkezi,Aktif,
101451,Ankara,Bireysel,1982.0,2017-08-03,Web,Aktif,Randevu hatırlatması yapıldı
102578,İzmir,Bireysel,1995.0,2016-04-25,Bayi,Aktif,
103014,Antalya,Bireysel,1975.0,2021-01-14,Bayi,Kaybedildi,Ulaşılamadı
101107,İstanbul,Bireysel,1955.0,2020-05-04,Bayi,Aktif,Memnuniyet araması
100956,İstanbul,Bireysel,1981.0,2020-06-12,Bayi,Aktif,
100438,Antalya,Bireysel,1971.0,2018-09-05,Mobil Uygulama,Aktif,
100035,Antalya,Bireysel,1966.0,2018-05-15,Çağrı Merkezi,Kaybedildi,Araç satıldı
102090,İstanbul,Kurumsal,1981.0,2019-03-07,Bayi,Aktif,Kampanya bilgilendirmesi
100520,İstanbul,Bireysel,1962.0,2021-06-25,Bayi,Kaybedildi,Ulaşılamadı
102079,Ankara,Bireysel,1994.0,2021-03-13,Web,Aktif,
103565,Antalya,Kurumsal,2000.0,2016-03-15,Bayi,Aktif,Memnuniyet araması
102318,İstanbul,Bireysel,1959.0,2018-06-06,Mobil Uygulama,Aktif,Randevu hatırlatması yapıldı
103173,Bursa,Bireysel,1996.0,2020-11-09,Çağrı Merkezi,Kaybedildi,Araç satıldı
104157,Ankara,Bireysel,1994.0,2018-02-06,Bayi,Aktif,Memnuniyet araması
101202,ISTANBUL,Bireysel,1968.0,2020-03-16,Bayi,Aktif,
104009,Istanbul,Bireysel,2000.0,2016-01-23,Bayi,Aktif,
102826,İstanbul,Bireysel,1983.0,2021-09-15,Çağrı Merkezi,Aktif,Memnuniyet araması
102154,İstanbul,Bireysel,1984.0,2021-05-09,Bayi,Aktif,Memnuniyet araması
103823,İstanbul,Bireysel,1963.0,2020-04-03,Mobil Uygulama,Aktif,
101089,Adana,Bireysel,1994.0,2021-04-07,Bayi,Kaybedildi,Ulaşılamadı
104050,İstanbul,Bireysel,,2021-08-11,Bayi,Aktif,
100423,İzmir,Kurumsal,1999.0,2018-08-08,Bayi,Aktif,
101662,İSTANBUL,Bireysel,1979.0,2016-02-05,Bayi,Aktif,Randevu hatırlatması yapıldı
101608,İzmir,Bireysel,1975.0,2019-03-03,Bayi,Aktif,Kampanya bilgilendirmesi
100142,İstanbul,Kurumsal,1975.0,2017-01-20,Bayi,Aktif,Memnuniyet araması
101317,İstanbul,Bireysel,1995.0,2021-04-18,Bayi,Aktif,Memnuniyet araması
100200,Bursa,Bireysel,1990.0,2016-06-14,Bayi,Aktif,
102861,Adana,Bireysel,1964.0,2020-06-18,Bayi,Pasif,Randevu hatırlatması yapıldı
103852,İstanbul,Bireysel,1987.0,2021-10-12,Bayi,Aktif,
100028,Ankara,Bireysel,1975.0,2021-02-04,Bayi,Aktif,Memnuniyet araması
100737,Ankara,Bireysel,1955.0,2018-02-15,Web,Aktif,Kampanya bilgilendirmesi
102227,İstanbul,Bireysel,2003.0,2019-02-03,Bayi,Kaybedildi,
100574,Antalya,Kurumsal,2000.0,2018-07-31,Mobil Uygulama,Aktif,Randevu hatırlatması yapıldı
102992,Bursa,Bireysel,1977.0,2019-11-06,Bayi,Aktif,
103954,İstanbul,Kurumsal,1964.0,2017-04-30,Bayi,Aktif,Randevu hatırlatması yapıldı
103969,Ankara,Bireysel,1973.0,2017-09-26,Bayi,Aktif,Randevu hatırlatması yapıldı
103054,İstanbul,Bireysel,1985.0,2017-09-27,Çağrı Merkezi,Aktif,Memnuniyet araması
103114,İstanbul,Bireysel,1982.0,2018-11-06,Bayi,Aktif,
102093,Adana,Bireysel,2001.0,2020-05-09,Mobil Uygulama,Aktif,Randevu hatırlatması yapıldı
100478,Kocaeli,Bireysel,1986.0,2021-03-05,Bayi,Aktif,Randevu hatırlatması yapıldı
103870,Ankara,Bireysel,1997.0,2020-03-05,Çağrı Merkezi,Aktif,
103722,Ankara,Bireysel,1994.0,2016-10-12,Bayi,Aktif,
101765,ADANA,Bireysel,1993.0,2016-08-28,Bayi,Kaybedildi,Ulaşılamadı
100033,Ankara,Kurumsal,1973.0,2016-01-14,Bayi,Aktif,Kampanya bilgilendirmesi
100990,İstanbul,Bireysel,1990.0,2017-03-19,Web,Aktif,
103278,İzmir,Bireysel,1996.0,2020-02-22,Bayi,Aktif,
100303,Ankara,Bireysel,1987.0,2017-06-13,Çağrı Merkezi,Aktif,Randevu hatırlatması yapıldı
100488,İstanbul,Bireysel,1998.0,2018-09-21,Bayi,Aktif,
101388,İzmir,Bireysel,1962.0,2018-05-17,Bayi,Aktif,Kampanya bilgilendirmesi
100249,İzmir,Bireysel,2000.0,2018-11-29,Bayi,Aktif,Randevu hatırlatması yapıldı
103140,Kocaeli,Bireysel,1983.0,2020-05-16,Bayi,Aktif,Randevu hatırlatması yapıldı
101133,Kocaeli,Kurumsal,1983.0,2018-09-26,Bayi,Aktif,
100294,İstanbul,Bireysel,1982.0,2021-12-09,Bayi,Aktif,Kampanya bilgilendirmesi
100960,İstanbul,Bireysel,1994.0,2016-07-12,Bayi,Aktif,
102426,Antalya,Bireysel,1960.0,2016-05-31,Bayi,Kaybedildi,Başka servise geçti
102885,ISTANBUL,Bireysel,1964.0,2017-04-26,Mobil Uygulama,Pasif,Araç satıldı
102343,İstanbul,Bireysel,1987.0,2017-05-21,Web,Aktif,Memnuniyet araması
103580,ANKARA,Bireysel,1994.0,2016-01-18,Çağrı Merkezi,Pasif,Ulaşılamadı
101897,İstanbul,Bireysel,1987.0,2021-02-18,Bayi,Aktif,
102381,Ankara,Bireysel,1988.0,2017-03-01,Bayi,Aktif,
101886,İzmir,Bireysel,1998.0,2019-06-26,Çağrı Merkezi,Aktif,
102335,İstanbul,Bireysel,1989.0,2019-02-28,Bayi,Aktif,Randevu hatırlatması yapıldı
104005,ANKARA,Bireysel,1991.0,2018-07-10,Bayi,Aktif,Memnuniyet araması
103040,Adana,Bireysel,1988.0,2018-09-25,Bayi,Aktif,Memnuniyet araması
101002,ISTANBUL,Bireysel,1964.0,2020-03-22,Çağrı Merkezi,Pasif,Kampanya bilgilendirmesi
102501,Adana,Bireysel,1956.0,2016-02-14,Web,Aktif,Kampanya bilgilendirmesi
101240,Antalya,Kurumsal,1956.0,2018-07-08,Bayi,Aktif,Randevu hatırlatması yapıldı
102017,İzmir,Bireysel,1955.0,2021-08-27,Web,Aktif,
103100,Adana,Bireysel,1958.0,2021-05-06,Bayi,Aktif,Memnuniyet araması
102796,İstanbul,Bireysel,1964.0,2020-08-12,Bayi,Aktif,Memnuniyet araması
104192,İstanbul,Bireysel,1984.0,2016-07-22,Bayi,Aktif,
102863,Ankara,Kurumsal,1968.0,2017-09-13,Bayi,Aktif,Memnuniyet araması
101238,Antalya,Bireysel,1984.0,2020-12-04,Bayi,Aktif,
103002,Ankara,Bireysel,1973.0,2017-03-18,Web,Aktif,
101945,İstanbul,Kurumsal,1996.0,2018-10-30,Bayi,Aktif,
100663,ISTANBUL,Bireysel,1969.0,2016-10-15,Bayi,Kaybedildi,Ulaşılamadı
101409,Kocaeli,Bireysel,1993.0,2017-04-16,Web,Aktif,
101731,Ankara,Bireysel,1966.0,2021-02-27,Bayi,Kaybedildi,
103390,İzmir,Bireysel,1956.0,2018-09-15,Bayi,Aktif,Kampanya bilgilendirmesi
102601,İstanbul,Kurumsal,1993.0,2018-05-01,Bayi,Pasif,Kampanya bilgilendirmesi
100453,İstanbul,Bireysel,1965.0,2020-12-26,Bayi,Aktif,Kampanya bilgilendirmesi
103966,İstanbul,Bireysel,1971.0,2021-08-23,Çağrı Merkezi,Aktif,Kampanya bilgilendirmesi
102417,İzmir,Bireysel,1996.0,2021-06-27,Çağrı Merkezi,Aktif,
101271,ANKARA,Bireysel,1961.0,2017-06-09,Web,Aktif,
100265,Ankara,Bireysel,1998.0,2020-03-03,Mobil Uygulama,Kaybedildi,Araç satıldı
100040,Bursa,Bireysel,1997.0,2020-03-26,Web,Aktif,Kampanya bilgilendirmesi
102855,İstanbul,Bireysel,1994.0,2019-07-14,Çağrı Merkezi,Pasif,Memnuniyet araması
103334,Bursa,Bireysel,1997.0,2017-09-25,Bayi,Kaybedildi,
100579,İzmir,Bireysel,1957.0,2021-08-02,Mobil Uygulama,Aktif,
102209,İstanbul,Bireysel,2003.0,2018-08-09,Çağrı Merkezi,Aktif,
101473,Ankara,Bireysel,1991.0,2021-11-22,Web,Aktif,Kampanya bilgilendirmesi
102937,Kocaeli,Bireysel,1997.0,2017-03-08,Bayi,Kaybedildi,Başka servise geçti
103543,Antalya,Bireysel,1987.0,2019-12-17,Bayi,Aktif,
103381,İstanbul,Bireysel,1999.0,2020-08-12,Bayi,Aktif,Memnuniyet araması
100507,ADANA,Bireysel,1956.0,2019-08-10,Çağrı Merkezi,Aktif,Randevu hatırlatması yapıldı
101828,İstanbul,Bireysel,1890.0,2016-10-23,Web,Aktif,Kampanya bilgilendirmesi
100502,İstanbul,Kurumsal,1991.0,2020-03-25,Bayi,Aktif,Kampanya bilgilendirmesi
100396,Antalya,Bireysel,1983.0,2017-11-22,Bayi,Aktif,Randevu hatırlatması yapıldı
100474,İstanbul,Bireysel,1959.0,2021-10-06,Bayi,Aktif,
101882,Bursa,Bireysel,1981.0,2020-10-14,Çağrı Merkezi,Pasif,
103396,İstanbul,Bireysel,1983.0,2021-07-04,Çağrı Merkezi,Aktif,
102142,İstanbul,Bireysel,1959.0,2017-03-25,Bayi,Aktif,Memnuniyet araması
100188,İstanbul,Bireysel,1980.0,2021-02-26,Bayi,Aktif,Memnuniyet araması
103108,İstanbul,Kurumsal,1994.0,2020-04-20,Web,Aktif,
104084,İstanbul,Bireysel,1959.0,2018-06-19,Bayi,Aktif,Memnuniyet araması
102552,İstanbul,Bireysel,1977.0,2020-03-15,Çağrı Merkezi,Aktif,Kampanya bilgilendirmesi
103743,Ankara,Kurumsal,1955.0,2017-11-11,Web,Aktif,
103815,BURSA,Bireysel,1980.0,2020-11-25,Web,Aktif,Kampanya bilgilendirmesi
101664,İstanbul,Bireysel,1972.0,2016-09-27,Bayi,Aktif,
100190,İstanbul,Bireysel,1987.0,2021-05-22,Çağrı Merkezi,Aktif,
103188,İstanbul,Kurumsal,2000.0,2020-08-14,Web,Aktif,
103677,İzmir,Bireysel,1963.0,2021-12-04,Web,Kaybedildi,İlgilenmiyor
102603,İzmir,Kurumsal,1975.0,2021-07-19,Çağrı Merkezi,Aktif,
103593,İstanbul,Bireysel,1955.0,2019-08-06,Bayi,Aktif,Randevu hatırlatması yapıldı
101733,Ankara,Bireysel,2004.0,2021-01-14,Bayi,Kaybedildi,Başka servise geçti
101001,İstanbul,Bireysel,1970.0,2016-03-25,Bayi,Kaybedildi,Başka servise geçti
103357,Bursa,Bireysel,1989.0,2017-02-07,Çağrı Merkezi,Aktif,Randevu hatırlatması yapıldı
100902,İstanbul,Bireysel,1980.0,2017-08-04,Web,Aktif,Memnuniyet araması
103422,İstanbul,Bireysel,1962.0,2016-01-13,Bayi,Aktif,
100327,İstanbul,Bireysel,1963.0,2020-02-03,Bayi,Aktif,
101495,Adana,Bireysel,1987.0,2021-05-06,Bayi,Kaybedildi,Araç satıldı
103492,Ankara,Bireysel,1971.0,2016-07-05,Bayi,Aktif,Kampanya bilgilendirmesi
100653,Bursa,Bireysel,1977.0,2016-06-13,Bayi,Aktif,Kampanya bilgilendirmesi
102440,İzmir,Bireysel,1972.0,2021-07-16,Bayi,Aktif,
100361,Kocaeli,Bireysel,1987.0,2016-04-12,Çağrı Merkezi,Aktif,Memnuniyet araması
101090,İstanbul,Bireysel,1968.0,2019-08-06,Web,Aktif,
102817,İstanbul,Kurumsal,1968.0,2017-09-04,Bayi,Aktif,
101519,İSTANBUL,Bireysel,1985.0,2018-09-29,Mobil Uygulama,Aktif,Kampanya bilgilendirmesi
102607,Bursa,Kurumsal,1996.0,2019-12-04,Web,Aktif,Memnuniyet araması
102776,İstanbul,Bireysel,1988.0,2020-09-25,Bayi,Aktif,Memnuniyet araması
104102,İstanbul,Bireysel,1957.0,2016-04-19,Bayi,Aktif,Randevu hatırlatması yapıldı
100936,Ankara,Bireysel,1996.0,2020-04-10,Bayi,Aktif,Memnuniyet araması
100568,İstanbul,Bireysel,1975.0,2019-02-10,Bayi,Aktif,
102784,İstanbul,Bireysel,2004.0,2017-12-21,Bayi,Aktif,Kampanya bilgilendirmesi
103001,İstanbul,Kurumsal,1994.0,2021-08-16,Mobil Uygulama,Aktif,Randevu hatırlatması yapıldı
102100,Antalya,Bireysel,1974.0,2021-08-22,Bayi,Aktif,Kampanya bilgilendirmesi
103007,İstanbul,Bireysel,2004.0,2016-08-15,Web,Aktif,
101904,İstanbul,Bireysel,1976.0,2018-09-29,Web,Aktif,Kampanya bilgilendirmesi
100003,Ankara,Bireysel,,2018-08-30,Çağrı Merkezi,Aktif,Randevu hatırlatması yapıldı
101272,Adana,Bireysel,1972.0,2018-11-19,Bayi,Aktif,
102978,Ankara,Bireysel,1974.0,2016-05-12,Bayi,Aktif,Randevu hatırlatması yapıldı
102319,Antalya,Bireysel,1991.0,2016-07-16,Web,Aktif,Kampanya bilgilendirmesi
102220,İzmir,Bireysel,1993.0,2018-12-08,Bayi,Aktif,Randevu hatırlatması yapıldı
102262,Antalya,Bireysel,1958.0,2016-09-24,Bayi,Aktif,Memnuniyet araması
100793,istanbul,Bireysel,1967.0,2021-08-29,Bayi,Aktif,
103301,İstanbul,Kurumsal,1973.0,2021-05-17,Bayi,Kaybedildi,
103266,İstanbul,Bireysel,1966.0,2016-10-05,Web,Kaybedildi,Başka servise geçti
101973,İstanbul,Bireysel,1970.0,2016-11-05,Mobil Uygulama,Aktif,
102264,İstanbul,Bireysel,1957.0,2018-06-08,Bayi,Kaybedildi,Araç satıldı
102862,İstanbul,Kurumsal,1975.0,2018-10-18,Bayi,Aktif,Kampanya bilgilendirmesi
102107,İstanbul,Bireysel,1994.0,2019-06-05,Bayi,Aktif,Kampanya bilgilendirmesi
103342,İstanbul,Bireysel,1999.0,2019-03-03,Web,Aktif,
103081,İzmir,Bireysel,1980.0,2020-04-03,Bayi,Aktif,Kampanya bilgilendirmesi
101099,İstanbul,Bireysel,1957.0,2018-07-27,Mobil Uygulama,Aktif,
100263,Kocaeli,Bireysel,1969.0,2019-06-28,Bayi,Aktif,Memnuniyet araması
101084,İstanbul,Bireysel,1984.0,2018-01-17,Çağrı Merkezi,Aktif,Kampanya bilgilendirmesi
103729,İstanbul,Bireysel,1988.0,2016-04-25,Çağrı Merkezi,Aktif,Kampanya bilgilendirmesi
101471,İstanbul,Bireysel,2001.0,2019-12-01,Bayi,Aktif,Randevu hatırlatması yapıldı
101611,Ankara,Bireysel,1890.0,2021-02-15,Mobil Uygulama,Aktif,Randevu hatırlatması yapıldı
103343,ankara,Bireysel,1958.0,2016-12-31,Web,Aktif,
103247,İstanbul,Kurumsal,2001.0,2016-05-30,Çağrı Merkezi,Aktif,
101413,İstanbul,Bireysel,1998.0,2020-12-12,Bayi,Pasif,Ulaşılamadı
100764,İstanbul,Bireysel,1973.0,2016-07-05,Bayi,Aktif,
100875,İstanbul,Bireysel,1965.0,2018-04-17,Bayi,Pasif,
104070,İzmir,Bireysel,1985.0,2020-06-07,Web,Aktif,
100227,İstanbul,Bireysel,1973.0,2018-09-25,Bayi,Aktif,Memnuniyet araması
103050,İstanbul,Bireysel,1967.0,2019-06-01,Bayi,Kaybedildi,İlgilenmiyor
101754,İstanbul,Kurumsal,1977.0,2019-02-13,Bayi,Aktif,Randevu hatırlatması yapıldı
103577,Bursa,Bireysel,1999.0,2020-05-19,Mobil Uygulama,Pasif,
103379,Adana,Kurumsal,1995.0,2018-09-09,Bayi,Aktif,
103160,Ankara,Bireysel,1959.0,2017-02-26,Bayi,Kaybedildi,İlgilenmiyor
100601,Adana,Bireysel,2003.0,2017-08-01,Bayi,Aktif,Kampanya bilgilendirmesi
102898,Ankara,Kurumsal,1987.0,2021-09-09,Bayi,Aktif,
103354,İzmir,Bireysel,1974.0,2018-07-20,Mobil Uygulama,Aktif,Kampanya bilgilendirmesi
100442,Ankara,Kurumsal,1983.0,2017-05-20,Bayi,Aktif,
100293,İstanbul,Bireysel,1958.0,2021-09-17,Bayi,Aktif,Randevu hatırlatması yapıldı
102490,Ankara,Kurumsal,1958.0,2017-10-20,Mobil Uygulama,Kaybedildi,Ulaşılamadı
102258,ANKARA,Bireysel,1968.0,2021-04-19,Web,Aktif,Memnuniyet araması
103006,Adana,Bireysel,1968.0,2018-07-13,Bayi,Aktif,Randevu hatırlatması yapıldı
102269,İstanbul,Bireysel,1985.0,2021-02-21,Web,Aktif,Kampanya bilgilendirmesi
100270,İstanbul,Bireysel,1984.0,2020-03-25,Mobil Uygulama,Aktif,
104145,İstanbul,Bireysel,1989.0,2018-02-27,Çağrı Merkezi,Aktif,
100777,ANTALYA,Bireysel,1993.0,2017-03-20,Bayi,Aktif,
102602,KOCAELİ,Bireysel,1957.0,2017-04-13,Bayi,Aktif,Randevu hatırlatması yapıldı
102679,Ankara,Bireysel,1981.0,2019-03-09,Web,Aktif,Randevu hatırlatması yapıldı
100487,Antalya,Bireysel,1991.0,2017-10-14,Bayi,Kaybedildi,İlgilenmiyor
103202,Bursa,Bireysel,1964.0,2019-06-03,Çağrı Merkezi,Aktif,Memnuniyet araması
102536,İstanbul,Bireysel,1975.0,2020-02-24,Bayi,Kaybedildi,Ulaşılamadı
100102,İzmir,Bireysel,2001.0,2017-08-28,Bayi,Pasif,Kampanya bilgilendirmesi
104136,Antalya,Bireysel,1975.0,2016-08-26,Bayi,Aktif,Memnuniyet araması
104194,İzmir,Bireysel,1981.0,2019-12-21,Web,Aktif,Kampanya bilgilendirmesi
100266,İstanbul,Bireysel,1961.0,2019-02-24,Bayi,Aktif,
103810,Kocaeli,Bireysel,1981.0,2019-08-21,Bayi,Aktif,
101690,Bursa,Kurumsal,2004.0,2017-08-22,Bayi,Aktif,
101102,Ankara,Bireysel,1962.0,2016-12-10,Çağrı Merkezi,Aktif,
103244,İstanbul,Bireysel,1996.0,2016-05-14,Bayi,Aktif,
100445,İzmir,Bireysel,,2019-02-07,Çağrı Merkezi,Aktif,Kampanya bilgilendirmesi
102226,İstanbul,Bireysel,1976.0,2021-01-23,Web,Aktif,Memnuniyet araması
100904,Ankara,Bireysel,1988.0,2018-04-07,Bayi,Aktif,
104007,İstanbul,Bireysel,1979.0,2017-10-27,Bayi,Aktif,
104113,İstanbul,Bireysel,1972.0,2019-09-16,Mobil Uygulama,Aktif,
100412,İstanbul,Bireysel,1981.0,2021-05-29,Bayi,Aktif,Kampanya bilgilendirmesi
103373,İstanbul,Bireysel,1995.0,2021-06-10,Bayi,Pasif,Randevu hatırlatması yapıldı
102221,İstanbul,Bireysel,1961.0,2021-04-12,Bayi,Aktif,Randevu hatırlatması yapıldı
102559,Bursa,Bireysel,1963.0,2016-04-23,Çağrı Merkezi,Aktif,
100959,ankara,Bireysel,1968.0,2017-04-01,Bayi,Aktif,Kampanya bilgilendirmesi
100909,İzmir,Bireysel,1994.0,2017-05-23,Bayi,Aktif,Kampanya bilgilendirmesi
103774,Antalya,Kurumsal,1982.0,2021-02-07,Web,Aktif,
102114,Ankara,Kurumsal,1988.0,2020-06-02,Bayi,Aktif,Randevu hatırlatması yapıldı
103818,Bursa,Bireysel,1980.0,2019-07-30,Bayi,Aktif,Memnuniyet araması
103467,İstanbul,Bireysel,1999.0,2019-11-29,Bayi,Aktif,
102475,İstanbul,Bireysel,1961.0,2019-07-31,Bayi,Aktif,Randevu hatırlatması yapıldı
103708,İstanbul,Bireysel,1997.0,2019-08-19,Bayi,Aktif,
103277,İstanbul,Bireysel,1976.0,2018-08-26,Web,Kaybedildi,Ulaşılamadı
103875,İstanbul,Bireysel,1973.0,2018-10-23,Bayi,Aktif,Kampanya bilgilendirmesi
103303,Antalya,Bireysel,1963.0,2021-11-12,Web,Kaybedildi,Araç satıldı
101313,İstanbul,Bireysel,,2019-12-19,Web,Aktif,Memnuniyet araması
100544,İzmir,Kurumsal,1970.0,2019-05-24,Bayi,Aktif,
100908,İzmir,Bireysel,1964.0,2021-11-13,Web,Pasif,İlgilenmiyor
100104,Antalya,Bireysel,1965.0,2018-07-18,Mobil Uygulama,Kaybedildi,
101273,Ankara,Bireysel,2003.0,2016-07-21,Web,Aktif,Kampanya bilgilendirmesi
102561,Ankara,Bireysel,1958.0,2016-03-14,Mobil Uygulama,Aktif,Memnuniyet araması
101420,İstanbul,Bireysel,1962.0,2020-07-11,Bayi,Aktif,
100829,Antalya,Bireysel,1983.0,2019-01-28,Bayi,Kaybedildi,Ulaşılamadı
103147,Antalya,Bireysel,1987.0,2020-08-15,Bayi,Aktif,Memnuniyet araması
102783,Kocaeli,Bireysel,1997.0,2016-04-06,Bayi,Aktif,
102791,Bursa,Bireysel,1998.0,2019-09-01,Mobil Uygulama,Pasif,İlgilenmiyor
101518,İzmir,Bireysel,1968.0,2017-04-30,Bayi,Aktif,
102022,İstanbul,Bireysel,1955.0,2017-08-27,Bayi,Aktif,
100485,İzmir,Bireysel,1988.0,2020-07-05,Web,Aktif,Randevu hatırlatması yapıldı
104174,Ankara,Kurumsal,1997.0,2016-08-23,Web,Aktif,Memnuniyet araması
102957,İstanbul,Bireysel,1955.0,2019-05-10,Web,Aktif,Kampanya bilgilendirmesi
103946,İzmir,Bireysel,1988.0,2019-12-30,Bayi,Aktif,Memnuniyet araması
101559,İstanbul,Bireysel,1960.0,2020-04-05,Bayi,Pasif,Araç satıldı
100008,Ankara,Bireysel,1967.0,2016-06-20,Çağrı Merkezi,Aktif,Randevu hatırlatması yapıldı
103155,İstanbul,Bireysel,1969.0,2018-04-05,Bayi,Kaybedildi,İlgilenmiyor
100550,Ankara,Kurumsal,1976.0,2019-01-30,Bayi,Aktif,Memnuniyet araması
104186,Adana,Kurumsal,1993.0,2017-05-17,Çağrı Merkezi,Aktif,
102359,Bursa,Bireysel,2002.0,2018-11-29,Bayi,Pasif,Araç satıldı
102165,ANKARA,Bireysel,1971.0,2021-06-13,Mobil Uygulama,Aktif,
100177,Ankara,Bireysel,1969.0,2016-02-24,Mobil Uygulama,Pasif,Randevu hatırlatması yapıldı
103412,Ankara,Bireysel,1957.0,2021-01-20,Web,Aktif,Kampanya bilgilendirmesi
101103,Ankara,Kurumsal,2002.0,2018-04-16,Bayi,Aktif,Memnuniyet araması
101353,Ankara,Bireysel,2003.0,2020-01-19,Bayi,Kaybedildi,Başka servise geçti
102391,Ankara,Bireysel,1977.0,2020-02-22,Web,Aktif,Memnuniyet araması
100808,Kocaeli,Bireysel,1992.0,2020-06-25,Bayi,Aktif,
101508,Bursa,Bireysel,1995.0,2020-03-04,Bayi,Aktif,Randevu hatırlatması yapıldı
103511,Bursa,Bireysel,,2018-03-29,Bayi,Pasif,
101292,Kocaeli,Bireysel,1998.0,2021-09-06,Mobil Uygulama,Aktif,
102811,ANTALYA,Bireysel,1994.0,2018-07-06,Bayi,Aktif,Kampanya bilgilendirmesi
103063,İzmir,Bireysel,1990.0,2019-05-12,Bayi,Aktif,Memnuniyet araması
101684,Adana,Bireysel,1979.0,2020-11-19,Web,Kaybedildi,İlgilenmiyor
101319,İstanbul,Bireysel,1981.0,2020-12-20,Bayi,Aktif,Randevu hatırlatması yapıldı
101022,İstanbul,Bireysel,1997.0,2018-02-28,Bayi,Aktif,Kampanya bilgilendirmesi
100439,İstanbul,Bireysel,1995.0,2021-07-30,Bayi,Aktif,Randevu hatırlatması yapıldı
101701,İstanbul,Kurumsal,1982.0,2016-07-02,Web,Aktif,
103083,Ankara,Bireysel,1956.0,2020-12-18,Bayi,Pasif,Başka servise geçti
100443,Ankara,Bireysel,1999.0,2016-05-04,Bayi,Aktif,
102470,Bursa,Bireysel,,2019-06-24,Web,Aktif,Memnuniyet araması
103368,Bursa,Bireysel,1972.0,2019-08-15,Çağrı Merkezi,Aktif,Randevu hatırlatması yapıldı
103020,İstanbul,Bireysel,2001.0,2016-02-12,Mobil Uygulama,Kaybedildi,
102904,İstanbul,Bireysel,2000.0,2019-12-08,Çağrı Merkezi,Aktif,
102749,İzmir,Bireysel,2000.0,2020-09-21,Bayi,Aktif,Kampanya bilgilendirmesi
100345,Kocaeli,Kurumsal,1978.0,2020-11-12,Web,Aktif,Randevu hatırlatması yapıldı
104109,İstanbul,Bireysel,1993.0,2021-01-25,Bayi,Kaybedildi,Başka servise geçti
101144,İzmir,Bireysel,2000.0,2017-04-03,Bayi,Aktif,
103360,İstanbul,Bireysel,1959.0,2016-07-31,Mobil Uygulama,Aktif,
100276,İstanbul,Bireysel,1977.0,2019-07-25,Web,Kaybedildi,İlgilenmiyor
100118,İstanbul,Bireysel,1981.0,2020-04-26,Web,Aktif,Kampanya bilgilendirmesi
101853,İzmir,Bireysel,2002.0,2020-01-09,Web,Kaybedildi,Araç satıldı
103029,Adana,Bireysel,1985.0,2016-12-09,Mobil Uygulama,Aktif,
101150,İzmir,Bireysel,2001.0,2020-08-14,Çağrı Merkezi,Aktif,Randevu hatırlatması yapıldı
101038,Ankara,Bireysel,1980.0,2020-09-09,Bayi,Aktif,Memnuniyet araması
101110,İzmir,Bireysel,1977.0,2018-01-24,Web,Aktif,
103555,İstanbul,Kurumsal,1997.0,2016-01-20,Bayi,Aktif,
102119,İzmir,Bireysel,1961.0,2019-11-14,Bayi,Aktif,
103287,Ankara,Bireysel,1994.0,2016-04-05,Web,Aktif,Memnuniyet araması
101570,ANTALYA,Bireysel,1974.0,2019-05-27,Bayi,Aktif,Memnuniyet araması
102610,Antalya,Bireysel,1995.0,2018-04-07,Bayi,Aktif,
102655,Bursa,Kurumsal,1967.0,2021-02-04,Bayi,Aktif,
100325,İstanbul,Bireysel,1996.0,2019-08-09,Bayi,Aktif,
100783,İstanbul,Bireysel,1957.0,2018-01-24,Mobil Uygulama,Aktif,Başka servise geçti
102919,Ankara,Bireysel,1973.0,2016-04-04,Bayi,Aktif,Randevu hatırlatması yapıldı
101793,Ankara,Kurumsal,1979.0,2021-01-29,Web,Aktif,Kampanya bilgilendirmesi
101433,İstanbul,Bireysel,1980.0,2019-05-12,Çağrı Merkezi,Aktif,
101832,İstanbul,Bireysel,1955.0,2021-04-05,Bayi,Aktif,
103668,İstanbul,Bireysel,2002.0,2021-02-02,Çağrı Merkezi,Aktif,
100411,İstanbul,Bireysel,1986.0,2018-05-21,Web,Aktif,Kampanya bilgilendirmesi
103209,İstanbul,Bireysel,1959.0,2016-03-04,Bayi,Kaybedildi,Başka servise geçti
103003,Antalya,Bireysel,1970.0,2017-11-10,Çağrı Merkezi,Kaybedildi,Ulaşılamadı
100564,Ankara,Bireysel,1982.0,2018-08-04,Çağrı Merkezi,Aktif,
101834,Adana,Bireysel,1973.0,2020-12-09,Bayi,Aktif,Memnuniyet araması
103129,İstanbul,Bireysel,1959.0,2016-12-26,Web,Aktif,Kampanya bilgilendirmesi
101151,İstanbul,Kurumsal,1983.0,2018-08-31,Web,Aktif,Memnuniyet araması
103620,Antalya,Bireysel,1977.0,2017-02-28,Bayi,Aktif,Kampanya bilgilendirmesi
102680,İstanbul,Bireysel,1996.0,2016-07-10,Çağrı Merkezi,Pasif,
102357,İzmir,Bireysel,1981.0,2020-11-11,Bayi,Aktif,Memnuniyet araması
103323,İzmir,Kurumsal,1958.0,2019-04-04,Web,Aktif,
104059,İstanbul,Bireysel,1963.0,2021-09-19,Bayi,Aktif,Memnuniyet araması
100470,Adana,Bireysel,1995.0,2017-09-04,Web,Aktif,Randevu hatırlatması yapıldı
101156,Bursa,Bireysel,1971.0,2021-08-18,Bayi,Aktif,Randevu hatırlatması yapıldı
103486,Kocaeli,Bireysel,1957.0,2018-12-06,Mobil Uygulama,Aktif,Memnuniyet araması
101105,İstanbul,Bireysel,1974.0,2018-01-09,Bayi,Aktif,Memnuniyet araması
100784,Antalya,Bireysel,1985.0,2019-01-05,Web,Aktif,Kampanya bilgilendirmesi
102352,İzmir,Kurumsal,1989.0,2016-10-18,Çağrı Merkezi,Aktif,Randevu hatırlatması yapıldı
100620,Bursa,Bireysel,1982.0,2016-12-07,Çağrı Merkezi,Aktif,Kampanya bilgilendirmesi
100702,Ankara,Bireysel,1987.0,2020-02-08,Çağrı Merkezi,Kaybedildi,Ulaşılamadı
101450,İzmir,Kurumsal,1968.0,2017-07-30,Bayi,Aktif,Kampanya bilgilendirmesi
102265,Antalya,Bireysel,1956.0,2018-12-29,Bayi,Kaybedildi,Başka servise geçti
103928,Ankara,Kurumsal,1982.0,2017-01-19,Bayi,Kaybedildi,İlgilenmiyor
102823,İstanbul,Bireysel,1986.0,2017-05-01,Bayi,Aktif,Randevu hatırlatması yapıldı
103571,Adana,Bireysel,1985.0,2021-03-07,Bayi,Pasif,Memnuniyet araması
103730,İstanbul,Kurumsal,1998.0,2019-02-28,Bayi,Aktif,Kampanya bilgilendirmesi
100347,İstanbul,Bireysel,1980.0,2021-12-23,Çağrı Merkezi,Aktif,Kampanya bilgilendirmesi
101128,Antalya,Bireysel,1963.0,2017-04-19,Bayi,Aktif,Kampanya bilgilendirmesi
100611,İzmir,Bireysel,1972.0,2019-10-01,Bayi,Aktif,
100185,İstanbul,Bireysel,1984.0,2020-07-18,Bayi,Aktif,Memnuniyet araması
104067,İstanbul,Bireysel,1969.0,2020-08-18,Bayi,Aktif,
101166,İstanbul,Bireysel,1964.0,2020-10-25,Bayi,Aktif,Kampanya bilgilendirmesi
101797,Kocaeli,Bireysel,1969.0,2021-10-12,Web,Kaybedildi,Araç satıldı
102896,Ankara,Bireysel,1994.0,2017-03-16,Web,Aktif,Memnuniyet araması
103036,İstanbul,Bireysel,1967.0,2017-03-21,Bayi,Aktif,Memnuniyet araması
100995,Antalya,Kurumsal,2000.0,2016-08-27,Çağrı Merkezi,Aktif,
103747,İstanbul,Bireysel,1958.0,2019-03-13,Çağrı Merkezi,Aktif,
102694,KOCAELİ,Bireysel,1966.0,2020-07-21,Web,Aktif,
100527,İstanbul,Bireysel,1962.0,2018-04-24,Web,Aktif,Randevu hatırlatması yapıldı
102240,İstanbul,Bireysel,1996.0,2019-03-25,Çağrı Merkezi,Aktif,Randevu hatırlatması yapıldı
104135,Ankara,Bireysel,,2021-09-24,Bayi,Aktif,
100471,İstanbul,Bireysel,1981.0,2021-01-08,Bayi,Aktif,Randevu hatırlatması yapıldı
102189,Ankara,Bireysel,1955.0,2020-09-01,Bayi,Aktif,
102068,Bursa,Bireysel,1991.0,2021-06-25,Çağrı Merkezi,Kaybedildi,Araç satıldı
100887,Bursa,Bireysel,1958.0,2017-12-12,Bayi,Aktif,Kampanya bilgilendirmesi
100933,Ankara,Bireysel,1986.0,2018-04-18,Bayi,Aktif,
103130,Antalya,Bireysel,1969.0,2020-11-01,Bayi,Kaybedildi,Başka servise geçti
103310,Antalya,Bireysel,1962.0,2017-03-17,Web,Aktif,
100237,İstanbul,Kurumsal,1965.0,2020-06-22,Bayi,Aktif,
100978,İstanbul,Bireysel,1988.0,2021-07-07,Bayi,Aktif,Randevu hatırlatması yapıldı
102543,Kocaeli,Bireysel,1978.0,2021-02-01,Bayi,Aktif,Kampanya bilgilendirmesi
102248,ankara,Bireysel,1990.0,2020-03-10,Web,Kaybedildi,Ulaşılamadı
100417,Ankara,Bireysel,1960.0,2016-08-19,Web,Aktif,Randevu hatırlatması yapıldı
102494,İstanbul,Bireysel,1959.0,2019-07-23,Bayi,Aktif,
103168,İstanbul,Bireysel,1978.0,2019-06-28,Bayi,Aktif,
104086,İstanbul,Bireysel,1991.0,2017-03-10,Bayi,Aktif,Kampanya bilgilendirmesi
100489,Kocaeli,Bireysel,1961.0,2020-02-01,Web,Aktif,
101059,İzmir,Bireysel,1955.0,2018-03-09,Bayi,Aktif,Kampanya bilgilendirmesi
104037,Kocaeli,Bireysel,1974.0,2017-06-15,Bayi,Aktif,
103738,İstanbul,Kurumsal,1994.0,2017-12-04,Bayi,Aktif,Memnuniyet araması
102756,Antalya,Bireysel,1977.0,2017-10-15,Bayi,Aktif,Randevu hatırlatması yapıldı
101466,İstanbul,Bireysel,1979.0,2020-04-26,Bayi,Aktif,Memnuniyet araması
101077,Ankara,Bireysel,1987.0,2019-06-28,Bayi,Kaybedildi,Başka servise geçti
101148,Kocaeli,Bireysel,1977.0,2018-09-21,Bayi,Aktif,
103714,BURSA,Bireysel,1978.0,2017-06-02,Bayi,Kaybedildi,İlgilenmiyor
100872,Ankara,Bireysel,1971.0,2017-12-26,Bayi,Aktif,Kampanya bilgilendirmesi
102665,İstanbul,Bireysel,2000.0,2016-01-08,Bayi,Aktif,
100078,İzmir,Bireysel,1998.0,2020-03-14,Bayi,Aktif,Memnuniyet araması
100244,Bursa,Bireysel,1985.0,2019-02-10,Bayi,Aktif,
104081,İstanbul,Bireysel,1995.0,2016-04-19,Bayi,Aktif,
102422,ISTANBUL,Bireysel,1990.0,2017-02-17,Bayi,Pasif,Randevu hatırlatması yapıldı
102577,İstanbul,Bireysel,1983.0,2017-10-05,Web,Kaybedildi,İlgilenmiyor
102757,Bursa,Kurumsal,1983.0,2019-04-15,Web,Aktif,
103222,İstanbul,Bireysel,,2019-11-07,Bayi,Kaybedildi,Başka servise geçti
102712,Kocaeli,Bireysel,1993.0,2021-05-24,Web,Aktif,
101444,İzmir,Bireysel,1963.0,2017-01-02,Web,Aktif,Randevu hatırlatması yapıldı
101464,İSTANBUL,Bireysel,1979.0,2019-12-04,Bayi,Kaybedildi,Araç satıldı
100838,İstanbul,Bireysel,1956.0,2019-08-12,Çağrı Merkezi,Aktif,Kampanya bilgilendirmesi
103683,İzmir,Bireysel,1976.0,2019-11-26,Bayi,Kaybedildi,Araç satıldı
101032,Ankara,Bireysel,1959.0,2018-06-15,Bayi,Aktif,
103156,Kocaeli,Kurumsal,1979.0,2017-10-25,Çağrı Merkezi,Aktif,
104138,Adana,Bireysel,1975.0,2019-07-28,Bayi,Pasif,
100115,İstanbul,Bireysel,1992.0,2021-06-10,Çağrı Merkezi,Aktif,
102766,İstanbul,Kurumsal,1985.0,2018-12-10,Web,Aktif,Memnuniyet araması
100259,Kocaeli,Bireysel,1970.0,2017-06-29,Bayi,Aktif,Kampanya bilgilendirmesi
101379,Bursa,Bireysel,1963.0,2020-09-17,Web,Aktif,Memnuniyet araması
100790,IZMIR,Bireysel,1995.0,2016-02-09,Web,Aktif,Memnuniyet araması
104047,Ankara,Bireysel,1984.0,2019-01-30,Bayi,Kaybedildi,Ulaşılamadı
101984,İstanbul,Bireysel,1975.0,2018-05-24,Mobil Uygulama,Aktif,Randevu hatırlatması yapıldı
103450,İzmir,Kurumsal,1969.0,2017-04-08,Bayi,Aktif,
102392,İstanbul,Bireysel,1980.0,2016-03-11,Mobil Uygulama,Aktif,Kampanya bilgilendirmesi
102461,İstanbul,Bireysel,1970.0,2018-03-14,Web,Aktif,
101866,İzmir,Bireysel,1986.0,2019-02-02,Bayi,Aktif,Kampanya bilgilendirmesi
100989,İstanbul,Bireysel,1972.0,2019-03-12,Web,Kaybedildi,İlgilenmiyor
102332,İstanbul,Bireysel,1966.0,2020-07-13,Web,Aktif,Randevu hatırlatması yapıldı
100660,Kocaeli,Bireysel,1997.0,2019-12-20,Bayi,Aktif,
102921,Ankara,Kurumsal,1993.0,2016-07-28,Web,Kaybedildi,Ulaşılamadı
101267,Adana,Bireysel,1972.0,2017-07-16,Çağrı Merkezi,Kaybedildi,
101301,Antalya,Bireysel,2004.0,2020-08-19,Bayi,Pasif,Başka servise geçti
100397,Adana,Bireysel,1969.0,2016-07-13,Mobil Uygulama,Aktif,Memnuniyet araması
102940,İstanbul,Bireysel,1970.0,2021-03-04,Web,Aktif,Kampanya bilgilendirmesi
102488,Adana,Kurumsal,1959.0,2021-06-01,Mobil Uygulama,Aktif,
102592,Ankara,Bireysel,1988.0,2020-05-04,Web,Aktif,
102224,İzmir,Bireysel,1972.0,2018-12-13,Bayi,Aktif,Memnuniyet araması
101748,İstanbul,Kurumsal,1890.0,2021-08-09,Bayi,Aktif,Randevu hatırlatması yapıldı
102187,İstanbul,Bireysel,1986.0,2020-03-16,Çağrı Merkezi,Aktif,Memnuniyet araması
101389,Kocaeli,Bireysel,1958.0,2018-01-01,Bayi,Aktif,
100729,İzmir,Bireysel,1997.0,2017-10-07,Web,Kaybedildi,Araç satıldı
103211,Adana,Bireysel,2003.0,2016-02-12,Bayi,Aktif,Kampanya bilgilendirmesi
102660,Ankara,Bireysel,1968.0,2016-12-12,Bayi,Aktif,Randevu hatırlatması yapıldı
101725,İzmir,Bireysel,1980.0,2017-12-15,Web,Aktif,Kampanya bilgilendirmesi
102251,Kocaeli,Bireysel,1980.0,2021-03-28,Bayi,Aktif,
104154,Kocaeli,Bireysel,1968.0,2019-03-28,Bayi,Aktif,
100712,İstanbul,Bireysel,1981.0,2017-08-08,Bayi,Aktif,
101155,İstanbul,Bireysel,1955.0,2018-07-28,Bayi,Pasif,İlgilenmiyor
100910,İstanbul,Kurumsal,1992.0,2021-10-01,Web,Aktif,Memnuniyet araması
100248,İstanbul,Bireysel,1983.0,2021-01-31,Mobil Uygulama,Aktif,
103026,Antalya,Bireysel,1958.0,2019-01-28,Bayi,Aktif,Kampanya bilgilendirmesi
101366,Bursa,Bireysel,1980.0,2016-08-12,Bayi,Aktif,
100088,İstanbul,Bireysel,1963.0,2021-05-01,Bayi,Aktif,Kampanya bilgilendirmesi
102873,İzmir,Bireysel,1992.0,2021-02-05,Web,Aktif,Kampanya bilgilendirmesi
102457,Ankara,Bireysel,1993.0,2017-10-12,Bayi,Aktif,Memnuniyet araması
101887,İstanbul,Bireysel,1999.0,2016-04-05,Bayi,Aktif,Kampanya bilgilendirmesi
103688,Antalya,Bireysel,1984.0,2021-12-18,Çağrı Merkezi,Aktif,
101523,İstanbul,Bireysel,1959.0,2019-02-02,Web,Aktif,Randevu hatırlatması yapıldı
100089,İstanbul,Kurumsal,1974.0,2021-02-19,Mobil Uygulama,Aktif,Randevu hatırlatması yapıldı
101191,İstanbul,Bireysel,2003.0,2018-01-28,Bayi,Aktif,Kampanya bilgilendirmesi
103512,Ankara,Bireysel,1985.0,2018-12-20,Bayi,Aktif,
102396,İzmir,Bireysel,2004.0,2017-12-27,Mobil Uygulama,Pasif,Kampanya bilgilendirmesi
100557,ANTALYA,Bireysel,1956.0,2017-09-14,Web,Aktif,
102672,İstanbul,Kurumsal,2001.0,2017-11-03,Bayi,Aktif,Randevu hatırlatması yapıldı
102996,Ankara,Bireysel,1956.0,2017-06-25,Bayi,Aktif,Randevu hatırlatması yapıldı
104032,İstanbul,Bireysel,1965.0,2017-03-06,Bayi,Aktif,Randevu hatırlatması yapıldı
103376,İstanbul,Bireysel,1970.0,2018-12-12,Bayi,Kaybedildi,Araç satıldı
100313,İstanbul,Kurumsal,1968.0,2020-12-22,Mobil Uygulama,Aktif,
102731,İstanbul,Bireysel,1994.0,2017-08-26,Bayi,Pasif,İlgilenmiyor
102807,İstanbul,Bireysel,1966.0,2019-11-14,Bayi,Aktif,Kampanya bilgilendirmesi
100619,Antalya,Bireysel,1995.0,2019-01-25,Bayi,Pasif,İlgilenmiyor
103367,İstanbul,Bireysel,1979.0,2016-07-16,Mobil Uygulama,Pasif,Ulaşılamadı
101966,İstanbul,Bireysel,2002.0,2016-08-01,Bayi,Kaybedildi,Araç satıldı
101742,İstanbul,Kurumsal,1978.0,2019-07-06,Web,Aktif,Randevu hatırlatması yapıldı
100773,Adana,Bireysel,1959.0,2016-12-05,Bayi,Pasif,Başka servise geçti
100198,İstanbul,Bireysel,1970.0,2020-12-05,Bayi,Aktif,Başka servise geçti
101429,İzmir,Bireysel,1962.0,2020-09-02,Bayi,Aktif,Randevu hatırlatması yapıldı
101971,Kocaeli,Bireysel,1979.0,2020-06-12,Web,Aktif,
102121,Antalya,Bireysel,1981.0,2021-05-05,Bayi,Aktif,Kampanya bilgilendirmesi
100549,İzmir,Bireysel,1989.0,2018-11-04,Bayi,Kaybedildi,Başka servise geçti
100616,İstanbul,Bireysel,1972.0,2020-09-26,Bayi,Kaybedildi,İlgilenmiyor
103723,İstanbul,Bireysel,1980.0,2016-12-01,Web,Aktif,Kampanya bilgilendirmesi
103025,Ankara,Bireysel,1991.0,2018-05-10,Bayi,Aktif,
100717,İzmir,Bireysel,1963.0,2018-11-15,Bayi,Kaybedildi,Araç satıldı
100125,Kocaeli,Bireysel,1971.0,2020-04-23,Bayi,Aktif,Randevu hatırlatması yapıldı
102175,Adana,Bireysel,1997.0,2020-03-18,Mobil Uygulama,Pasif,İlgilenmiyor
102110,İzmir,Bireysel,1970.0,2017-04-09,Bayi,Aktif,
101835,Antalya,Bireysel,1996.0,2018-11-19,Çağrı Merkezi,Aktif,Kampanya bilgilendirmesi
100402,İstanbul,Bireysel,1985.0,2019-03-28,Bayi,Aktif,Kampanya bilgilendirmesi
102439,Bursa,Bireysel,1979.0,2020-11-29,Bayi,Aktif,Kampanya bilgilendirmesi
104178,Antalya,Bireysel,1967.0,2016-05-07,Web,Aktif,Randevu hatırlatması yapıldı
102846,İstanbul,Bireysel,1993.0,2020-10-25,Web,Aktif,Randevu hatırlatması yapıldı
104167,İzmir,Bireysel,1968.0,2020-09-02,Mobil Uygulama,Aktif,
100504,İstanbul,Bireysel,1994.0,2018-05-02,Mobil Uygulama,Kaybedildi,Ulaşılamadı
101497,İstanbul,Bireysel,1971.0,2018-07-27,Bayi,Pasif,
103325,İstanbul,Bireysel,1999.0,2018-10-01,Bayi,Pasif,
100079,Adana,Bireysel,1993.0,2016-11-07,Bayi,Pasif,Ulaşılamadı
100569,Ankara,Bireysel,1976.0,2020-07-03,Web,Aktif,Ulaşılamadı
101458,İstanbul,Bireysel,1973.0,2021-08-08,Bayi,Aktif,Randevu hatırlatması yapıldı
100072,Ankara,Bireysel,1956.0,2016-11-24,Bayi,Aktif,
102955,İzmir,Kurumsal,1977.0,2017-07-23,Bayi,Aktif,Ulaşılamadı
101050,İstanbul,Bireysel,1998.0,2018-09-28,Bayi,Aktif,
101135,Antalya,Bireysel,1960.0,2020-11-09,Mobil Uygulama,Aktif,
101397,Antalya,Bireysel,1980.0,2018-05-20,Çağrı Merkezi,Aktif,
101934,İstanbul,Bireysel,1983.0,2017-04-19,Web,Aktif,Kampanya bilgilendirmesi
100209,İstanbul,Bireysel,1985.0,2020-10-07,Web,Aktif,Randevu hatırlatması yapıldı
101717,Ankara,Bireysel,1990.0,2021-07-30,Web,Aktif,Randevu hatırlatması yapıldı
102492,Antalya,Kurumsal,1979.0,2017-11-26,Mobil Uygulama,Aktif,
100073,İstanbul,Bireysel,1974.0,2019-03-30,Bayi,Aktif,Ulaşılamadı
103115,Kocaeli,Kurumsal,1993.0,2016-09-13,Mobil Uygulama,Pasif,
103824,Ankara,Kurumsal,1984.0,2021-01-10,Web,Aktif,
101686,Ankara,Kurumsal,1977.0,2019-02-15,Bayi,Aktif,Randevu hatırlatması yapıldı
101903,Ankara,Bireysel,2001.0,2018-06-10,Bayi,Aktif,Kampanya bilgilendirmesi
103400,İstanbul,Kurumsal,1996.0,2017-01-05,Web,Aktif,
103606,Ankara,Bireysel,1964.0,2016-11-11,Bayi,Kaybedildi,
103146,Antalya,Bireysel,1969.0,2019-09-04,Bayi,Aktif,Memnuniyet araması
100499,Bursa,Bireysel,1965.0,2018-06-20,Bayi,Aktif,
100950,Bursa,Bireysel,1963.0,2018-06-17,Web,Aktif,
101588,İstanbul,Bireysel,1993.0,2021-11-25,Çağrı Merkezi,Aktif,Randevu hatırlatması yapıldı
101003,İstanbul,Bireysel,1961.0,2020-08-12,Web,Aktif,Kampanya bilgilendirmesi
101469,İstanbul,Bireysel,1996.0,2020-02-10,Bayi,Aktif,Randevu hatırlatması yapıldı
102315,Bursa,Bireysel,1976.0,2020-03-08,Web,Pasif,Kampanya bilgilendirmesi
103401,İstanbul,Bireysel,1989.0,2016-01-02,Web,Aktif,Kampanya bilgilendirmesi
103430,Antalya,Bireysel,1988.0,2020-08-17,Web,Aktif,Kampanya bilgilendirmesi
100763,Ankara,Bireysel,1993.0,2019-11-11,Bayi,Aktif,Kampanya bilgilendirmesi
101626,İstanbul,Kurumsal,1970.0,2018-04-19,Bayi,Aktif,Memnuniyet araması
101705,İstanbul,Bireysel,1961.0,2021-05-14,Web,Kaybedildi,Başka servise geçti
102809,İstanbul,Bireysel,1978.0,2018-11-05,Mobil Uygulama,Aktif,Memnuniyet araması
101176,Adana,Bireysel,1982.0,2020-07-29,Bayi,Aktif,Kampanya bilgilendirmesi
101439,İzmir,Bireysel,1962.0,2018-09-25,Mobil Uygulama,Aktif,Randevu hatırlatması yapıldı
103768,İstanbul,Bireysel,1993.0,2018-12-04,Bayi,Aktif,
101331,Bursa,Kurumsal,1970.0,2018-03-17,Mobil Uygulama,Aktif,Randevu hatırlatması yapıldı
100029,Ankara,Bireysel,1962.0,2018-08-29,Bayi,Kaybedildi,Araç satıldı
103916,BURSA,Bireysel,1980.0,2021-12-22,Bayi,Pasif,Başka servise geçti
101321,İstanbul,Bireysel,1990.0,2017-03-07,Web,Aktif,Memnuniyet araması
101830,İstanbul,Bireysel,1959.0,2020-12-24,Bayi,Aktif,Memnuniyet araması
101764,İstanbul,Bireysel,2004.0,2016-01-02,Bayi,Aktif,Randevu hatırlatması yapıldı
100760,İzmir,Bireysel,1977.0,2019-08-22,Web,Aktif,Kampanya bilgilendirmesi
100785,Adana,Bireysel,1999.0,2021-04-02,Çağrı Merkezi,Pasif,Araç satıldı
101398,Kocaeli,Bireysel,1997.0,2018-06-14,Bayi,Aktif,
101226,Kocaeli,Bireysel,1991.0,2020-06-30,Web,Pasif,
102229,Antalya,Bireysel,1995.0,2017-01-09,Bayi,Aktif,
102480,İzmir,Kurumsal,1980.0,2017-06-28,Bayi,Aktif,Kampanya bilgilendirmesi
102274,Antalya,Kurumsal,1965.0,2021-01-10,Web,Aktif,Randevu hatırlatması yapıldı
103915,İstanbul,Bireysel,1994.0,2016-10-14,Bayi,Aktif,Memnuniyet araması
100131,İstanbul,Kurumsal,1983.0,2021-02-26,Bayi,Aktif,
103428,Ankara,Bireysel,1956.0,2020-11-23,Çağrı Merkezi,Kaybedildi,Başka servise geçti
103171,Ankara,Kurumsal,,2016-10-21,Bayi,Aktif,Kampanya bilgilendirmesi
102436,Ankara,Bireysel,1968.0,2016-12-12,Bayi,Pasif,Araç satıldı
103219,İzmir,Bireysel,1976.0,2016-12-12,Bayi,Aktif,Memnuniyet araması
101392,İstanbul,Bireysel,1972.0,2016-01-29,Bayi,Kaybedildi,Ulaşılamadı
100136,Ankara,Bireysel,1973.0,2018-02-27,Bayi,Aktif,
100235,İstanbul,Kurumsal,1967.0,2020-10-10,Bayi,Aktif,Memnuniyet araması
103538,İstanbul,Bireysel,1959.0,2016-03-15,Bayi,Aktif,Memnuniyet araması
101805,İzmir,Bireysel,1995.0,2020-04-18,Bayi,Aktif,
100393,Ankara,Kurumsal,1963.0,2020-04-12,Bayi,Aktif,Memnuniyet araması
102342,Bursa,Kurumsal,1969.0,2019-11-13,Bayi,Aktif,Memnuniyet araması
102473,Kocaeli,Bireysel,1964.0,2021-03-26,Çağrı Merkezi,Kaybedildi,İlgilenmiyor
102777,İstanbul,Bireysel,1998.0,2016-10-17,Çağrı Merkezi,Aktif,
101192,İstanbul,Bireysel,1961.0,2016-11-26,Çağrı Merkezi,Kaybedildi,Ulaşılamadı
102356,İstanbul,Bireysel,1977.0,2016-05-19,Çağrı Merkezi,Aktif,Randevu hatırlatması yapıldı
101619,Ankara,Bireysel,1995.0,2016-03-08,Çağrı Merkezi,Aktif,
104031,ankara,Bireysel,1955.0,2020-10-01,Çağrı Merkezi,Pasif,Kampanya bilgilendirmesi
100093,İstanbul,Bireysel,1988.0,2016-04-26,Bayi,Aktif,
102307,İstanbul,Bireysel,1989.0,2017-03-04,Çağrı Merkezi,Pasif,
103179,İstanbul,Bireysel,1987.0,2021-04-25,Bayi,Aktif,
103578,Ankara,Bireysel,1995.0,2017-08-26,Bayi,Aktif,Memnuniyet araması
103411,İzmir,Bireysel,1999.0,2017-09-04,Web,Aktif,Memnuniyet araması
101070,Ankara,Bireysel,1991.0,2019-08-22,Bayi,Aktif,
100694,İzmir,Bireysel,1981.0,2018-09-16,Web,Aktif,
100140,Ankara,Bireysel,1990.0,2018-08-31,Web,Aktif,Kampanya bilgilendirmesi
103297,İstanbul,Bireysel,1993.0,2019-11-05,Web,Aktif,
102260,Bursa,Kurumsal,1960.0,2016-10-04,Bayi,Pasif,Kampanya bilgilendirmesi
104146,İstanbul,Bireysel,1979.0,2018-02-06,Web,Aktif,
103951,Ankara,Bireysel,1983.0,2021-07-24,Bayi,Aktif,Memnuniyet araması
100400,Ankara,Bireysel,2002.0,2016-01-05,Web,Aktif,
103201,İstanbul,Bireysel,1963.0,2021-06-30,Web,Aktif,
102551,Antalya,Bireysel,1960.0,2016-01-10,Web,Aktif,Kampanya bilgilendirmesi
102615,İstanbul,Bireysel,1996.0,2021-03-23,Bayi,Aktif,
102762,Antalya,Bireysel,1989.0,2021-03-19,Çağrı Merkezi,Aktif,İlgilenmiyor
101769,İstanbul,Bireysel,1963.0,2020-02-21,Mobil Uygulama,Aktif,Memnuniyet araması
101364,İstanbul,Bireysel,1978.0,2016-11-10,Çağrı Merkezi,Aktif,Randevu hatırlatması yapıldı
101374,Antalya,Bireysel,1962.0,2019-07-10,Bayi,Aktif,
101902,Bursa,Bireysel,1978.0,2017-12-11,Bayi,Kaybedildi,İlgilenmiyor
102931,Kocaeli,Kurumsal,1957.0,2017-08-26,Bayi,Aktif,Memnuniyet araması
100825,İstanbul,Bireysel,1985.0,2021-05-02,Web,Aktif,Kampanya bilgilendirmesi
104107,Ankara,Bireysel,,2019-01-06,Web,Aktif,
103692,İstanbul,Bireysel,1970.0,2019-01-07,Bayi,Kaybedildi,Araç satıldı
104095,Antalya,Bireysel,1955.0,2017-02-22,Çağrı Merkezi,Kaybedildi,Araç satıldı
102290,İstanbul,Bireysel,1972.0,2020-01-19,Çağrı Merkezi,Aktif,Memnuniyet araması
100157,Izmir,Bireysel,1965.0,2017-11-02,Bayi,Aktif,
103406,İzmir,Kurumsal,1959.0,2017-07-31,Mobil Uygulama,Aktif,
103764,Kocaeli,Bireysel,1995.0,2019-12-23,Bayi,Aktif,Memnuniyet araması
100138,Ankara,Bireysel,1973.0,2016-03-11,Bayi,Aktif,Randevu hatırlatması yapıldı
104132,İstanbul,Bireysel,1988.0,2020-09-22,Çağrı Merkezi,Kaybedildi,Ulaşılamadı
101369,Antalya,Bireysel,1986.0,2018-06-24,Web,Kaybedildi,Başka servise geçti
100878,İstanbul,Bireysel,1962.0,2016-09-18,Bayi,Aktif,
100974,İstanbul,Bireysel,1999.0,2017-07-22,Bayi,Aktif,Randevu hatırlatması yapıldı
103985,İstanbul,Bireysel,1970.0,2020-05-12,Bayi,Kaybedildi,Başka servise geçti
102635,İstanbul,Bireysel,1994.0,2016-07-28,Bayi,Aktif,Memnuniyet araması
103283,İstanbul,Kurumsal,1982.0,2021-06-22,Bayi,Aktif,Kampanya bilgilendirmesi
103402,İstanbul,Bireysel,1990.0,2021-11-01,Bayi,Pasif,Ulaşılamadı
102852,İstanbul,Bireysel,1976.0,2018-12-19,Çağrı Merkezi,Aktif,
103809,İstanbul,Bireysel,1972.0,2019-12-22,Bayi,Aktif,Memnuniyet araması
100650,Bursa,Bireysel,1992.0,2018-09-04,Web,Aktif,Randevu hatırlatması yapıldı
102115,İstanbul,Bireysel,1990.0,2020-10-25,Bayi,Aktif,
102194,Bursa,Kurumsal,1995.0,2020-07-25,Bayi,Aktif,
103312,Antalya,Bireysel,1983.0,2019-12-19,Bayi,Pasif,Memnuniyet araması
101006,İzmir,Bireysel,1959.0,2019-12-14,Web,Kaybedildi,İlgilenmiyor
102336,Ankara,Bireysel,1978.0,2019-06-08,Bayi,Aktif,
101846,İstanbul,Bireysel,1984.0,2017-07-06,Bayi,Aktif,
101299,İzmir,Bireysel,1988.0,2019-07-21,Bayi,Aktif,Kampanya bilgilendirmesi
103724,Kocaeli,Kurumsal,1977.0,2021-10-28,Web,Aktif,Randevu hatırlatması yapıldı
101258,İstanbul,Bireysel,1982.0,2020-08-01,Bayi,Aktif,
103767,Ankara,Bireysel,1966.0,2017-02-02,Bayi,Aktif,Randevu hatırlatması yapıldı
103033,Ankara,Bireysel,1972.0,2017-12-09,Web,Kaybedildi,İlgilenmiyor
102974,Kocaeli,Bireysel,1966.0,2021-04-06,Bayi,Aktif,Randevu hatırlatması yapıldı
102500,İzmir,Bireysel,1993.0,2021-09-02,Mobil Uygulama,Aktif,Memnuniyet araması
103894,İstanbul,Bireysel,1983.0,2016-03-06,Bayi,Aktif,Memnuniyet araması
103518,ANTALYA,Bireysel,1983.0,2020-03-24,Bayi,Aktif,
101558,İstanbul,Kurumsal,1994.0,2016-11-01,Web,Aktif,
103158,İstanbul,Bireysel,1979.0,2019-07-17,Bayi,Aktif,
103775,İstanbul,Bireysel,1995.0,2019-04-21,Web,Kaybedildi,İlgilenmiyor
102760,İzmir,Bireysel,1988.0,2018-05-06,Bayi,Aktif,
101774,İstanbul,Bireysel,2003.0,2021-05-30,Bayi,Aktif,Kampanya bilgilendirmesi
103254,İstanbul,Bireysel,1993.0,2019-09-24,Bayi,Aktif,Memnuniyet araması
102354,Kocaeli,Kurumsal,1969.0,2020-11-18,Mobil Uygulama,Aktif,
103252,İstanbul,Kurumsal,1972.0,2017-07-21,Web,Aktif,
100011,İstanbul,Bireysel,2002.0,2021-11-29,Web,Kaybedildi,Araç satıldı
100409,İzmir,Bireysel,1976.0,2017-08-24,Çağrı Merkezi,Aktif,Kampanya bilgilendirmesi
101750,Bursa,Bireysel,1960.0,2017-02-15,Web,Kaybedildi,Araç satıldı
101569,Bursa,Bireysel,1959.0,2021-02-19,Mobil Uygulama,Aktif,
101841,İstanbul,Bireysel,1994.0,2017-11-04,Bayi,Aktif,
100752,IZMIR,Bireysel,1968.0,2019-11-12,Bayi,Aktif,
102304,İzmir,Bireysel,1973.0,2021-04-20,Web,Kaybedildi,Araç satıldı
103270,İzmir,Bireysel,1962.0,2020-11-26,Bayi,Aktif,Memnuniyet araması
103621,İstanbul,Bireysel,2001.0,2016-02-01,Bayi,Aktif,
103495,İstanbul,Kurumsal,1974.0,2019-06-05,Bayi,Aktif,Randevu hatırlatması yapıldı
100986,İstanbul,Bireysel,1969.0,2017-03-29,Web,Aktif,Memnuniyet araması
101024,Ankara,Bireysel,1964.0,2020-06-06,Bayi,Pasif,İlgilenmiyor
101874,Ankara,Kurumsal,1992.0,2019-02-22,Web,Pasif,İlgilenmiyor
104172,Ankara,Bireysel,1968.0,2017-12-01,Web,Aktif,Kampanya bilgilendirmesi
102198,İstanbul,Kurumsal,1972.0,2016-11-26,Mobil Uygulama,Aktif,Memnuniyet araması
102965,Ankara,Bireysel,1984.0,2021-11-30,Bayi,Aktif,Randevu hatırlatması yapıldı
101162,Kocaeli,Bireysel,1991.0,2020-03-29,Bayi,Aktif,Kampanya bilgilendirmesi
103300,İstanbul,Bireysel,1959.0,2020-03-29,Web,Pasif,Ulaşılamadı
104189,İzmir,Bireysel,2000.0,2016-09-05,Bayi,Aktif,
101228,ANTALYA,Bireysel,1994.0,2016-04-08,Web,Aktif,Randevu hatırlatması yapıldı
102322,İzmir,Bireysel,1993.0,2018-09-28,Web,Pasif,
100664,Bursa,Kurumsal,1971.0,2019-10-08,Bayi,Aktif,
102605,Antalya,Kurumsal,1955.0,2021-01-31,Bayi,Pasif,
102647,İstanbul,Bireysel,2003.0,2019-03-03,Web,Aktif,Kampanya bilgilendirmesi
100670,İstanbul,Bireysel,1996.0,2019-09-04,Bayi,Aktif,Memnuniyet araması
102722,Bursa,Bireysel,1990.0,2021-02-06,Bayi,Aktif,Memnuniyet araması
103177,Bursa,Bireysel,1958.0,2017-09-01,Mobil Uygulama,Aktif,
101687,Kocaeli,Bireysel,1997.0,2020-12-16,Bayi,Kaybedildi,Araç satıldı
100218,Bursa,Bireysel,1971.0,2021-07-24,Web,Aktif,Memnuniyet araması
103162,İstanbul,Bireysel,1984.0,2017-10-21,Bayi,Aktif,Randevu hatırlatması yapıldı
100510,İstanbul,Kurumsal,1974.0,2016-09-12,Bayi,Aktif,Memnuniyet araması
102384,Ankara,Bireysel,1957.0,2021-11-16,Bayi,Aktif,Randevu hatırlatması yapıldı
102744,İstanbul,Bireysel,1957.0,2019-11-23,Web,Aktif,
101604,Adana,Bireysel,1983.0,2019-07-27,Çağrı Merkezi,Aktif,
100169,Ankara,Bireysel,2003.0,2020-06-30,Bayi,Kaybedildi,
102313,İzmir,Bireysel,1999.0,2021-11-20,Web,Aktif,
100812,Ankara,Bireysel,1964.0,2020-06-23,Bayi,Kaybedildi,Başka servise geçti
103395,Ankara,Bireysel,1979.0,2016-06-05,Bayi,Aktif,Randevu hatırlatması yapıldı
102658,İzmir,Bireysel,1972.0,2021-06-19,Web,Aktif,
101589,Adana,Bireysel,1983.0,2017-03-16,Bayi,Aktif,Randevu hatırlatması yapıldı
100990,İstanbul,Bireysel,1990.0,2017-03-19,Web,Aktif,
100918,İstanbul,Kurumsal,1993.0,2019-01-29,Web,Aktif,Memnuniyet araması
100371,İstanbul,Bireysel,1958.0,2016-11-26,Mobil Uygulama,Aktif,Kampanya bilgilendirmesi
103685,İstanbul,Bireysel,1958.0,2018-09-12,Bayi,Pasif,İlgilenmiyor
100585,İzmir,Bireysel,1986.0,2019-08-31,Bayi,Aktif,
101721,İzmir,Bireysel,1961.0,2016-12-21,Web,Aktif,
102538,Ankara,Bireysel,1977.0,2015-12-26,Bayi,Aktif,
101387,İstanbul,Bireysel,1996.0,2021-07-01,Bayi,Pasif,
101517,İzmir,Kurumsal,,2017-05-02,Çağrı Merkezi,Aktif,Kampanya bilgilendirmesi
103466,Ankara,Bireysel,1965.0,2019-07-05,Bayi,Aktif,Randevu hatırlatması yapıldı
104015,İstanbul,Bireysel,1995.0,2016-11-28,Bayi,Aktif,Kampanya bilgilendirmesi
100916,İstanbul,Bireysel,1984.0,2018-07-28,Web,Aktif,Kampanya bilgilendirmesi
100260,İstanbul,Bireysel,1964.0,2019-01-12,Bayi,Aktif,
103895,İstanbul,Bireysel,1967.0,2020-09-09,Bayi,Aktif,Randevu hatırlatması yapıldı
103851,ISTANBUL,Bireysel,1960.0,2017-03-16,Mobil Uygulama,Aktif,Randevu hatırlatması yapıldı
102793,Ankara,Bireysel,1978.0,2021-02-02,Bayi,Aktif,Memnuniyet araması
102355,İzmir,Bireysel,1971.0,2016-04-26,Bayi,Aktif,
102051,İzmir,Kurumsal,1982.0,2018-06-10,Bayi,Aktif,
100903,Adana,Kurumsal,1993.0,2019-01-20,Çağrı Merkezi,Aktif,Randevu hatırlatması yapıldı
101190,Ankara,Bireysel,1960.0,2018-10-31,Mobil Uygulama,Aktif,Kampanya bilgilendirmesi
102070,İzmir,Bireysel,1970.0,2018-11-12,Çağrı Merkezi,Aktif,Kampanya bilgilendirmesi
102282,Kocaeli,Bireysel,1988.0,2020-08-06,Bayi,Aktif,
103437,İstanbul,Bireysel,2004.0,2018-08-14,Mobil Uygulama,Pasif,İlgilenmiyor
101999,Ankara,Kurumsal,1958.0,2017-02-03,Bayi,Aktif,Randevu hatırlatması yapıldı
102452,Kocaeli,Bireysel,1996.0,2018-10-27,Web,Aktif,
101612,İstanbul,Kurumsal,1961.0,2018-06-03,Web,Aktif,Kampanya bilgilendirmesi
101503,İstanbul,Bireysel,1981.0,2021-04-11,Bayi,Aktif,Memnuniyet araması
100122,Ankara,Bireysel,1989.0,2020-12-27,Bayi,Aktif,Memnuniyet araması
101988,İzmir,Kurumsal,,2017-07-24,Bayi,Aktif,Kampanya bilgilendirmesi
102136,İzmir,Bireysel,1974.0,2020-11-18,Bayi,Aktif,
101047,Adana,Bireysel,1980.0,2019-03-15,Bayi,Aktif,Memnuniyet araması
103535,İzmir,Bireysel,1963.0,2018-08-29,Çağrı Merkezi,Aktif,Memnuniyet araması
102164,İstanbul,Kurumsal,1969.0,2021-08-21,Bayi,Aktif,
103353,İstanbul,Bireysel,1976.0,2018-07-18,Web,Aktif,
101012,İstanbul,Bireysel,1994.0,2020-08-22,Web,Kaybedildi,Araç satıldı
100349,İstanbul,Bireysel,1973.0,2017-06-28,Çağrı Merkezi,Kaybedildi,Araç satıldı
103618,Antalya,Bireysel,1965.0,2020-12-13,Bayi,Aktif,Randevu hatırlatması yapıldı
100362,İstanbul,Bireysel,1998.0,2017-08-29,Web,Aktif,
103462,İzmir,Bireysel,1988.0,2018-02-20,Web,Aktif,Kampanya bilgilendirmesi
100992,Bursa,Bireysel,1990.0,2019-04-16,Mobil Uygulama,Aktif,
103345,Bursa,Bireysel,1987.0,2018-01-13,Bayi,Aktif,
100493,ankara,Bireysel,1982.0,2018-03-07,Bayi,Aktif,
104026,İstanbul,Bireysel,1964.0,2021-02-18,Bayi,Aktif,
103964,Antalya,Bireysel,1957.0,2017-06-27,Bayi,Aktif,Randevu hatırlatması yapıldı
103391,İstanbul,Bireysel,1989.0,2020-05-25,Web,Kaybedildi,
102084,IZMIR,Bireysel,1964.0,2020-06-26,Web,Aktif,Randevu hatırlatması yapıldı
103351,Ankara,Bireysel,1987.0,2020-10-07,Bayi,Aktif,
103595,Antalya,Bireysel,1959.0,2020-05-30,Bayi,Aktif,Randevu hatırlatması yapıldı
101139,İstanbul,Bireysel,1979.0,2020-03-29,Bayi,Aktif,Randevu hatırlatması yapıldı
100159,İzmir,Bireysel,1987.0,2017-10-11,Bayi,Aktif,Randevu hatırlatması yapıldı
103825,İstanbul,Bireysel,1979.0,2017-03-04,Bayi,Aktif,Memnuniyet araması
103839,Kocaeli,Bireysel,1994.0,2021-01-07,Bayi,Aktif,Kampanya bilgilendirmesi
103629,Istanbul,Bireysel,1956.0,2020-03-09,Bayi,Kaybedildi,Araç satıldı
102988,İstanbul,Bireysel,1987.0,2018-01-26,Bayi,Aktif,
101142,Ankara,Bireysel,1982.0,2017-08-21,Bayi,Aktif,Kampanya bilgilendirmesi
103019,İzmir,Bireysel,1988.0,2016-01-20,Bayi,Aktif,Kampanya bilgilendirmesi
101189,Adana,Bireysel,,2021-04-03,Çağrı Merkezi,Aktif,Memnuniyet araması
103366,ANTALYA,Bireysel,1999.0,2019-04-17,Web,Aktif,Kampanya bilgilendirmesi
102285,İstanbul,Bireysel,1976.0,2017-12-16,Mobil Uygulama,Aktif,
103942,Bursa,Kurumsal,1989.0,2019-10-04,Bayi,Aktif,Memnuniyet araması
100725,İstanbul,Bireysel,1959.0,2016-03-21,Web,Aktif,Kampanya bilgilendirmesi
102442,İstanbul,Bireysel,1974.0,2018-01-09,Mobil Uygulama,Aktif,Kampanya bilgilendirmesi
100621,Adana,Bireysel,1965.0,2017-07-06,Web,Aktif,Randevu hatırlatması yapıldı
103221,İstanbul,Bireysel,1988.0,2018-07-04,Mobil Uygulama,Aktif,Memnuniyet araması
103369,Adana,Bireysel,1988.0,2019-02-25,Web,Aktif,Kampanya bilgilendirmesi
102249,Ankara,Bireysel,1967.0,2021-06-13,Bayi,Kaybedildi,
100304,İzmir,Bireysel,1980.0,2020-10-14,Bayi,Aktif,Memnuniyet araması
103808,Bursa,Bireysel,1961.0,2018-01-12,Web,Aktif,Memnuniyet araması
100344,Ankara,Bireysel,1997.0,2018-04-10,Bayi,Aktif,Memnuniyet araması
102056,İstanbul,Bireysel,1976.0,2018-09-28,Çağrı Merkezi,Aktif,Randevu hatırlatması yapıldı
100907,İstanbul,Bireysel,1993.0,2019-08-25,Bayi,Aktif,Memnuniyet araması
100733,İstanbul,Bireysel,1958.0,2021-02-03,Mobil Uygulama,Kaybedildi,İlgilenmiyor
103455,İstanbul,Bireysel,2001.0,2021-03-04,Mobil Uygulama,Aktif,
102284,İstanbul,Bireysel,2002.0,2019-02-05,Bayi,Pasif,
100466,Kocaeli,Bireysel,2021.0,2020-06-10,Bayi,Aktif,Randevu hatırlatması yapıldı
102995,Ankara,Bireysel,1966.0,2020-03-28,Çağrı Merkezi,Aktif,Memnuniyet araması
100748,Ankara,Kurumsal,1961.0,2021-07-17,Bayi,Aktif,Kampanya bilgilendirmesi
103203,Kocaeli,Bireysel,1995.0,2019-12-21,Bayi,Aktif,Kampanya bilgilendirmesi
100667,İzmir,Kurumsal,1963.0,2020-09-24,Bayi,Aktif,Kampanya bilgilendirmesi
101380,İstanbul,Kurumsal,1999.0,2016-06-04,Bayi,Aktif,Randevu hatırlatması yapıldı
103087,İzmir,Bireysel,1978.0,2020-05-28,Mobil Uygulama,Aktif,Randevu hatırlatması yapıldı
102484,Ankara,Bireysel,,2020-12-21,Bayi,Kaybedildi,Başka servise geçti
102598,İstanbul,Kurumsal,1982.0,2017-03-10,Web,Aktif,
100634,Antalya,Bireysel,1986.0,2016-06-30,Çağrı Merkezi,Aktif,Randevu hatırlatması yapıldı
103912,İstanbul,Kurumsal,1965.0,2016-05-21,Web,Aktif,Randevu hatırlatması yapıldı
102547,İzmir,Bireysel,1977.0,2018-01-26,Web,Pasif,
103148,İzmir,Bireysel,1970.0,2018-06-25,Bayi,Aktif,Randevu hatırlatması yapıldı
103829,İzmir,Bireysel,1960.0,2020-11-08,Bayi,Aktif,
100167,ANKARA,Bireysel,1976.0,2019-03-15,Web,Aktif,
101425,İzmir,Kurumsal,1982.0,2018-02-28,Çağrı Merkezi,Aktif,Randevu hatırlatması yapıldı
102685,İstanbul,Bireysel,1989.0,2017-09-05,Bayi,Aktif,Randevu hatırlatması yapıldı
102007,İstanbul,Bireysel,1989.0,2021-09-24,Mobil Uygulama,Aktif,Memnuniyet araması
103176,İstanbul,Bireysel,1972.0,2019-10-23,Web,Aktif,Memnuniyet araması
101618,İstanbul,Kurumsal,1976.0,2017-07-07,Web,Aktif,Randevu hatırlatması yapıldı
100434,İstanbul,Bireysel,1956.0,2017-11-29,Web,Aktif,
104152,İstanbul,Bireysel,1992.0,2019-01-29,Web,Kaybedildi,Başka servise geçti
101476,İstanbul,Bireysel,1991.0,2021-06-27,Bayi,Aktif,Randevu hatırlatması yapıldı
100071,Bursa,Bireysel,1997.0,2016-03-27,Bayi,Aktif,Memnuniyet araması
104075,Adana,Kurumsal,1971.0,2017-01-17,Bayi,Aktif,
103836,İzmir,Bireysel,1991.0,2018-04-16,Web,Aktif,Memnuniyet araması
100781,İstanbul,Kurumsal,1974.0,2020-12-12,Mobil Uygulama,Aktif,Randevu hatırlatması yapıldı
100732,İzmir,Bireysel,1966.0,2018-05-03,Web,Aktif,Kampanya bilgilendirmesi
102225,İzmir,Bireysel,1985.0,2019-06-14,Bayi,Kaybedildi,
100512,Adana,Kurumsal,1960.0,2021-08-29,Bayi,Aktif,Randevu hatırlatması yapıldı
102568,İstanbul,Kurumsal,2004.0,2020-11-25,Bayi,Aktif,
100120,İstanbul,Bireysel,2000.0,2019-07-10,Bayi,Aktif,
103986,İstanbul,Bireysel,1997.0,2017-10-14,Bayi,Aktif,
103309,İstanbul,Bireysel,1966.0,2017-12-04,Çağrı Merkezi,Aktif,
100335,Kocaeli,Bireysel,1966.0,2016-03-18,Web,Aktif,Randevu hatırlatması yapıldı
103705,Kocaeli,Bireysel,1960.0,2019-07-13,Bayi,Aktif,
102948,İstanbul,Bireysel,1995.0,2018-04-10,Bayi,Aktif,
102541,İstanbul,Bireysel,1991.0,2016-02-17,Bayi,Aktif,Memnuniyet araması
102636,İstanbul,Bireysel,1962.0,2021-06-10,Web,Aktif,Randevu hatırlatması yapıldı
101996,İstanbul,Bireysel,1964.0,2016-07-15,Çağrı Merkezi,Aktif,Randevu hatırlatması yapıldı
102721,Ankara,Bireysel,1971.0,2019-04-05,Bayi,Aktif,
102325,Adana,Bireysel,1959.0,2019-03-10,Bayi,Aktif,Kampanya bilgilendirmesi
101657,İstanbul,Bireysel,1999.0,2021-01-12,Bayi,Aktif,
103651,Kocaeli,Kurumsal,1983.0,2017-10-31,Web,Aktif,
102560,İzmir,Bireysel,1995.0,2021-07-15,Bayi,Kaybedildi,İlgilenmiyor
100824,İstanbul,Bireysel,1969.0,2016-03-29,Web,Aktif,Kampanya bilgilendirmesi
101377,İstanbul,Bireysel,1976.0,2020-12-11,Bayi,Kaybedildi,Araç satıldı
103866,ANKARA,Kurumsal,1994.0,2016-03-29,Bayi,Aktif,Memnuniyet araması
100441,Bursa,Bireysel,1964.0,2019-11-21,Çağrı Merkezi,Kaybedildi,Başka servise geçti
101911,Ankara,Kurumsal,1975.0,2016-12-24,Web,Aktif,Memnuniyet araması
102497,İzmir,Bireysel,1965.0,2020-07-21,Bayi,Aktif,
102789,Ankara,Bireysel,1969.0,2020-08-06,Bayi,Aktif,Kampanya bilgilendirmesi
100036,İstanbul,Bireysel,1980.0,2017-04-27,Çağrı Merkezi,Kaybedildi,
104023,izmir,Bireysel,1966.0,2020-11-23,Mobil Uygulama,Aktif,Memnuniyet araması
100173,İzmir,Kurumsal,1963.0,2021-06-24,Çağrı Merkezi,Aktif,
103132,Kocaeli,Bireysel,1983.0,2016-01-24,Çağrı Merkezi,Aktif,Kampanya bilgilendirmesi
102710,Bursa,Kurumsal,1997.0,2019-02-05,Web,Aktif,Memnuniyet araması
101326,Ankara,Kurumsal,2004.0,2019-10-22,Bayi,Aktif,
101644,İstanbul,Bireysel,1970.0,2017-04-12,Bayi,Aktif,
102029,Antalya,Kurumsal,1966.0,2017-02-17,Web,Aktif,Memnuniyet araması
100301,İstanbul,Bireysel,2002.0,2016-04-06,Bayi,Aktif,Kampanya bilgilendirmesi
103799,İstanbul,Bireysel,1966.0,2016-11-06,Bayi,Aktif,Memnuniyet araması
101247,Antalya,Bireysel,1968.0,2021-05-06,Çağrı Merkezi,Aktif,
101088,Kocaeli,Bireysel,1955.0,2019-06-16,Bayi,Aktif,Randevu hatırlatması yapıldı
103185,Ankara,Bireysel,1976.0,2018-12-25,Bayi,Aktif,Memnuniyet araması
101603,Ankara,Bireysel,1980.0,2016-09-20,Bayi,Kaybedildi,İlgilenmiyor
101627,Ankara,Bireysel,1959.0,2017-03-03,Bayi,Kaybedildi,İlgilenmiyor
100095,İstanbul,Bireysel,1987.0,2020-01-05,Bayi,Aktif,
102734,İstanbul,Kurumsal,1990.0,2018-03-08,Bayi,Pasif,Ulaşılamadı
104151,İstanbul,Kurumsal,1969.0,2021-07-24,Web,Aktif,
102651,Bursa,Bireysel,1993.0,2016-11-02,Web,Aktif,Randevu hatırlatması yapıldı
102032,Ankara,Bireysel,1964.0,2017-11-07,Bayi,Aktif,Kampanya bilgilendirmesi
101581,Kocaeli,Kurumsal,1985.0,2019-02-09,Web,Aktif,
102746,Bursa,Bireysel,1991.0,2020-11-12,Bayi,Aktif,
103612,İstanbul,Bireysel,2001.0,2016-03-10,Çağrı Merkezi,Aktif,
101004,izmir,Bireysel,1987.0,2016-04-27,Bayi,Aktif,Kampanya bilgilendirmesi
101213,İzmir,Bireysel,1959.0,2016-12-12,Web,Kaybedildi,Başka servise geçti
101443,Adana,Bireysel,1987.0,2018-09-01,Bayi,Aktif,Memnuniyet araması
102548,İstanbul,Bireysel,1969.0,2019-02-10,Bayi,Aktif,Randevu hatırlatması yapıldı
102137,Ankara,Bireysel,1997.0,2015-12-30,Web,Aktif,
103693,İstanbul,Kurumsal,1973.0,2020-11-24,Bayi,Aktif,Kampanya bilgilendirmesi
103748,İzmir,Bireysel,1966.0,2020-03-20,Web,Aktif,
103849,İzmir,Bireysel,1966.0,2016-07-27,Web,Pasif,Randevu hatırlatması yapıldı
102835,İstanbul,Kurumsal,2004.0,2017-09-06,Web,Aktif,
101034,Adana,Bireysel,1987.0,2017-02-24,Çağrı Merkezi,Kaybedildi,
103051,İstanbul,Kurumsal,1965.0,2018-12-02,Web,Aktif,
101557,İzmir,Kurumsal,2002.0,2020-08-09,Bayi,Aktif,
103548,İstanbul,Kurumsal,1965.0,2020-04-17,Web,Aktif,
104042,İstanbul,Bireysel,1982.0,2017-04-10,Bayi,Aktif,
101089,Adana,Bireysel,1994.0,2021-04-07,Bayi,Kaybedildi,Ulaşılamadı
103246,İstanbul,Bireysel,1989.0,2021-07-18,Bayi,Aktif,Memnuniyet araması
100250,Bursa,Bireysel,2001.0,2020-12-03,Web,Pasif,
101452,İzmir,Bireysel,1975.0,2017-09-08,Çağrı Merkezi,Pasif,Araç satıldı
102737,İzmir,Bireysel,1957.0,2019-02-24,Bayi,Aktif,
101407,ANKARA,Bireysel,1962.0,2016-10-12,Web,Aktif,
100101,İzmir,Bireysel,,2018-06-27,Bayi,Aktif,Randevu hatırlatması yapıldı
102086,İstanbul,Bireysel,1978.0,2017-12-05,Bayi,Pasif,Başka servise geçti
100540,İstanbul,Bireysel,1996.0,2021-08-09,Bayi,Aktif,Memnuniyet araması
101205,İzmir,Bireysel,1975.0,2021-01-20,Bayi,Aktif,Randevu hatırlatması yapıldı
101499,İzmir,Kurumsal,2002.0,2019-03-17,Bayi,Aktif,Randevu hatırlatması yapıldı
104034,Ankara,Kurumsal,1986.0,2017-06-27,Web,Aktif,Memnuniyet araması
101736,Ankara,Bireysel,1989.0,2018-04-01,Mobil Uygulama,Aktif,Kampanya bilgilendirmesi
103489,İstanbul,Bireysel,1997.0,2021-12-15,Bayi,Aktif,
100202,İstanbul,Bireysel,1958.0,2019-10-28,Web,Aktif,Memnuniyet araması
101311,İstanbul,Bireysel,1982.0,2021-02-10,Bayi,Aktif,
102295,İstanbul,Bireysel,1978.0,2020-12-06,Bayi,Kaybedildi,Ulaşılamadı
100044,İstanbul,Bireysel,1962.0,2019-02-26,Bayi,Aktif,Memnuniyet araması
100852,Ankara,Bireysel,2000.0,2021-08-19,Bayi,Aktif,
100002,İstanbul,Kurumsal,1961.0,2017-10-06,Bayi,Aktif,Memnuniyet araması
103757,İzmir,Bireysel,1968.0,2020-02-26,Bayi,Aktif,
101837,izmir,Bireysel,1961.0,2018-05-01,Çağrı Merkezi,Kaybedildi,
102910,İstanbul,Bireysel,2000.0,2020-08-03,Çağrı Merkezi,Aktif,
101743,İstanbul,Bireysel,1969.0,2021-12-18,Mobil Uygulama,Aktif,Kampanya bilgilendirmesi
102537,İstanbul,Bireysel,1997.0,2020-01-23,Bayi,Aktif,Kampanya bilgilendirmesi
102903,Ankara,Bireysel,,2016-08-10,Web,Pasif,Ulaşılamadı
100329,Bursa,Bireysel,2003.0,2021-10-19,Web,Aktif,
101098,İstanbul,Kurumsal,1997.0,2021-05-06,Bayi,Aktif,Memnuniyet araması
103878,Ankara,Bireysel,1962.0,2021-12-19,Çağrı Merkezi,Kaybedildi,İlgilenmiyor
102929,BURSA,Bireysel,1987.0,2016-09-05,Çağrı Merkezi,Aktif,
100998,Ankara,Bireysel,1992.0,2019-01-22,Web,Aktif,Kampanya bilgilendirmesi
101110,İzmir,Bireysel,1977.0,2018-01-24,Web,Aktif,
103611,Adana,Bireysel,1981.0,2021-12-05,Bayi,Pasif,Memnuniyet araması
101555,Antalya,Kurumsal,1981.0,2017-12-08,Çağrı Merkezi,Aktif,
100432,İstanbul,Bireysel,1970.0,2019-08-19,Bayi,Aktif,
102589,İstanbul,Bireysel,1969.0,2016-03-07,Bayi,Aktif,Memnuniyet araması
103242,İstanbul,Bireysel,1957.0,2020-09-08,Web,Aktif,
103452,İstanbul,Bireysel,1962.0,2016-12-09,Mobil Uygulama,Aktif,
102829,Bursa,Bireysel,1989.0,2019-06-21,Bayi,Aktif,İlgilenmiyor
103393,İstanbul,Bireysel,1985.0,2020-10-14,Bayi,Kaybedildi,
104121,İstanbul,Bireysel,1968.0,2017-06-20,Bayi,Aktif,Randevu hatırlatması yapıldı
103123,İstanbul,Bireysel,1974.0,2016-06-22,Bayi,Aktif,
101355,İstanbul,Bireysel,1955.0,2016-03-04,Bayi,Aktif,Randevu hatırlatması yapıldı
103330,İzmir,Bireysel,1979.0,2019-11-14,Bayi,Aktif,
101826,Ankara,Bireysel,1955.0,2017-04-17,Web,Aktif,Memnuniyet araması
100284,İstanbul,Bireysel,1997.0,2020-07-19,Web,Kaybedildi,Araç satıldı
102998,İzmir,Kurumsal,2003.0,2019-01-20,Bayi,Aktif,Randevu hatırlatması yapıldı
100051,İstanbul,Bireysel,1994.0,2020-11-16,Bayi,Aktif,Kampanya bilgilendirmesi
100369,İstanbul,Bireysel,1993.0,2018-12-05,Çağrı Merkezi,Aktif,
101442,İstanbul,Bireysel,1960.0,2020-06-02,Bayi,Pasif,Ulaşılamadı
101261,İstanbul,Bireysel,,2020-03-03,Bayi,Aktif,Randevu hatırlatması yapıldı
100305,İstanbul,Bireysel,1962.0,2019-08-29,Web,Aktif,Memnuniyet araması
101013,İstanbul,Bireysel,1956.0,2021-04-01,Web,Aktif,Kampanya bilgilendirmesi
103233,Bursa,Bireysel,1980.0,2018-01-05,Bayi,Kaybedildi,Başka servise geçti
102421,İstanbul,Bireysel,1970.0,2019-09-14,Bayi,Aktif,
103773,İstanbul,Bireysel,2001.0,2017-04-26,Bayi,Aktif,
101947,İzmir,Bireysel,1963.0,2017-08-24,Bayi,Aktif,Randevu hatırlatması yapıldı
101600,Ankara,Bireysel,1955.0,2017-06-21,Çağrı Merkezi,Aktif,
102935,İstanbul,Bireysel,1983.0,2018-01-08,Çağrı Merkezi,Aktif,Kampanya bilgilendirmesi
102748,İstanbul,Bireysel,1998.0,2020-05-15,Web,Aktif,Kampanya bilgilendirmesi
102344,Antalya,Bireysel,2001.0,2020-06-19,Web,Aktif,Randevu hatırlatması yapıldı
101078,İstanbul,Kurumsal,,2016-02-12,Web,Aktif,
102316,İzmir,Bireysel,1993.0,2021-05-23,Web,Aktif,Kampanya bilgilendirmesi
101660,İstanbul,Bireysel,1996.0,2017-10-26,Bayi,Aktif,
101025,İstanbul,Bireysel,1965.0,2021-08-08,Web,Aktif,
104022,İstanbul,Kurumsal,1992.0,2019-01-02,Bayi,Aktif,Kampanya bilgilendirmesi
100566,Ankara,Bireysel,1979.0,2017-11-19,Mobil Uygulama,Aktif,Randevu hatırlatması yapıldı
101076,Kocaeli,Bireysel,1991.0,2016-01-16,Bayi,Kaybedildi,İlgilenmiyor
102019,İstanbul,Bireysel,1996.0,2017-01-24,Bayi,Aktif,
103205,İstanbul,Bireysel,1991.0,2016-01-23,Bayi,Aktif,Kampanya bilgilendirmesi
103822,İstanbul,Bireysel,1998.0,2018-09-02,Bayi,Aktif,Memnuniyet araması
100525,Antalya,Kurumsal,1982.0,2020-07-29,Mobil Uygulama,Aktif,Randevu hatırlatması yapıldı
100091,Bursa,Kurumsal,1959.0,2019-01-24,Bayi,Aktif,
102730,İzmir,Kurumsal,1999.0,2016-11-14,Bayi,Aktif,Memnuniyet araması
102974,Kocaeli,Bireysel,1966.0,2021-04-06,Bayi,Aktif,Randevu hatırlatması yapıldı
100450,İstanbul,Bireysel,1982.0,2018-10-26,Bayi,Aktif,Memnuniyet araması
103272,İstanbul,Bireysel,1985.0,2016-04-13,Bayi,Aktif,
101667,İstanbul,Bireysel,1957.0,2016-11-21,Bayi,Aktif,Memnuniyet araması
101745,Ankara,Bireysel,1981.0,2020-09-16,Bayi,Aktif,
100889,İstanbul,Bireysel,1986.0,2019-02-05,Bayi,Aktif,
100113,Ankara,Kurumsal,1996.0,2020-01-14,Mobil Uygulama,Aktif,
101214,Adana,Bireysel,1985.0,2018-03-08,Bayi,Pasif,
100697,İstanbul,Bireysel,2002.0,2016-09-09,Bayi,Kaybedildi,Başka servise geçti
102800,İstanbul,Bireysel,1971.0,2017-08-23,Çağrı Merkezi,Aktif,
102509,İstanbul,Bireysel,1996.0,2016-12-28,Bayi,Aktif,
102799,İstanbul,Bireysel,1982.0,2019-09-28,Bayi,Aktif,
101019,Kocaelı,Bireysel,1987.0,2021-12-10,Bayi,Pasif,Randevu hatırlatması yapıldı
103935,Ankara,Bireysel,1966.0,2017-04-19,Bayi,Aktif,Kampanya bilgilendirmesi
100514,Adana,Bireysel,1966.0,2021-01-18,Bayi,Aktif,
100428,Ankara,Bireysel,1978.0,2016-02-02,Bayi,Aktif,
102057,İstanbul,Bireysel,1982.0,2016-04-16,Çağrı Merkezi,Aktif,Randevu hatırlatması yapıldı
100613,Antalya,Bireysel,1988.0,2020-03-08,Bayi,Aktif,Kampanya bilgilendirmesi
101351,Kocaeli,Bireysel,1977.0,2019-11-28,Bayi,Aktif,Randevu hatırlatması yapıldı
103316,İzmir,Bireysel,1968.0,2018-10-27,Web,Aktif,Kampanya bilgilendirmesi
104074,Ankara,Bireysel,1963.0,2019-06-08,Mobil Uygulama,Aktif,Memnuniyet araması
103295,İzmir,Bireysel,1962.0,2018-12-15,Bayi,Aktif,
102713,İstanbul,Kurumsal,1983.0,2020-10-13,Web,Aktif,Randevu hatırlatması yapıldı
100105,İstanbul,Bireysel,1994.0,2021-06-03,Bayi,Aktif,Memnuniyet araması
100684,ISTANBUL,Bireysel,1981.0,2016-10-28,Bayi,Aktif,
102688,İstanbul,Bireysel,1992.0,2021-07-12,Çağrı Merkezi,Aktif,Memnuniyet araması
100618,İzmir,Bireysel,1967.0,2017-07-12,Web,Aktif,Randevu hatırlatması yapıldı
102278,Ankara,Bireysel,1961.0,2021-06-18,Web,Aktif,
102230,Adana,Kurumsal,1998.0,2018-09-28,Bayi,Aktif,
101236,Antalya,Bireysel,2002.0,2016-08-08,Bayi,Aktif,
100831,Antalya,Bireysel,1974.0,2019-01-10,Bayi,Aktif,Memnuniyet araması
103673,Kocaeli,Bireysel,1974.0,2018-02-01,Çağrı Merkezi,Aktif,
103099,İzmir,Kurumsal,1961.0,2016-08-18,Bayi,Aktif,Memnuniyet araması
102797,İstanbul,Bireysel,1995.0,2016-02-17,Çağrı Merkezi,Pasif,Araç satıldı
103461,Istanbul,Bireysel,2004.0,2020-05-11,Web,Aktif,Randevu hatırlatması yapıldı
100238,İstanbul,Bireysel,1961.0,2018-08-23,Web,Aktif,
101116,ISTANBUL,Kurumsal,1998.0,2017-12-07,Bayi,Pasif,Başka servise geçti
100480,İstanbul,Bireysel,1986.0,2021-08-25,Mobil Uygulama,Kaybedildi,Ulaşılamadı
102015,İstanbul,Bireysel,1967.0,2020-03-30,Web,Kaybedildi,İlgilenmiyor
101656,Ankara,Bireysel,1959.0,2021-12-21,Web,Aktif,Memnuniyet araması
103641,istanbul,Bireysel,1984.0,2020-05-19,Bayi,Aktif,
102271,Ankara,Kurumsal,1979.0,2021-11-04,Çağrı Merkezi,Aktif,
103181,Kocaeli,Bireysel,1979.0,2017-09-03,Bayi,Aktif,
103546,İstanbul,Bireysel,1957.0,2021-08-24,Mobil Uygulama,Aktif,
102273,Ankara,Bireysel,1964.0,2018-03-13,Bayi,Aktif,
101648,İstanbul,Kurumsal,1956.0,2019-11-14,Web,Kaybedildi,Başka servise geçti
100661,İstanbul,Bireysel,1979.0,2019-08-13,Mobil Uygulama,Kaybedildi,Araç satıldı
103881,İstanbul,Bireysel,1964.0,2017-03-02,Bayi,Aktif,
101199,İzmir,Bireysel,1986.0,2017-11-27,Bayi,Aktif,
102887,İstanbul,Bireysel,1958.0,2017-09-11,Bayi,Aktif,
102860,İstanbul,Bireysel,1997.0,2019-08-09,Web,Aktif,Kampanya bilgilendirmesi
103068,İstanbul,Bireysel,1966.0,2017-05-03,Bayi,Aktif,
103024,İstanbul,Bireysel,,2020-12-26,Bayi,Aktif,
102444,İzmir,Kurumsal,1980.0,2017-02-22,Bayi,Aktif,
103645,İstanbul,Bireysel,1970.0,2021-10-09,Bayi,Aktif,Kampanya bilgilendirmesi
104112,İzmir,Kurumsal,2002.0,2021-02-16,Bayi,Aktif,
103930,İstanbul,Bireysel,1962.0,2020-11-11,Çağrı Merkezi,Kaybedildi,İlgilenmiyor
102507,İstanbul,Bireysel,1960.0,2021-01-09,Web,Aktif,Memnuniyet araması
100251,Bursa,Kurumsal,1985.0,2017-01-14,Bayi,Pasif,
102308,İstanbul,Kurumsal,1975.0,2017-06-28,Bayi,Aktif,Kampanya bilgilendirmesi
102587,Antalya,Bireysel,1973.0,2019-06-10,Bayi,Aktif,
101959,Ankara,Kurumsal,1980.0,2016-02-10,Bayi,Aktif,
101843,İstanbul,Bireysel,1967.0,2016-10-18,Web,Aktif,Kampanya bilgilendirmesi
104060,Bursa,Bireysel,1995.0,2021-01-26,Web,Aktif,Randevu hatırlatması yapıldı
103975,İstanbul,Bireysel,1962.0,2018-04-29,Çağrı Merkezi,Aktif,Randevu hatırlatması yapıldı
100709,İzmir,Bireysel,2001.0,2019-01-05,Web,Aktif,Memnuniyet araması
103956,İstanbul,Bireysel,1959.0,2021-04-20,Bayi,Aktif,
101357,Kocaeli,Bireysel,1962.0,2017-03-02,Bayi,Aktif,
103739,Ankara,Bireysel,1960.0,2021-11-20,Bayi,Aktif,
100099,İstanbul,Bireysel,1978.0,2019-04-13,Çağrı Merkezi,Aktif,Kampanya bilgilendirmesi
100043,İstanbul,Bireysel,1955.0,2016-10-26,Bayi,Kaybedildi,Araç satıldı
101674,Kocaeli,Bireysel,1971.0,2017-07-04,Çağrı Merkezi,Aktif,Kampanya bilgilendirmesi
103274,İstanbul,Kurumsal,1969.0,2016-03-22,Çağrı Merkezi,Aktif,Kampanya bilgilendirmesi
100553,İstanbul,Bireysel,1970.0,2016-03-28,Bayi,Kaybedildi,Araç satıldı
101284,İzmir,Bireysel,2003.0,2020-01-18,Bayi,Aktif,Randevu hatırlatması yapıldı
100317,Kocaeli,Kurumsal,1997.0,2020-08-28,Bayi,Aktif,Randevu hatırlatması yapıldı
101383,Bursa,Bireysel,1974.0,2021-04-15,Web,Aktif,Memnuniyet araması
100969,Ankara,Bireysel,1974.0,2017-10-16,Bayi,Kaybedildi,Ulaşılamadı
100124,Ankara,Bireysel,1958.0,2018-05-28,Bayi,Kaybedildi,İlgilenmiyor
101673,İstanbul,Bireysel,1975.0,2019-05-18,Bayi,Kaybedildi,Araç satıldı
100363,İstanbul,Bireysel,2001.0,2018-02-01,Bayi,Aktif,
101526,İstanbul,Bireysel,1969.0,2021-03-12,Mobil Uygulama,Aktif,Memnuniyet araması
103798,Ankara,Bireysel,1975.0,2019-08-14,Bayi,Aktif,
102664,İstanbul,Kurumsal,1967.0,2020-09-12,Bayi,Aktif,
103927,Antalya,Kurumsal,2003.0,2021-08-11,Bayi,Kaybedildi,Araç satıldı
102305,İstanbul,Bireysel,1992.0,2017-02-23,Bayi,Aktif,
103071,İzmir,Bireysel,1997.0,2021-05-19,Çağrı Merkezi,Aktif,Memnuniyet araması
103829,İzmir,Bireysel,1960.0,2020-11-08,Bayi,Aktif,
102233,Bursa,Bireysel,1977.0,2016-06-22,Bayi,Aktif,
101633,İstanbul,Bireysel,1994.0,2020-07-31,Bayi,Aktif,Kampanya bilgilendirmesi
103864,Ankara,Bireysel,1994.0,2021-07-05,Bayi,Aktif,
103547,Kocaeli,Bireysel,1982.0,2017-06-02,Mobil Uygulama,Aktif,Kampanya bilgilendirmesi
102853,İstanbul,Bireysel,1957.0,2016-06-14,Bayi,Aktif,
102895,İstanbul,Bireysel,1959.0,2017-08-19,Web,Aktif,
103570,İzmir,Bireysel,1981.0,2016-09-29,Bayi,Aktif,Randevu hatırlatması yapıldı
100119,İzmir,Bireysel,1987.0,2016-06-29,Bayi,Pasif,Araç satıldı
100063,İzmir,Bireysel,1984.0,2019-10-19,Çağrı Merkezi,Aktif,Kampanya bilgilendirmesi
101461,Istanbul,Kurumsal,1996.0,2021-02-17,Web,Aktif,
100403,İstanbul,Bireysel,1982.0,2015-12-30,Mobil Uygulama,Aktif,
104092,İstanbul,Bireysel,1990.0,2019-02-14,Çağrı Merkezi,Kaybedildi,Başka servise geçti
102933,İzmir,Bireysel,1972.0,2017-06-22,Bayi,Aktif,
102466,İstanbul,Bireysel,1977.0,2017-11-14,Bayi,Aktif,Kampanya bilgilendirmesi
100677,Ankara,Bireysel,1967.0,2016-10-15,Bayi,Kaybedildi,Başka servise geçti
102397,İstanbul,Bireysel,1986.0,2021-01-06,Bayi,Aktif,Memnuniyet araması
102930,Kocaeli,Bireysel,1961.0,2016-10-18,Bayi,Pasif,Memnuniyet araması
102185,İstanbul,Bireysel,1991.0,2020-05-25,Çağrı Merkezi,Aktif,
103144,İzmir,Bireysel,1992.0,2021-02-13,Bayi,Aktif,Randevu hatırlatması yapıldı
104046,İstanbul,Bireysel,1963.0,2018-11-05,Bayi,Aktif,Memnuniyet araması
100355,Ankara,Bireysel,1968.0,2020-05-08,Bayi,Aktif,
104158,İzmir,Bireysel,1978.0,2018-11-20,Çağrı Merkezi,Aktif,Kampanya bilgilendirmesi
100117,Ankara,Bireysel,1978.0,2017-07-28,Mobil Uygulama,Aktif,
100541,Adana,Kurumsal,1997.0,2019-03-19,Bayi,Aktif,Kampanya bilgilendirmesi
100788,İzmir,Bireysel,1987.0,2019-01-29,Bayi,Aktif,
100211,Ankara,Bireysel,1983.0,2016-02-24,Çağrı Merkezi,Aktif,Memnuniyet araması
101639,İstanbul,Kurumsal,1961.0,2016-12-16,Bayi,Aktif,Kampanya bilgilendirmesi
100665,İzmir,Bireysel,2002.0,2021-10-17,Bayi,Aktif,
100012,Izmir,Bireysel,1970.0,2017-10-24,Bayi,Aktif,
103599,İstanbul,Kurumsal,2003.0,2021-04-01,Bayi,Aktif,
102109,İzmir,Bireysel,2003.0,2019-12-22,Bayi,Aktif,
103249,İstanbul,Bireysel,1975.0,2017-07-16,Web,Aktif,
100370,İstanbul,Bireysel,2003.0,2018-09-21,Bayi,Pasif,
100883,Antalya,Bireysel,1987.0,2017-11-29,Bayi,Aktif,
103972,İzmir,Bireysel,1969.0,2019-10-16,Bayi,Aktif,Memnuniyet araması
101291,İstanbul,Bireysel,2000.0,2017-03-06,Bayi,Kaybedildi,
102987,İstanbul,Kurumsal,1982.0,2016-05-30,Çağrı Merkezi,Aktif,Randevu hatırlatması yapıldı
102976,İstanbul,Bireysel,1978.0,2016-01-02,Bayi,Aktif,Randevu hatırlatması yapıldı
103561,Kocaeli,Bireysel,1999.0,2021-11-26,Çağrı Merkezi,Aktif,
102158,Adana,Bireysel,1969.0,2018-09-22,Web,Aktif,Randevu hatırlatması yapıldı
101347,Kocaeli,Bireysel,1997.0,2020-08-22,Bayi,Kaybedildi,Ulaşılamadı
102364,Ankara,Kurumsal,1973.0,2018-06-13,Çağrı Merkezi,Aktif,Kampanya bilgilendirmesi
101751,İstanbul,Bireysel,1984.0,2019-01-27,Çağrı Merkezi,Aktif,Memnuniyet araması
100840,İstanbul,Bireysel,1984.0,2019-06-28,Web,Kaybedildi,Ulaşılamadı
100283,Ankara,Bireysel,1961.0,2021-07-16,Bayi,Aktif,Kampanya bilgilendirmesi
102339,Ankara,Bireysel,1973.0,2017-05-27,Bayi,Kaybedildi,Başka servise geçti
103988,İstanbul,Bireysel,1978.0,2017-02-20,Web,Aktif,Kampanya bilgilendirmesi
104049,İstanbul,Bireysel,1999.0,2018-06-22,Web,Aktif,
101647,İstanbul,Kurumsal,1958.0,2017-08-27,Web,Aktif,Memnuniyet araması
100352,Ankara,Bireysel,1994.0,2019-05-03,Bayi,Aktif,Memnuniyet araması
101255,Antalya,Bireysel,1981.0,2019-07-14,Bayi,Aktif,Memnuniyet araması
103716,Bursa,Bireysel,1984.0,2021-06-12,Çağrı Merkezi,Aktif,Kampanya bilgilendirmesi
102094,İzmir,Bireysel,1960.0,2018-12-29,Bayi,Pasif,
100278,İstanbul,Bireysel,1973.0,2016-06-12,Bayi,Aktif,Memnuniyet araması
104027,Ankara,Bireysel,1992.0,2021-11-19,Bayi,Aktif,Randevu hatırlatması yapıldı
103955,İzmir,Bireysel,1958.0,2016-10-16,Bayi,Aktif,
101778,İstanbul,Bireysel,2003.0,2021-08-25,Bayi,Kaybedildi,İlgilenmiyor
100708,İzmir,Bireysel,1983.0,2021-08-09,Bayi,Aktif,
100955,İstanbul,Bireysel,1978.0,2020-05-05,Bayi,Pasif,
102891,Adana,Bireysel,1977.0,2021-12-08,Mobil Uygulama,Aktif,Randevu hatırlatması yapıldı
100996,Ankara,Kurumsal,,2018-07-28,Bayi,Aktif,
102379,Ankara,Kurumsal,1958.0,2018-11-30,Bayi,Aktif,
101278,Ankara,Bireysel,1974.0,2020-12-20,Bayi,Aktif,
101719,Ankara,Kurumsal,2002.0,2018-09-08,Bayi,Aktif,Randevu hatırlatması yapıldı
101146,Bursa,Bireysel,1957.0,2018-07-24,Bayi,Kaybedildi,İlgilenmiyor
100894,İstanbul,Bireysel,1959.0,2019-02-28,Web,Aktif,Randevu hatırlatması yapıldı
103107,Adana,Bireysel,1975.0,2020-09-27,Bayi,Aktif,
101043,İstanbul,Kurumsal,1995.0,2019-03-09,Bayi,Aktif,
100535,Adana,Kurumsal,1988.0,2021-04-28,Bayi,Aktif,Kampanya bilgilendirmesi
103537,İstanbul,Bireysel,1979.0,2017-07-10,Mobil Uygulama,Aktif,
101114,İstanbul,Bireysel,1890.0,2017-03-16,Web,Aktif,Memnuniyet araması
101359,İstanbul,Bireysel,1973.0,2017-05-22,Çağrı Merkezi,Aktif,Ulaşılamadı
102701,Kocaeli,Bireysel,1989.0,2021-09-14,Bayi,Aktif,
100505,İzmir,Kurumsal,1961.0,2018-07-11,Bayi,Aktif,
100821,İstanbul,Bireysel,1956.0,2018-05-11,Web,Aktif,Memnuniyet araması
100823,İstanbul,Kurumsal,1990.0,2020-01-01,Mobil Uygulama,Kaybedildi,İlgilenmiyor
104051,ankara,Bireysel,1970.0,2018-05-12,Web,Aktif,Kampanya bilgilendirmesi
102611,İSTANBUL,Bireysel,1966.0,2020-10-15,Bayi,Aktif,Randevu hatırlatması yapıldı
101143,Adana,Bireysel,1985.0,2017-10-09,Web,Aktif,Randevu hatırlatması yapıldı
101513,Ankara,Bireysel,1970.0,2021-10-13,Mobil Uygulama,Aktif,
101017,İzmir,Bireysel,1996.0,2019-03-05,Bayi,Aktif,Memnuniyet araması
103038,Adana,Bireysel,,2021-05-30,Bayi,Pasif,İlgilenmiyor
100747,Kocaeli,Bireysel,1970.0,2015-12-29,Mobil Uygulama,Aktif,Kampanya bilgilendirmesi
102915,Kocaeli,Bireysel,1965.0,2019-08-10,Bayi,Aktif,Randevu hatırlatması yapıldı
102171,İstanbul,Kurumsal,1971.0,2017-08-06,Bayi,Aktif,Randevu hatırlatması yapıldı
104179,İstanbul,Bireysel,1958.0,2020-07-21,Çağrı Merkezi,Aktif,
101958,İstanbul,Bireysel,1979.0,2017-05-25,Web,Aktif,Randevu hatırlatması yapıldı
102582,İstanbul,Kurumsal,1965.0,2016-05-12,Çağrı Merkezi,Aktif,Randevu hatırlatması yapıldı
101550,İzmir,Bireysel,2001.0,2018-09-13,Web,Aktif,
101241,Bursa,Bireysel,1962.0,2021-01-29,Web,Kaybedildi,Ulaşılamadı
101062,İstanbul,Bireysel,2003.0,2018-12-29,Web,Aktif,Kampanya bilgilendirmesi
101838,Adana,Kurumsal,1996.0,2018-11-08,Bayi,Aktif,Randevu hatırlatması yapıldı
103471,Ankara,Kurumsal,1957.0,2019-04-26,Web,Aktif,
101061,Bursa,Bireysel,1967.0,2018-11-26,Bayi,Aktif,Kampanya bilgilendirmesi
102828,İzmir,Bireysel,1990.0,2019-04-18,Bayi,Pasif,Memnuniyet araması
102844,İstanbul,Bireysel,1968.0,2020-04-09,Bayi,Aktif,Memnuniyet araması
100437,İSTANBUL,Kurumsal,1993.0,2018-09-22,Bayi,Aktif,Kampanya bilgilendirmesi
101448,Ankara,Bireysel,1957.0,2016-08-21,Mobil Uygulama,Kaybedildi,Ulaşılamadı
102973,Antalya,Kurumsal,1977.0,2016-11-13,Çağrı Merkezi,Pasif,Başka servise geçti
100459,Ankara,Bireysel,1971.0,2021-11-28,Bayi,Aktif,
102040,İstanbul,Bireysel,1963.0,2020-05-29,Bayi,Aktif,Kampanya bilgilendirmesi
102413,Adana,Kurumsal,1980.0,2021-02-20,Bayi,Aktif,Randevu hatırlatması yapıldı
101218,Ankara,Bireysel,1984.0,2016-05-06,Bayi,Kaybedildi,İlgilenmiyor
102095,Bursa,Bireysel,1984.0,2019-09-19,Bayi,Aktif,Randevu hatırlatması yapıldı
100254,Kocaeli,Bireysel,1994.0,2018-04-16,Mobil Uygulama,Aktif,Randevu hatırlatması yapıldı
102303,Adana,Bireysel,1999.0,2018-09-29,Web,Aktif,
100719,İzmir,Bireysel,1973.0,2018-11-22,Bayi,Aktif,
102666,İstanbul,Bireysel,2001.0,2019-06-15,Çağrı Merkezi,Aktif,
100213,Ankara,Bireysel,1976.0,2020-12-21,Bayi,Aktif,
103632,İstanbul,Bireysel,,2021-08-13,Bayi,Aktif,
104082,İSTANBUL,Kurumsal,1982.0,2016-02-29,Mobil Uygulama,Aktif,Memnuniyet araması
103027,İzmir,Bireysel,1973.0,2016-12-21,Web,Aktif,Memnuniyet araması
100236,İzmir,Bireysel,1999.0,2020-07-26,Bayi,Aktif,Kampanya bilgilendirmesi
103193,istanbul,Kurumsal,1977.0,2021-05-22,Çağrı Merkezi,Aktif,
100786,İzmir,Bireysel,1994.0,2017-05-13,Bayi,Aktif,
101606,İstanbul,Bireysel,1970.0,2021-10-06,Mobil Uygulama,Aktif,Memnuniyet araması
103142,İSTANBUL,Bireysel,2004.0,2017-02-11,Bayi,Aktif,
103900,İzmir,Bireysel,1964.0,2019-10-11,Bayi,Aktif,Memnuniyet araması
103352,Ankara,Kurumsal,1959.0,2017-08-19,Bayi,Aktif,Memnuniyet araması
103963,İstanbul,Bireysel,1990.0,2018-03-12,Mobil Uygulama,Aktif,Randevu hatırlatması yapıldı
100146,BURSA,Bireysel,1981.0,2020-11-11,Bayi,Aktif,
103861,İstanbul,Bireysel,1956.0,2020-09-15,Bayi,Aktif,Kampanya bilgilendirmesi
104188,Bursa,Bireysel,1992.0,2021-04-11,Bayi,Kaybedildi,Ulaşılamadı
102102,İstanbul,Bireysel,1970.0,2021-11-28,Çağrı Merkezi,Kaybedildi,İlgilenmiyor
101825,Antalya,Bireysel,1990.0,2021-10-22,Bayi,Aktif,Memnuniyet araması
104150,Ankara,Kurumsal,,2019-06-03,Bayi,Aktif,Kampanya bilgilendirmesi
101028,İzmir,Bireysel,1989.0,2021-10-03,Mobil Uygulama,Aktif,Memnuniyet araması
100210,İstanbul,Kurumsal,1986.0,2017-04-22,Bayi,Aktif,Kampanya bilgilendirmesi
103165,İstanbul,Bireysel,1987.0,2020-02-07,Bayi,Aktif,
103448,Bursa,Bireysel,1960.0,2018-12-05,Bayi,Aktif,
103704,İzmir,Bireysel,,2021-12-03,Web,Aktif,
101766,İstanbul,Bireysel,1986.0,2017-08-03,Web,Kaybedildi,Ulaşılamadı
100994,İstanbul,Bireysel,1989.0,2020-05-21,Bayi,Aktif,Memnuniyet araması
103479,İzmir,Bireysel,1956.0,2021-09-02,Bayi,Aktif,Randevu hatırlatması yapıldı
100350,İstanbul,Bireysel,1958.0,2018-12-24,Web,Aktif,Memnuniyet araması
102453,ISTANBUL,Bireysel,1984.0,2016-05-09,Bayi,Aktif,Randevu hatırlatması yapıldı
100932,İstanbul,Bireysel,1991.0,2016-09-27,Bayi,Aktif,Kampanya bilgilendirmesi
100863,İstanbul,Bireysel,1967.0,2019-12-21,Bayi,Pasif,Kampanya bilgilendirmesi
102753,Ankara,Bireysel,1968.0,2019-10-04,Web,Aktif,
101493,Ankara,Bireysel,1979.0,2018-09-28,Bayi,Aktif,Kampanya bilgilendirmesi
100629,İstanbul,Bireysel,1987.0,2020-11-04,Bayi,Pasif,Araç satıldı
102670,Antalya,Bireysel,1985.0,2018-09-05,Çağrı Merkezi,Aktif,Memnuniyet araması
104056,Ankara,Bireysel,1988.0,2019-02-16,Bayi,Aktif,
100625,İstanbul,Bireysel,1959.0,2017-07-13,Mobil Uygulama,Kaybedildi,Ulaşılamadı
102487,İstanbul,Bireysel,1982.0,2020-01-05,Bayi,Aktif,
100014,İstanbul,Bireysel,1993.0,2017-06-01,Bayi,Aktif,
102035,İstanbul,Kurumsal,1973.0,2016-07-22,Web,Aktif,
102293,Bursa,Bireysel,1971.0,2021-04-10,Çağrı Merkezi,Aktif,Kampanya bilgilendirmesi
101023,Antalya,Bireysel,2001.0,2021-08-22,Bayi,Aktif,Randevu hatırlatması yapıldı
101490,Ankara,Bireysel,1957.0,2017-09-06,Bayi,Aktif,Randevu hatırlatması yapıldı
103811,BURSA,Bireysel,1979.0,2017-04-13,Çağrı Merkezi,Aktif,Memnuniyet araması
102675,İstanbul,Bireysel,1966.0,2019-11-04,Bayi,Pasif,Memnuniyet araması
104185,Ankara,Kurumsal,1955.0,2017-12-04,Web,Aktif,
102928,İstanbul,Bireysel,1962.0,2020-07-17,Bayi,Aktif,Memnuniyet araması
103814,Adana,Kurumsal,1978.0,2017-07-22,Bayi,Aktif,Kampanya bilgilendirmesi
100162,Bursa,Bireysel,1972.0,2019-10-26,Bayi,Aktif,Memnuniyet araması
102513,Adana,Bireysel,1994.0,2018-05-19,Web,Kaybedildi,
100837,İzmir,Bireysel,2003.0,2020-07-18,Bayi,Aktif,Kampanya bilgilendirmesi
100827,Kocaeli,Bireysel,1974.0,2019-08-29,Bayi,Aktif,
103338,İzmir,Bireysel,1972.0,2017-08-27,Bayi,Pasif,İlgilenmiyor
101891,İstanbul,Bireysel,1958.0,2019-01-15,Bayi,Aktif,Kampanya bilgilendirmesi
103585,Adana,Kurumsal,1974.0,2017-08-30,Çağrı Merkezi,Aktif,
101860,Adana,Kurumsal,1987.0,2020-04-24,Bayi,Aktif,
100530,İzmir,Kurumsal,1978.0,2018-09-10,Web,Aktif,Memnuniyet araması
103389,İstanbul,Kurumsal,1963.0,2018-10-15,Web,Aktif,Memnuniyet araması
101681,istanbul,Bireysel,1963.0,2019-06-15,Çağrı Merkezi,Aktif,İlgilenmiyor
104125,İstanbul,Bireysel,1998.0,2018-11-03,Çağrı Merkezi,Aktif,Memnuniyet araması
104016,İstanbul,Bireysel,1966.0,2018-02-21,Web,Aktif,Memnuniyet araması
102682,İstanbul,Bireysel,1986.0,2016-09-17,Bayi,Kaybedildi,İlgilenmiyor
102200,İstanbul,Bireysel,1960.0,2021-07-04,Bayi,Kaybedildi,
102132,İzmir,Bireysel,1995.0,2020-01-28,Mobil Uygulama,Aktif,Memnuniyet araması
103085,Bursa,Bireysel,2001.0,2020-06-29,Bayi,Aktif,
101880,İstanbul,Bireysel,1955.0,2021-07-30,Bayi,Aktif,
102177,Ankara,Kurumsal,1975.0,2017-09-20,Web,Pasif,
101015,İstanbul,Bireysel,1968.0,2021-06-19,Bayi,Aktif,Memnuniyet araması
100771,İstanbul,Bireysel,1995.0,2021-09-05,Bayi,Aktif,Kampanya bilgilendirmesi
100214,İstanbul,Bireysel,1962.0,2016-10-07,Çağrı Merkezi,Pasif,Ulaşılamadı
102867,Ankara,Bireysel,1978.0,2017-04-22,Bayi,Aktif,Randevu hatırlatması yapıldı
100746,İzmir,Kurumsal,1974.0,2016-06-01,Web,Aktif,
100724,İstanbul,Bireysel,1982.0,2019-02-06,Bayi,Aktif,Randevu hatırlatması yapıldı
102865,Bursa,Bireysel,1971.0,2016-01-22,Bayi,Aktif,
100833,İstanbul,Kurumsal,1957.0,2020-02-05,Bayi,Aktif,
103425,İstanbul,Bireysel,1971.0,2020-01-14,Bayi,Aktif,
101617,İstanbul,Kurumsal,1962.0,2018-05-12,Bayi,Aktif,
101827,İstanbul,Bireysel,1956.0,2021-10-19,Çağrı Merkezi,Aktif,
103891,İstanbul,Bireysel,1990.0,2020-09-18,Bayi,Aktif,Kampanya bilgilendirmesi
100323,Bursa,Bireysel,1969.0,2018-03-24,Web,Aktif,
103687,İstanbul,Bireysel,1994.0,2021-02-07,Bayi,Aktif,Kampanya bilgilendirmesi
101795,Kocaeli,Bireysel,1976.0,2018-10-20,Bayi,Aktif,Randevu hatırlatması yapıldı
104104,İSTANBUL,Kurumsal,1962.0,2017-04-11,Bayi,Aktif,Memnuniyet araması
102034,İstanbul,Bireysel,1982.0,2016-11-17,Bayi,Aktif,Randevu hatırlatması yapıldı
101622,İstanbul,Bireysel,1989.0,2019-06-09,Web,Kaybedildi,
103169,Antalya,Bireysel,1992.0,2019-05-10,Bayi,Aktif,Kampanya bilgilendirmesi
103783,Kocaeli,Bireysel,1974.0,2017-07-13,Bayi,Kaybedildi,İlgilenmiyor
102570,Ankara,Bireysel,1966.0,2018-12-27,Bayi,Kaybedildi,Ulaşılamadı
100239,İzmir,Bireysel,1961.0,2016-12-30,Mobil Uygulama,Aktif,Randevu hatırlatması yapıldı
103240,Ankara,Bireysel,1966.0,2020-10-10,Bayi,Pasif,
102172,Kocaeli,Bireysel,1987.0,2019-12-03,Bayi,Aktif,Memnuniyet araması
102520,Adana,Bireysel,1984.0,2020-05-17,Mobil Uygulama,Aktif,
100789,Ankara,Bireysel,1985.0,2016-05-04,Web,Aktif,
102951,İstanbul,Bireysel,1993.0,2021-05-18,Bayi,Aktif,Randevu hatırlatması yapıldı
101053,İstanbul,Bireysel,1994.0,2018-05-15,Bayi,Aktif,Randevu hatırlatması yapıldı
103464,Ankara,Bireysel,1972.0,2020-07-21,Bayi,Aktif,
100336,İzmir,Kurumsal,1963.0,2016-04-28,Çağrı Merkezi,Aktif,
103329,Ankara,Kurumsal,2003.0,2016-08-15,Web,Aktif,
103073,Kocaelı,Kurumsal,1970.0,2017-07-06,Çağrı Merkezi,Pasif,
103207,İstanbul,Kurumsal,1992.0,2021-11-15,Bayi,Aktif,
101418,İstanbul,Bireysel,1984.0,2020-04-24,Web,Aktif,
100828,Antalya,Kurumsal,1990.0,2016-05-22,Mobil Uygulama,Aktif,
101702,İstanbul,Bireysel,1985.0,2021-11-23,Bayi,Aktif,Randevu hatırlatması yapıldı
100703,İzmir,Bireysel,1985.0,2016-04-22,Bayi,Aktif,Memnuniyet araması
103441,İzmir,Bireysel,1991.0,2018-05-14,Bayi,Kaybedildi,İlgilenmiyor
101382,Ankara,Bireysel,1967.0,2018-11-25,Mobil Uygulama,Aktif,Kampanya bilgilendirmesi
101823,İstanbul,Bireysel,1979.0,2021-06-25,Mobil Uygulama,Kaybedildi,İlgilenmiyor
103084,istanbul,Bireysel,1984.0,2019-08-19,Mobil Uygulama,Aktif,Memnuniyet araması
102254,Kocaelı,Bireysel,1963.0,2016-05-19,Bayi,Aktif,Randevu hatırlatması yapıldı
103780,İstanbul,Bireysel,1959.0,2016-05-27,Bayi,Aktif,
100108,Antalya,Bireysel,1963.0,2021-10-09,Bayi,Aktif,
101755,İzmir,Bireysel,1990.0,2016-02-10,Bayi,Aktif,Randevu hatırlatması yapıldı
103250,İzmir,Bireysel,1985.0,2017-02-16,Bayi,Aktif,Kampanya bilgilendirmesi
100940,İzmir,Bireysel,1974.0,2019-01-07,Mobil Uygulama,Aktif,
103435,Kocaelı,Bireysel,1990.0,2017-06-05,Bayi,Aktif,Randevu hatırlatması yapıldı
101232,Ankara,Kurumsal,1987.0,2016-10-08,Bayi,Aktif,Kampanya bilgilendirmesi
104077,Ankara,Bireysel,1958.0,2020-01-05,Mobil Uygulama,Aktif,Memnuniyet araması
103806,İstanbul,Kurumsal,2000.0,2020-08-13,Bayi,Aktif,
100455,Ankara,Bireysel,1976.0,2017-03-07,Bayi,Aktif,Kampanya bilgilendirmesi
102238,ISTANBUL,Bireysel,1994.0,2016-07-22,Çağrı Merkezi,Aktif,
103446,Antalya,Bireysel,1995.0,2017-12-09,Bayi,Aktif,
100575,İstanbul,Bireysel,2002.0,2018-03-16,Web,Kaybedildi,
104001,İzmir,Kurumsal,1974.0,2019-07-22,Bayi,Aktif,
100385,Istanbul,Bireysel,1974.0,2018-05-22,Çağrı Merkezi,Aktif,
103286,İstanbul,Bireysel,1997.0,2019-06-06,Çağrı Merkezi,Aktif,Kampanya bilgilendirmesi
101867,Adana,Bireysel,1995.0,2021-10-05,Web,Aktif,
103481,İzmir,Bireysel,1976.0,2021-03-12,Çağrı Merkezi,Aktif,Randevu hatırlatması yapıldı
101405,Kocaeli,Bireysel,1961.0,2018-02-03,Çağrı Merkezi,Pasif,
100637,İstanbul,Bireysel,1991.0,2017-02-10,Çağrı Merkezi,Aktif,Randevu hatırlatması yapıldı
100656,Kocaeli,Bireysel,1981.0,2019-09-09,Bayi,Kaybedildi,
100811,İstanbul,Kurumsal,1977.0,2016-06-22,Bayi,Aktif,
101692,İstanbul,Bireysel,1983.0,2017-09-15,Bayi,Aktif,Kampanya bilgilendirmesi
104120,Bursa,Bireysel,1989.0,2016-09-11,Web,Aktif,Kampanya bilgilendirmesi
101209,Kocaeli,Bireysel,1982.0,2019-01-02,Mobil Uygulama,Kaybedildi,İlgilenmiyor
102847,Ankara,Bireysel,1987.0,2017-09-14,Bayi,Aktif,
104088,ANTALYA,Bireysel,1963.0,2017-12-26,Mobil Uygulama,Aktif,
100778,Bursa,Kurumsal,2000.0,2018-05-03,Bayi,Aktif,Randevu hatırlatması yapıldı
101083,Antalya,Bireysel,1961.0,2021-07-19,Web,Kaybedildi,Araç satıldı
100617,Ankara,Bireysel,2003.0,2020-05-14,Bayi,Aktif,Memnuniyet araması
101938,İstanbul,Bireysel,2002.0,2020-01-20,Çağrı Merkezi,Aktif,
103043,İstanbul,Bireysel,1988.0,2021-12-10,Bayi,Aktif,
100401,İstanbul,Bireysel,1956.0,2018-11-10,Bayi,Aktif,
101173,Ankara,Bireysel,1989.0,2019-07-16,Web,Aktif,
102382,İzmir,Kurumsal,1959.0,2019-08-17,Bayi,Aktif,Kampanya bilgilendirmesi
100643,İstanbul,Bireysel,1993.0,2021-05-18,Bayi,Aktif,Memnuniyet araması
102376,İstanbul,Kurumsal,1983.0,2017-07-25,Bayi,Aktif,Kampanya bilgilendirmesi
103457,Antalya,Bireysel,1971.0,2020-08-07,Bayi,Aktif,
102134,Bursa,Bireysel,1994.0,2019-03-26,Mobil Uygulama,Aktif,
102571,Ankara,Bireysel,1971.0,2017-03-04,Bayi,Aktif,
100380,Antalya,Bireysel,,2017-01-22,Bayi,Aktif,Memnuniyet araması
102752,İstanbul,Kurumsal,1983.0,2020-04-26,Bayi,Kaybedildi,
101122,İSTANBUL,Bireysel,1967.0,2021-05-25,Mobil Uygulama,Aktif,
101260,İstanbul,Bireysel,2000.0,2020-01-15,Bayi,Aktif,Randevu hatırlatması yapıldı
103139,Bursa,Bireysel,2001.0,2017-03-13,Bayi,Kaybedildi,Başka servise geçti
102728,Bursa,Bireysel,1970.0,2016-06-06,Çağrı Merkezi,Aktif,Memnuniyet araması
103702,İstanbul,Bireysel,1969.0,2016-06-12,Bayi,Aktif,Kampanya bilgilendirmesi
102703,Kocaeli,Bireysel,2004.0,2017-06-16,Çağrı Merkezi,Pasif,İlgilenmiyor
102495,İzmir,Bireysel,1958.0,2018-01-18,Bayi,Aktif,Kampanya bilgilendirmesi
102627,Antalya,Bireysel,1975.0,2019-06-05,Bayi,Aktif,
102002,İstanbul,Bireysel,1987.0,2019-08-07,Bayi,Aktif,Kampanya bilgilendirmesi
101230,İstanbul,Bireysel,1977.0,2019-01-23,Bayi,Aktif,Randevu hatırlatması yapıldı
103920,Ankara,Bireysel,1989.0,2021-03-20,Bayi,Aktif,Memnuniyet araması
103248,Ankara,Bireysel,1984.0,2016-07-19,Mobil Uygulama,Aktif,Memnuniyet araması
100757,İzmir,Bireysel,1956.0,2018-10-15,Mobil Uygulama,Aktif,Randevu hatırlatması yapıldı
101296,İstanbul,Bireysel,2004.0,2018-12-07,Bayi,Aktif,
104064,ankara,Bireysel,1979.0,2019-06-08,Mobil Uygulama,Aktif,Memnuniyet araması
103096,Ankara,Bireysel,1961.0,2021-02-12,Bayi,Aktif,Randevu hatırlatması yapıldı
102653,IZMIR,Kurumsal,1971.0,2021-04-08,Web,Aktif,
100672,İstanbul,Kurumsal,1957.0,2017-05-27,Web,Aktif,Memnuniyet araması
103125,Bursa,Bireysel,1958.0,2020-02-29,Bayi,Aktif,
102179,İstanbul,Bireysel,1998.0,2017-06-04,Bayi,Aktif,Randevu hatırlatması yapıldı
102942,ankara,Bireysel,1969.0,2020-01-28,Bayi,Aktif,Kampanya bilgilendirmesi
101411,İstanbul,Kurumsal,2001.0,2020-10-30,Bayi,Aktif,Kampanya bilgilendirmesi
101327,İzmir,Bireysel,1963.0,2019-07-10,Bayi,Aktif,Memnuniyet araması
100582,İstanbul,Bireysel,1969.0,2017-04-25,Bayi,Aktif,
101223,Antalya,Bireysel,1988.0,2019-10-25,Bayi,Pasif,
101740,Bursa,Bireysel,1974.0,2019-06-16,Bayi,Kaybedildi,Ulaşılamadı
103592,İzmir,Bireysel,1979.0,2017-06-30,Bayi,Aktif,Kampanya bilgilendirmesi
100552,İstanbul,Bireysel,1981.0,2019-10-11,Bayi,Aktif,
102197,Ankara,Bireysel,1997.0,2018-02-12,Web,Kaybedildi,İlgilenmiyor
104180,İSTANBUL,Bireysel,1964.0,2017-06-03,Bayi,Aktif,Memnuniyet araması
103848,İstanbul,Bireysel,1959.0,2018-05-05,Bayi,Aktif,Randevu hatırlatması yapıldı
103594,İstanbul,Bireysel,1997.0,2017-01-12,Web,Aktif,
102814,İzmir,Bireysel,1958.0,2021-11-22,Mobil Uygulama,Aktif,Memnuniyet araması
100041,İstanbul,Bireysel,1969.0,2021-12-27,Web,Kaybedildi,Araç satıldı
102410,Ankara,Bireysel,1994.0,2018-07-14,Bayi,Aktif,Kampanya bilgilendirmesi
102373,KOCAELİ,Kurumsal,1965.0,2018-02-18,Bayi,Aktif,
103948,Izmir,Bireysel,1985.0,2021-07-02,Web,Aktif,Memnuniyet araması
100862,Ankara,Bireysel,2004.0,2020-01-25,Bayi,Aktif,Randevu hatırlatması yapıldı
103770,Kocaeli,Bireysel,1994.0,2016-05-03,Bayi,Kaybedildi,Ulaşılamadı
102963,IZMIR,Bireysel,1999.0,2021-10-18,Web,Aktif,Kampanya bilgilendirmesi
103199,istanbul,Bireysel,1990.0,2017-04-15,Çağrı Merkezi,Aktif,Kampanya bilgilendirmesi
102454,Ankara,Bireysel,1962.0,2018-09-30,Mobil Uygulama,Aktif,Randevu hatırlatması yapıldı
100024,İstanbul,Bireysel,1957.0,2018-08-16,Bayi,Aktif,Memnuniyet araması
103971,Kocaeli,Bireysel,1984.0,2020-07-24,Web,Aktif,Memnuniyet araması
103049,İstanbul,Bireysel,1983.0,2016-01-03,Çağrı Merkezi,Aktif,Randevu hatırlatması yapıldı
103720,Bursa,Bireysel,1974.0,2019-06-02,Bayi,Aktif,Randevu hatırlatması yapıldı
101304,İstanbul,Bireysel,1995.0,2018-09-14,Web,Aktif,İlgilenmiyor
100338,Ankara,Bireysel,1977.0,2021-11-16,Bayi,Aktif,
101167,Kocaeli,Bireysel,1993.0,2020-04-29,Mobil Uygulama,Pasif,Ulaşılamadı
101955,Bursa,Bireysel,1982.0,2020-09-24,Bayi,Aktif,Kampanya bilgilendirmesi
102432,Adana,Bireysel,1976.0,2018-09-16,Web,Aktif,Randevu hatırlatması yapıldı
102133,Kocaeli,Bireysel,1998.0,2016-06-05,Çağrı Merkezi,Aktif,
103488,İstanbul,Bireysel,1968.0,2016-12-03,Mobil Uygulama,Aktif,Kampanya bilgilendirmesi
100387,Ankara,Bireysel,1979.0,2016-07-11,Web,Aktif,Randevu hatırlatması yapıldı
103206,İstanbul,Bireysel,1978.0,2016-04-14,Web,Aktif,
102435,Antalya,Bireysel,1971.0,2018-11-06,Web,Aktif,Kampanya bilgilendirmesi
103901,İstanbul,Bireysel,1991.0,2019-11-03,Bayi,Aktif,Memnuniyet araması
101504,Ankara,Bireysel,1985.0,2021-07-09,Web,Aktif,
101760,İstanbul,Kurumsal,1967.0,2019-06-21,Web,Aktif,Kampanya bilgilendirmesi
100716,Antalya,Bireysel,1991.0,2020-06-28,Bayi,Aktif,Kampanya bilgilendirmesi
104083,İstanbul,Kurumsal,1990.0,2017-10-07,Web,Aktif,Randevu hatırlatması yapıldı
103977,Kocaeli,Bireysel,1976.0,2019-10-17,Bayi,Pasif,Kampanya bilgilendirmesi
101668,İstanbul,Bireysel,1957.0,2016-04-26,Çağrı Merkezi,Aktif,Randevu hatırlatması yapıldı
101700,İstanbul,Bireysel,1955.0,2019-11-04,Bayi,Aktif,Randevu hatırlatması yapıldı
101757,Antalya,Kurumsal,1959.0,2018-11-19,Bayi,Kaybedildi,Başka servise geçti
103175,Bursa,Bireysel,1983.0,2018-07-04,Bayi,Kaybedildi,Araç satıldı
101188,Ankara,Bireysel,1995.0,2021-07-01,Mobil Uygulama,Aktif,Memnuniyet araması
100911,İstanbul,Bireysel,1990.0,2020-01-21,Bayi,Aktif,Randevu hatırlatması yapıldı
101198,Antalya,Bireysel,1981.0,2020-06-01,Web,Aktif,Randevu hatırlatması yapıldı
100268,İstanbul,Bireysel,1994.0,2019-01-31,Bayi,Aktif,
103904,Kocaeli,Bireysel,1965.0,2017-08-23,Bayi,Aktif,Kampanya bilgilendirmesi
100490,Bursa,Kurumsal,1984.0,2016-06-05,Mobil Uygulama,Aktif,
101730,Adana,Bireysel,1983.0,2017-12-13,Bayi,Aktif,
102106,İstanbul,Kurumsal,1982.0,2016-03-05,Bayi,Aktif,
101246,Kocaeli,Bireysel,1956.0,2018-11-25,Web,Aktif,Memnuniyet araması
100893,İstanbul,Bireysel,2001.0,2017-03-26,Bayi,Aktif,Kampanya bilgilendirmesi
101225,Kocaeli,Bireysel,1992.0,2020-09-08,Bayi,Aktif,
103348,Adana,Kurumsal,1971.0,2018-03-18,Bayi,Aktif,
102247,Ankara,Bireysel,1994.0,2019-09-26,Web,Aktif,Kampanya bilgilendirmesi
100865,İstanbul,Bireysel,1984.0,2019-10-15,Bayi,Aktif,Memnuniyet araması
101285,Kocaeli,Bireysel,1967.0,2020-11-14,Mobil Uygulama,Aktif,
101354,İstanbul,Bireysel,2000.0,2020-11-27,Bayi,Aktif,Kampanya bilgilendirmesi
100457,Ankara,Bireysel,1973.0,2017-07-18,Bayi,Aktif,Memnuniyet araması
100204,Antalya,Bireysel,1992.0,2020-08-25,Bayi,Aktif,Kampanya bilgilendirmesi
103785,İstanbul,Bireysel,1985.0,2016-04-10,Çağrı Merkezi,Aktif,
101172,İstanbul,Bireysel,1961.0,2020-07-18,Bayi,Aktif,
100880,Ankara,Bireysel,1965.0,2019-07-24,Bayi,Aktif,Memnuniyet araması
100767,Adana,Kurumsal,,2018-03-13,Mobil Uygulama,Pasif,Randevu hatırlatması yapıldı
102292,Antalya,Bireysel,1974.0,2020-03-31,Çağrı Merkezi,Aktif,Kampanya bilgilendirmesi
103697,İstanbul,Kurumsal,1997.0,2020-12-25,Bayi,Pasif,Memnuniyet araması
103932,Bursa,Bireysel,1995.0,2018-08-28,Bayi,Aktif,Randevu hatırlatması yapıldı
101914,İstanbul,Kurumsal,1961.0,2021-05-13,Bayi,Aktif,Kampanya bilgilendirmesi
104028,İstanbul,Bireysel,1974.0,2020-01-25,Bayi,Aktif,
103364,Ankara,Bireysel,1967.0,2017-04-01,Bayi,Pasif,
102393,Bursa,Bireysel,1955.0,2021-02-26,Bayi,Pasif,Araç satıldı
101767,Adana,Bireysel,1980.0,2018-06-04,Bayi,Kaybedildi,Araç satıldı
100988,İzmir,Kurumsal,1962.0,2021-01-10,Bayi,Aktif,Memnuniyet araması
103584,Istanbul,Bireysel,1989.0,2017-12-29,Bayi,Aktif,
103581,Kocaeli,Bireysel,2003.0,2021-06-01,Çağrı Merkezi,Kaybedildi,Araç satıldı
101885,İzmir,Bireysel,1976.0,2021-05-04,Web,Pasif,
101610,İstanbul,Bireysel,1993.0,2017-09-07,Bayi,Aktif,
101707,İstanbul,Kurumsal,1995.0,2019-05-18,Web,Aktif,
103386,Antalya,Bireysel,1962.0,2016-10-01,Bayi,Aktif,Memnuniyet araması
103384,ADANA,Kurumsal,1959.0,2017-12-10,Mobil Uygulama,Pasif,Ulaşılamadı
101224,İstanbul,Bireysel,1958.0,2018-11-18,Bayi,Aktif,Memnuniyet araması
104033,İstanbul,Bireysel,1957.0,2017-01-02,Çağrı Merkezi,Aktif,Randevu hatırlatması yapıldı
102993,İstanbul,Kurumsal,1970.0,2016-01-20,Bayi,Aktif,
104108,İzmir,Kurumsal,1964.0,2017-07-01,Bayi,Aktif,
103520,Antalya,Kurumsal,1959.0,2018-02-01,Bayi,Aktif,Kampanya bilgilendirmesi
102914,İzmir,Bireysel,2000.0,2017-10-16,Bayi,Pasif,
104143,Antalya,Bireysel,1990.0,2018-12-16,Bayi,Kaybedildi,Başka servise geçti
100804,İstanbul,Kurumsal,1973.0,2018-03-30,Mobil Uygulama,Aktif,Randevu hatırlatması yapıldı
103172,İstanbul,Bireysel,1958.0,2017-03-22,Web,Kaybedildi,İlgilenmiyor
101836,İstanbul,Kurumsal,1971.0,2021-09-04,Web,Aktif,
104134,Ankara,Kurumsal,1960.0,2021-04-20,Bayi,Aktif,Kampanya bilgilendirmesi
102178,ISTANBUL,Bireysel,1999.0,2016-04-11,Bayi,Kaybedildi,İlgilenmiyor
100366,İzmir,Bireysel,1956.0,2020-12-15,Mobil Uygulama,Kaybedildi,
104171,İstanbul,Bireysel,1968.0,2019-04-16,Bayi,Aktif,Memnuniyet araması
101052,İzmir,Bireysel,1974.0,2018-12-07,Çağrı Merkezi,Kaybedildi,Ulaşılamadı
101337,KOCAELİ,Bireysel,1966.0,2018-01-28,Web,Aktif,Randevu hatırlatması yapıldı
102437,İstanbul,Kurumsal,1957.0,2019-02-20,Web,Aktif,
103459,İzmir,Kurumsal,1990.0,2020-12-25,Bayi,Aktif,Kampanya bilgilendirmesi
101997,İstanbul,Bireysel,1961.0,2017-09-22,Bayi,Aktif,Randevu hatırlatması yapıldı
100924,Ankara,Bireysel,1955.0,2020-01-09,Web,Aktif,Kampanya bilgilendirmesi
102010,İstanbul,Bireysel,1989.0,2016-05-12,Bayi,Aktif,
100678,İstanbul,Bireysel,1955.0,2020-12-09,Çağrı Merkezi,Pasif,
100128,İstanbul,Bireysel,1990.0,2016-11-07,Bayi,Aktif,
100328,İstanbul,Bireysel,1979.0,2018-09-14,Mobil Uygulama,Pasif,Başka servise geçti
102626,İstanbul,Bireysel,1982.0,2016-12-30,Bayi,Aktif,Memnuniyet araması
103959,İstanbul,Bireysel,1985.0,2019-03-21,Bayi,Kaybedildi,
104182,İzmir,Bireysel,1999.0,2017-03-02,Mobil Uygulama,Aktif,Memnuniyet araması
100780,İstanbul,Bireysel,1957.0,2020-02-24,Bayi,Kaybedildi,Ulaşılamadı
103285,İstanbul,Bireysel,1965.0,2017-08-26,Çağrı Merkezi,Aktif,Memnuniyet araması
101614,İzmir,Bireysel,1980.0,2021-08-29,Web,Kaybedildi,Başka servise geçti
101544,Adana,Kurumsal,1989.0,2020-08-29,Bayi,Aktif,Randevu hatırlatması yapıldı
101018,İSTANBUL,Bireysel,1995.0,2020-03-21,Bayi,Aktif,
100038,İstanbul,Bireysel,1999.0,2021-02-17,Web,Aktif,Memnuniyet araması
102621,İstanbul,Bireysel,1973.0,2016-10-24,Bayi,Aktif,
103159,Bursa,Bireysel,2002.0,2016-12-04,Web,Aktif,
100799,İstanbul,Bireysel,1991.0,2018-02-11,Bayi,Aktif,
100944,İzmir,Bireysel,2004.0,2021-02-27,Bayi,Aktif,Memnuniyet araması
100562,İzmir,Bireysel,1969.0,2017-05-23,Web,Aktif,Memnuniyet araması
102408,Antalya,Bireysel,1959.0,2017-11-07,Mobil Uygulama,Aktif,
103879,Ankara,Bireysel,1982.0,2015-12-31,Bayi,Aktif,Kampanya bilgilendirmesi
102614,Kocaeli,Bireysel,1961.0,2020-02-29,Mobil Uygulama,Aktif,Kampanya bilgilendirmesi
101132,İzmir,Bireysel,1956.0,2018-04-07,Bayi,Aktif,
100632,Kocaeli,Bireysel,1974.0,2017-10-28,Mobil Uygulama,Aktif,
101833,İzmir,Bireysel,1974.0,2017-07-18,Bayi,Aktif,
102430,Ankara,Bireysel,1965.0,2021-03-04,Bayi,Aktif,Memnuniyet araması
101728,Ankara,Bireysel,1968.0,2021-10-10,Bayi,Aktif,Randevu hatırlatması yapıldı
101718,İstanbul,Kurumsal,1969.0,2021-01-09,Çağrı Merkezi,Aktif,
100671,İzmir,Bireysel,1989.0,2019-12-15,Bayi,Aktif,
100958,İstanbul,Bireysel,1983.0,2018-04-15,Bayi,Aktif,
100022,Kocaeli,Bireysel,1980.0,2021-08-19,Çağrı Merkezi,Aktif,Randevu hatırlatması yapıldı
103979,Kocaeli,Kurumsal,1985.0,2019-08-22,Bayi,Aktif,Kampanya bilgilendirmesi
101484,Antalya,Kurumsal,1966.0,2016-07-09,Bayi,Aktif,Randevu hatırlatması yapıldı
103331,İstanbul,Bireysel,2001.0,2018-01-22,Bayi,Aktif,
101453,Ankara,Kurumsal,1994.0,2020-08-28,Bayi,Kaybedildi,İlgilenmiyor
103664,İzmir,Bireysel,1990.0,2016-03-12,Bayi,Aktif,
103801,Ankara,Bireysel,1984.0,2018-03-06,Web,Kaybedildi,Ulaşılamadı
101125,İzmir,Bireysel,1970.0,2021-06-17,Web,Aktif,
100139,İSTANBUL,Kurumsal,1977.0,2020-09-28,Web,Aktif,
100062,Antalya,Kurumsal,2004.0,2016-09-16,Çağrı Merkezi,Aktif,
101877,İstanbul,Kurumsal,1974.0,2021-03-11,Web,Aktif,
102433,İzmir,Bireysel,2001.0,2017-02-24,Bayi,Kaybedildi,Araç satıldı
100009,Ankara,Bireysel,1995.0,2016-04-25,Bayi,Aktif,Randevu hatırlatması yapıldı
103868,Ankara,Bireysel,2002.0,2016-10-27,Bayi,Aktif,
100372,İstanbul,Bireysel,1955.0,2016-09-29,Bayi,Aktif,
103856,İstanbul,Bireysel,1956.0,2017-10-22,Mobil Uygulama,Pasif,Araç satıldı
103198,Ankara,Bireysel,1956.0,2021-11-28,Bayi,Pasif,
100693,Ankara,Bireysel,1967.0,2017-04-11,Web,Kaybedildi,Ulaşılamadı
100199,İzmir,Bireysel,2001.0,2017-09-13,Bayi,Kaybedildi,Araç satıldı
100082,İstanbul,Bireysel,1966.0,2017-11-11,Bayi,Pasif,
100399,İstanbul,Bireysel,1976.0,2017-09-29,Çağrı Merkezi,Pasif,Başka servise geçti
100818,İstanbul,Bireysel,1976.0,2019-06-19,Bayi,Aktif,Randevu hatırlatması yapıldı
100404,İstanbul,Bireysel,1986.0,2019-12-28,Bayi,Aktif,
100892,Ankara,Bireysel,1970.0,2017-10-02,Bayi,Aktif,
102472,Adana,Kurumsal,1956.0,2016-09-28,Web,Pasif,Memnuniyet araması
102795,Antalya,Bireysel,1985.0,2016-08-29,Çağrı Merkezi,Kaybedildi,Başka servise geçti
101399,İstanbul,Bireysel,1992.0,2021-12-30,Çağrı Merkezi,Aktif,
100004,İstanbul,Bireysel,1966.0,2019-08-06,Bayi,Aktif,Memnuniyet araması
101031,Ankara,Bireysel,1972.0,2018-05-18,Bayi,Aktif,Memnuniyet araması
100384,ANKARA,Bireysel,2002.0,2020-04-20,Bayi,Pasif,
100309,İstanbul,Kurumsal,1987.0,2018-05-24,Bayi,Kaybedildi,Başka servise geçti
103011,Ankara,Bireysel,1974.0,2021-06-14,Bayi,Aktif,
100655,İstanbul,Bireysel,1975.0,2016-03-19,Bayi,Aktif,Memnuniyet araması
102707,Kocaelı,Kurumsal,1972.0,2017-01-29,Bayi,Aktif,
100061,İstanbul,Bireysel,1962.0,2017-04-24,Bayi,Aktif,Kampanya bilgilendirmesi
101437,Ankara,Bireysel,2001.0,2019-07-15,Bayi,Aktif,Memnuniyet araması
100649,Antalya,Bireysel,1991.0,2021-09-12,Bayi,Aktif,Kampanya bilgilendirmesi
101621,Antalya,Bireysel,1992.0,2016-02-28,Bayi,Aktif,
103678,İstanbul,Bireysel,1966.0,2020-02-07,Bayi,Pasif,Kampanya bilgilendirmesi
100551,Bursa,Bireysel,1966.0,2020-04-09,Çağrı Merkezi,Aktif,
103013,Ankara,Bireysel,1971.0,2020-12-27,Web,Aktif,
100578,İzmir,Bireysel,1989.0,2018-08-09,Web,Pasif,Kampanya bilgilendirmesi
101252,İstanbul,Bireysel,1978.0,2020-12-17,Bayi,Aktif,Kampanya bilgilendirmesi
102351,Bursa,Kurumsal,1962.0,2020-01-15,Bayi,Aktif,
103027,İzmir,Bireysel,1973.0,2016-12-21,Web,Aktif,Memnuniyet araması
101391,İstanbul,Bireysel,1968.0,2017-12-07,Web,Aktif,Randevu hatırlatması yapıldı
101159,İzmir,Bireysel,1964.0,2020-04-04,Çağrı Merkezi,Aktif,
100324,İzmir,Bireysel,1987.0,2016-11-20,Mobil Uygulama,Aktif,
102563,Ankara,Bireysel,1975.0,2021-06-14,Çağrı Merkezi,Aktif,Randevu hatırlatması yapıldı
103431,İzmir,Bireysel,1984.0,2020-08-06,Bayi,Pasif,
100919,Antalya,Bireysel,1975.0,2018-09-05,Web,Aktif,Kampanya bilgilendirmesi
100997,Kocaeli,Bireysel,1975.0,2017-08-27,Bayi,Aktif,
100905,İstanbul,Bireysel,1985.0,2018-02-06,Bayi,Aktif,Randevu hatırlatması yapıldı
101677,İzmir,Bireysel,1958.0,2016-11-07,Web,Aktif,
101858,İstanbul,Kurumsal,1972.0,2016-02-16,Bayi,Aktif,
101295,Antalya,Bireysel,1996.0,2016-12-21,Web,Aktif,Kampanya bilgilendirmesi
103701,Ankara,Kurumsal,1968.0,2020-04-28,Çağrı Merkezi,Aktif,
101724,Ankara,Bireysel,1980.0,2021-02-28,Bayi,Aktif,Kampanya bilgilendirmesi
103883,Adana,Bireysel,1975.0,2019-06-08,Web,Aktif,Memnuniyet araması
101540,İzmir,Bireysel,1988.0,2021-11-19,Bayi,Aktif,
101859,Ankara,Bireysel,2003.0,2016-10-04,Web,Aktif,
100927,Adana,Kurumsal,1968.0,2021-04-04,Web,Aktif,
101345,Ankara,Kurumsal,1976.0,2019-07-14,Mobil Uygulama,Aktif,
101638,Bursa,Bireysel,1957.0,2018-08-13,Mobil Uygulama,Kaybedildi,Ulaşılamadı
102024,İstanbul,Bireysel,2002.0,2019-01-08,Bayi,Kaybedildi,İlgilenmiyor
100791,Bursa,Kurumsal,1978.0,2020-09-20,Bayi,Pasif,İlgilenmiyor
103976,İstanbul,Bireysel,1991.0,2017-04-22,Bayi,Aktif,
103756,İstanbul,Bireysel,2000.0,2021-08-18,Çağrı Merkezi,Aktif,
100058,İzmir,Bireysel,2002.0,2018-04-16,Bayi,Aktif,Kampanya bilgilendirmesi
102961,Bursa,Bireysel,2002.0,2017-07-25,Çağrı Merkezi,Pasif,İlgilenmiyor
101585,İstanbul,Bireysel,1962.0,2016-01-25,Bayi,Aktif,Randevu hatırlatması yapıldı
102208,İstanbul,Bireysel,1963.0,2017-12-26,Bayi,Pasif,Araç satıldı
102407,İstanbul,Bireysel,1956.0,2019-10-23,Web,Aktif,Kampanya bilgilendirmesi
102584,İzmir,Bireysel,1960.0,2019-11-08,Çağrı Merkezi,Aktif,
101800,İstanbul,Bireysel,2004.0,2020-08-16,Çağrı Merkezi,Aktif,
103652,Ankara,Bireysel,1969.0,2018-08-28,Bayi,Aktif,
102782,İstanbul,Bireysel,1988.0,2017-10-18,Bayi,Aktif,Randevu hatırlatması yapıldı
103485,İstanbul,Bireysel,1992.0,2021-01-03,Bayi,Aktif,Kampanya bilgilendirmesi
100342,Kocaeli,Bireysel,1961.0,2019-09-16,Bayi,Aktif,Randevu hatırlatması yapıldı
101586,İstanbul,Bireysel,1986.0,2016-07-12,Bayi,Aktif,Memnuniyet araması
103532,İstanbul,Bireysel,1960.0,2019-05-04,Web,Aktif,Randevu hatırlatması yapıldı
101820,İstanbul,Bireysel,1980.0,2016-05-24,Çağrı Merkezi,Aktif,
101580,İzmir,Bireysel,1956.0,2018-09-08,Web,Kaybedildi,İlgilenmiyor
102822,İstanbul,Kurumsal,1998.0,2019-07-10,Çağrı Merkezi,Aktif,
100546,Kocaeli,Kurumsal,1998.0,2021-03-11,Web,Aktif,Randevu hatırlatması yapıldı
101708,İstanbul,Bireysel,1958.0,2016-08-31,Mobil Uygulama,Kaybedildi,Araç satıldı
103750,İstanbul,Bireysel,1971.0,2018-10-09,Bayi,Aktif,
102037,İstanbul,Bireysel,1988.0,2021-11-23,Web,Aktif,Randevu hatırlatması yapıldı
103858,Kocaeli,Bireysel,1957.0,2017-03-24,Bayi,Aktif,Kampanya bilgilendirmesi
103867,İSTANBUL,Bireysel,1999.0,2017-08-28,Mobil Uygulama,Aktif,Memnuniyet araması
102144,İstanbul,Kurumsal,1973.0,2016-03-05,Web,Aktif,Memnuniyet araması
102834,İstanbul,Bireysel,1985.0,2017-02-14,Bayi,Aktif,Memnuniyet araması
103093,Antalya,Bireysel,1976.0,2020-04-15,Çağrı Merkezi,Aktif,Kampanya bilgilendirmesi
103015,Antalya,Bireysel,1979.0,2020-07-08,Web,Aktif,Randevu hatırlatması yapıldı
100971,Antalya,Bireysel,1994.0,2017-11-21,Bayi,Aktif,Randevu hatırlatması yapıldı
102628,İstanbul,Bireysel,1973.0,2021-11-15,Bayi,Kaybedildi,Ulaşılamadı
100314,İstanbul,Bireysel,1955.0,2021-08-25,Web,Aktif,Randevu hatırlatması yapıldı
103726,İstanbul,Bireysel,1985.0,2017-03-28,Mobil Uygulama,Aktif,Randevu hatırlatması yapıldı
102687,Kocaeli,Bireysel,2002.0,2016-10-26,Web,Pasif,Randevu hatırlatması yapıldı
100340,İstanbul,Bireysel,1981.0,2017-08-13,Çağrı Merkezi,Aktif,
100219,İstanbul,Bireysel,1962.0,2017-03-13,Çağrı Merkezi,Kaybedildi,
102415,İstanbul,Kurumsal,1984.0,2019-07-04,Web,Aktif,Randevu hatırlatması yapıldı
100196,Bursa,Bireysel,1972.0,2020-09-28,Çağrı Merkezi,Aktif,Memnuniyet araması
101813,Ankara,Bireysel,1974.0,2016-07-23,Bayi,Aktif,
103350,Bursa,Bireysel,,2018-12-29,Bayi,Aktif,Randevu hatırlatması yapıldı
103500,Ankara,Kurumsal,1988.0,2020-08-24,Web,Aktif,
102018,Antalya,Bireysel,1990.0,2016-10-02,Bayi,Aktif,
103436,Bursa,Bireysel,1993.0,2019-04-18,Bayi,Kaybedildi,
104000,Ankara,Bireysel,1976.0,2016-12-14,Bayi,Aktif,Memnuniyet araması
101937,İSTANBUL,Kurumsal,1965.0,2020-01-26,Bayi,Kaybedildi,
103670,İzmir,Kurumsal,1998.0,2017-04-23,Bayi,Aktif,
101472,İstanbul,Bireysel,1963.0,2021-03-16,Mobil Uygulama,Aktif,
102333,Ankara,Bireysel,1983.0,2017-08-12,Web,Aktif,Memnuniyet araması
101906,İstanbul,Bireysel,1997.0,2020-05-18,Bayi,Pasif,Araç satıldı
101993,İstanbul,Kurumsal,1955.0,2018-08-16,Çağrı Merkezi,Aktif,
100197,İzmir,Bireysel,1960.0,2020-05-24,Bayi,Aktif,Randevu hatırlatması yapıldı
102882,İstanbul,Bireysel,1980.0,2020-12-09,Mobil Uygulama,Aktif,
100463,Ankara,Bireysel,1977.0,2017-03-24,Web,Aktif,
103204,İstanbul,Bireysel,1962.0,2019-01-12,Bayi,Aktif,Araç satıldı
101306,Kocaeli,Bireysel,1974.0,2021-12-08,Mobil Uygulama,Aktif,Kampanya bilgilendirmesi
103655,istanbul,Bireysel,1962.0,2019-11-20,Bayi,Aktif,
101008,Kocaeli,Bireysel,1959.0,2016-10-04,Bayi,Aktif,
104087,İstanbul,Kurumsal,1974.0,2017-03-10,Bayi,Aktif,Memnuniyet araması
100107,Ankara,Bireysel,1995.0,2016-12-21,Bayi,Aktif,Kampanya bilgilendirmesi
102011,İstanbul,Kurumsal,1961.0,2019-04-27,Bayi,Aktif,
103676,İstanbul,Bireysel,1970.0,2017-04-27,Bayi,Aktif,Memnuniyet araması
101036,Bursa,Bireysel,1986.0,2019-09-08,Bayi,Aktif,Kampanya bilgilendirmesi
102977,İstanbul,Bireysel,,2020-02-19,Bayi,Aktif,Memnuniyet araması
100871,İstanbul,Bireysel,1988.0,2019-08-26,Bayi,Aktif,Randevu hatırlatması yapıldı
101385,İzmir,Bireysel,1981.0,2018-01-05,Bayi,Pasif,Araç satıldı
102517,İstanbul,Bireysel,1970.0,2016-12-30,Bayi,Aktif,
101972,Ankara,Bireysel,1987.0,2018-05-24,Web,Aktif,Randevu hatırlatması yapıldı
101208,İzmir,Kurumsal,1968.0,2019-09-28,Bayi,Aktif,
103281,Adana,Bireysel,1960.0,2020-01-08,Bayi,Aktif,Kampanya bilgilendirmesi
101975,İstanbul,Bireysel,1974.0,2018-01-22,Çağrı Merkezi,Aktif,
100059,BURSA,Bireysel,1987.0,2016-05-25,Bayi,Aktif,Kampanya bilgilendirmesi
101092,İstanbul,Bireysel,1956.0,2016-08-01,Bayi,Aktif,Memnuniyet araması
102150,Ankara,Bireysel,1961.0,2017-10-31,Bayi,Aktif,Memnuniyet araması
102425,İstanbul,Bireysel,1972.0,2018-08-22,Bayi,Aktif,
103944,İstanbul,Kurumsal,1971.0,2019-09-06,Bayi,Pasif,
102202,Ankara,Bireysel,1959.0,2019-10-31,Bayi,Aktif,
100359,İstanbul,Bireysel,1988.0,2021-10-14,Bayi,Aktif,Memnuniyet araması
103380,İstanbul,Bireysel,1977.0,2016-06-30,Web,Pasif,
102831,İstanbul,Kurumsal,1997.0,2021-07-09,Web,Aktif,Memnuniyet araması
104038,İstanbul,Bireysel,2000.0,2016-02-08,Çağrı Merkezi,Aktif,Randevu hatırlatması yapıldı
100563,İstanbul,Bireysel,1998.0,2020-12-10,Mobil Uygulama,Aktif,Memnuniyet araması
102632,İstanbul,Bireysel,1988.0,2018-02-19,Web,Pasif,Randevu hatırlatması yapıldı
102985,İstanbul,Bireysel,1994.0,2021-05-21,Bayi,Aktif,
100801,İstanbul,Bireysel,1972.0,2018-04-06,Çağrı Merkezi,Kaybedildi,Araç satıldı
103918,İstanbul,Kurumsal,1956.0,2017-04-25,Bayi,Aktif,
103703,İzmir,Bireysel,1995.0,2021-10-05,Bayi,Aktif,
101916,İstanbul,Bireysel,1955.0,2018-01-06,Bayi,Aktif,Memnuniyet araması
101890,Ankara,Bireysel,1958.0,2019-07-29,Web,Pasif,Kampanya bilgilendirmesi
102644,İstanbul,Bireysel,1964.0,2019-11-29,Bayi,Aktif,Memnuniyet araması
103837,Antalya,Kurumsal,1975.0,2020-06-27,Web,Aktif,
101269,İstanbul,Bireysel,2004.0,2021-01-18,Bayi,Aktif,Kampanya bilgilendirmesi
102705,Kocaeli,Bireysel,1962.0,2020-07-24,Bayi,Aktif,
100868,İstanbul,Kurumsal,1960.0,2019-03-31,Bayi,Aktif,
101265,Ankara,Bireysel,1983.0,2021-02-18,Bayi,Aktif,
103751,Antalya,Bireysel,1977.0,2019-11-04,Çağrı Merkezi,Aktif,
103510,Ankara,Bireysel,1977.0,2020-05-23,Web,Aktif,Randevu hatırlatması yapıldı
103796,İzmir,Bireysel,1981.0,2018-03-19,Bayi,Aktif,Randevu hatırlatması yapıldı
101245,Antalya,Bireysel,1974.0,2021-05-18,Web,Aktif,
104173,Antalya,Bireysel,1989.0,2019-11-04,Web,Kaybedildi,Ulaşılamadı
101396,İstanbul,Bireysel,2003.0,2020-05-10,Bayi,Kaybedildi,Araç satıldı
103869,İstanbul,Bireysel,2000.0,2017-09-24,Çağrı Merkezi,Aktif,Kampanya bilgilendirmesi
100086,İzmir,Bireysel,1975.0,2019-12-07,Bayi,Aktif,
100593,İstanbul,Bireysel,1983.0,2020-05-28,Web,Aktif,Memnuniyet araması
102739,Bursa,Bireysel,1992.0,2016-10-12,Bayi,Aktif,Randevu hatırlatması yapıldı
102877,KOCAELİ,Bireysel,1972.0,2016-11-02,Bayi,Aktif,Memnuniyet araması
101346,İstanbul,Bireysel,2004.0,2021-12-27,Bayi,Aktif,
101862,Bursa,Bireysel,1982.0,2020-01-31,Bayi,Kaybedildi,Ulaşılamadı
101957,İstanbul,Bireysel,1974.0,2016-07-23,Bayi,Aktif,
102326,İstanbul,Bireysel,1963.0,2019-01-21,Çağrı Merkezi,Kaybedildi,Araç satıldı
100299,İstanbul,Bireysel,1995.0,2018-09-08,Bayi,Kaybedildi,İlgilenmiyor
102277,İstanbul,Bireysel,1961.0,2018-03-21,Bayi,Aktif,Memnuniyet araması
101154,Izmir,Bireysel,1986.0,2021-10-27,Mobil Uygulama,Aktif,
101118,İSTANBUL,Bireysel,2002.0,2016-05-16,Bayi,Kaybedildi,İlgilenmiyor
100673,Kocaeli,Kurumsal,1998.0,2017-07-25,Bayi,Aktif,Memnuniyet araması
104149,İstanbul,Bireysel,1993.0,2017-04-28,Web,Aktif,Memnuniyet araması
100081,Antalya,Kurumsal,1982.0,2021-10-04,Bayi,Aktif,Memnuniyet araması
103394,İzmir,Bireysel,1987.0,2020-03-20,Mobil Uygulama,Aktif,Randevu hatırlatması yapıldı
101010,İstanbul,Bireysel,1970.0,2020-08-03,Mobil Uygulama,Aktif,Randevu hatırlatması yapıldı
100658,İstanbul,Bireysel,1971.0,2018-10-02,Bayi,Kaybedildi,Araç satıldı
101847,İzmir,Bireysel,2002.0,2017-06-21,Bayi,Aktif,
102740,İstanbul,Bireysel,1985.0,2016-12-24,Çağrı Merkezi,Aktif,
103326,Bursa,Bireysel,1974.0,2018-01-08,Bayi,Aktif,Kampanya bilgilendirmesi
100692,Ankara,Bireysel,2000.0,2020-08-06,Bayi,Pasif,
104137,Kocaeli,Kurumsal,1975.0,2021-10-26,Mobil Uygulama,Aktif,
101328,Adana,Bireysel,1958.0,2017-05-05,Mobil Uygulama,Aktif,Memnuniyet araması
103298,İstanbul,Bireysel,1996.0,2017-09-12,Web,Aktif,
102695,BURSA,Bireysel,1972.0,2021-02-03,Bayi,Aktif,
100482,İstanbul,Bireysel,1957.0,2019-11-17,Bayi,Aktif,Memnuniyet araması
102616,Ankara,Bireysel,1969.0,2021-11-15,Bayi,Aktif,
101574,İstanbul,Kurumsal,,2017-03-02,Çağrı Merkezi,Aktif,Memnuniyet araması
101768,Adana,Kurumsal,1968.0,2017-07-12,Bayi,Aktif,
102042,Adana,Bireysel,1993.0,2017-09-16,Bayi,Aktif,Memnuniyet araması
101081,İstanbul,Bireysel,1972.0,2020-01-28,Çağrı Merkezi,Aktif,Memnuniyet araması
101872,İstanbul,Bireysel,1988.0,2018-09-06,Bayi,Aktif,Randevu hatırlatması yapıldı
102690,ADANA,Bireysel,1993.0,2019-07-10,Web,Aktif,Randevu hatırlatması yapıldı
102827,İzmir,Bireysel,1983.0,2017-05-16,Mobil Uygulama,Aktif,Memnuniyet araması
102108,İstanbul,Kurumsal,1962.0,2020-06-05,Bayi,Aktif,
102792,Antalya,Bireysel,1991.0,2016-05-18,Bayi,Aktif,
101266,İstanbul,Bireysel,1982.0,2019-08-04,Web,Aktif,
102298,Bursa,Bireysel,2001.0,2016-08-17,Web,Kaybedildi,Başka servise geçti
102483,Ankara,Bireysel,1989.0,2016-11-01,Bayi,Aktif,
100913,Kocaeli,Bireysel,1979.0,2019-05-29,Web,Kaybedildi,Araç satıldı
103094,İstanbul,Bireysel,1976.0,2020-07-27,Bayi,Kaybedildi,Başka servise geçti
101747,Antalya,Bireysel,1987.0,2021-10-28,Bayi,Aktif,
103410,İstanbul,Bireysel,1969.0,2020-02-01,Çağrı Merkezi,Aktif,
102077,İstanbul,Bireysel,1994.0,2020-12-28,Web,Kaybedildi,Araç satıldı
100882,Kocaeli,Bireysel,1968.0,2020-02-28,Mobil Uygulama,Aktif,Kampanya bilgilendirmesi
102870,Bursa,Bireysel,1994.0,2017-05-13,Web,Aktif,Memnuniyet araması
100555,Bursa,Bireysel,1990.0,2018-11-15,Web,Aktif,Randevu hatırlatması yapıldı
100641,İstanbul,Bireysel,1990.0,2018-11-25,Web,Kaybedildi,
100039,Ankara,Bireysel,1990.0,2017-01-03,Bayi,Aktif,Memnuniyet araması
103727,Antalya,Bireysel,1970.0,2019-07-09,Mobil Uygulama,Aktif,Randevu hatırlatması yapıldı
103456,İstanbul,Bireysel,1999.0,2021-11-16,Bayi,Aktif,Kampanya bilgilendirmesi
100406,İstanbul,Bireysel,1957.0,2019-02-15,Bayi,Aktif,Randevu hatırlatması yapıldı
101465,İstanbul,Bireysel,1995.0,2017-07-09,Çağrı Merkezi,Aktif,
102819,Kocaeli,Bireysel,1986.0,2020-01-21,Bayi,Aktif,
102726,İzmir,Bireysel,1990.0,2018-12-25,Bayi,Aktif,
100635,Kocaeli,Bireysel,1973.0,2016-11-23,Mobil Uygulama,Aktif,
103790,ANTALYA,Bireysel,1995.0,2018-10-30,Çağrı Merkezi,Aktif,Memnuniyet araması
102556,Ankara,Bireysel,1970.0,2020-06-28,Çağrı Merkezi,Aktif,
102693,Kocaeli,Bireysel,1998.0,2018-07-06,Web,Aktif,Memnuniyet araması
103356,İstanbul,Bireysel,1983.0,2019-11-21,Bayi,Aktif,
101530,İstanbul,Bireysel,1973.0,2018-03-27,Bayi,Pasif,
100424,İstanbul,Kurumsal,1961.0,2016-01-31,Web,Aktif,
100472,Adana,Bireysel,1987.0,2016-02-18,Çağrı Merkezi,Aktif,
103847,İstanbul,Bireysel,1964.0,2019-07-05,Bayi,Aktif,Kampanya bilgilendirmesi
103624,Antalya,Kurumsal,1958.0,2016-06-10,Bayi,Aktif,Memnuniyet araması
102458,İstanbul,Bireysel,1983.0,2019-06-30,Web,Pasif,İlgilenmiyor
102504,Istanbul,Bireysel,1976.0,2018-11-04,Bayi,Aktif,Randevu hatırlatması yapıldı
102767,Antalya,Bireysel,1958.0,2016-09-26,Web,Aktif,Randevu hatırlatması yapıldı
101982,İstanbul,Bireysel,1975.0,2019-08-16,Bayi,Kaybedildi,
101494,ankara,Bireysel,2002.0,2019-03-26,Çağrı Merkezi,Aktif,Memnuniyet araması
103407,Bursa,Bireysel,1989.0,2016-12-02,Web,Aktif,Randevu hatırlatması yapıldı
101761,istanbul,Bireysel,1981.0,2020-01-03,Bayi,Aktif,Memnuniyet araması
103057,Antalya,Bireysel,1978.0,2017-07-22,Mobil Uygulama,Aktif,
102633,Antalya,Bireysel,1968.0,2020-10-21,Mobil Uygulama,Aktif,Memnuniyet araması
100094,İstanbul,Bireysel,1963.0,2018-04-16,Bayi,Aktif,
101478,İzmir,Bireysel,1980.0,2020-10-06,Bayi,Aktif,Randevu hatırlatması yapıldı
102854,İstanbul,Bireysel,1993.0,2021-12-26,Bayi,Aktif,Memnuniyet araması
100495,İzmir,Bireysel,2002.0,2016-02-15,Çağrı Merkezi,Aktif,Memnuniyet araması
100457,Ankara,Bireysel,1973.0,2017-07-18,Bayi,Aktif,Memnuniyet araması
101545,İzmir,Bireysel,1995.0,2020-02-13,Mobil Uygulama,Aktif,Kampanya bilgilendirmesi
103905,İstanbul,Bireysel,1994.0,2021-02-09,Web,Aktif,Randevu hatırlatması yapıldı
102742,Kocaeli,Bireysel,1972.0,2020-08-23,Web,Aktif,Randevu hatırlatması yapıldı
101787,İstanbul,Bireysel,1983.0,2016-06-04,Bayi,Aktif,
101572,Antalya,Bireysel,2004.0,2018-12-08,Bayi,Aktif,
103327,İstanbul,Bireysel,2000.0,2019-10-18,Bayi,Aktif,Kampanya bilgilendirmesi
101079,İzmir,Bireysel,1981.0,2020-02-24,Bayi,Aktif,Memnuniyet araması
100023,Antalya,Bireysel,1966.0,2017-02-09,Bayi,Aktif,Kampanya bilgilendirmesi
101597,Antalya,Kurumsal,2002.0,2018-04-08,Bayi,Aktif,Memnuniyet araması
101852,Adana,Bireysel,1981.0,2021-09-29,Bayi,Aktif,Randevu hatırlatması yapıldı
101593,İstanbul,Kurumsal,1973.0,2016-08-22,Bayi,Aktif,
101363,Kocaeli,Bireysel,1973.0,2016-06-27,Mobil Uygulama,Aktif,Kampanya bilgilendirmesi
100842,İzmir,Bireysel,2003.0,2016-11-02,Web,Kaybedildi,Araç satıldı
102771,İstanbul,Bireysel,1978.0,2017-02-28,Bayi,Aktif,
101358,Adana,Bireysel,1962.0,2021-12-07,Web,Aktif,
100245,Kocaeli,Bireysel,1965.0,2019-08-19,Bayi,Aktif,Randevu hatırlatması yapıldı
100025,Adana,Bireysel,1967.0,2019-10-09,Bayi,Aktif,
102629,Ankara,Bireysel,1971.0,2020-08-15,Mobil Uygulama,Aktif,Memnuniyet araması
100800,İstanbul,Bireysel,1980.0,2021-01-13,Bayi,Aktif,Memnuniyet araması
100720,Antalya,Bireysel,1998.0,2021-10-27,Çağrı Merkezi,Aktif,
104066,İstanbul,Bireysel,1985.0,2021-10-07,Bayi,Aktif,
103136,İstanbul,Bireysel,1973.0,2018-09-23,Bayi,Aktif,Randevu hatırlatması yapıldı
103060,İzmir,Bireysel,1983.0,2017-10-09,Bayi,Aktif,
103853,Bursa,Kurumsal,1985.0,2017-11-03,Bayi,Aktif,Kampanya bilgilendirmesi
102754,İstanbul,Bireysel,1996.0,2020-06-21,Bayi,Kaybedildi,Araç satıldı
100451,İstanbul,Bireysel,2002.0,2019-12-22,Mobil Uygulama,Aktif,Randevu hatırlatması yapıldı
103625,İstanbul,Bireysel,1957.0,2020-11-13,Bayi,Kaybedildi,İlgilenmiyor
103218,Adana,Bireysel,1957.0,2020-06-06,Bayi,Aktif,Kampanya bilgilendirmesi
102361,İstanbul,Bireysel,1974.0,2018-01-06,Bayi,Aktif,Randevu hatırlatması yapıldı
101320,İzmir,Kurumsal,1971.0,2021-09-23,Web,Aktif,Kampanya bilgilendirmesi
102062,Ankara,Bireysel,1987.0,2019-11-29,Bayi,Aktif,
103097,İzmir,Bireysel,1957.0,2017-06-07,Bayi,Kaybedildi,Ulaşılamadı
103305,İstanbul,Bireysel,1980.0,2018-09-22,Bayi,Aktif,
100491,İzmir,Bireysel,1956.0,2020-07-04,Bayi,Aktif,
102755,Ankara,Bireysel,1991.0,2017-06-27,Mobil Uygulama,Kaybedildi,
101909,İzmir,Kurumsal,1996.0,2019-10-19,Çağrı Merkezi,Aktif,Kampanya bilgilendirmesi
101770,İzmir,Bireysel,1999.0,2017-02-11,Bayi,Aktif,Kampanya bilgilendirmesi
101688,İstanbul,Bireysel,1982.0,2018-07-14,Web,Aktif,Kampanya bilgilendirmesi
103088,İstanbul,Bireysel,2001.0,2017-03-19,Bayi,Kaybedildi,Ulaşılamadı
101924,Adana,Kurumsal,1973.0,2018-11-29,Mobil Uygulama,Aktif,
100591,Ankara,Kurumsal,1972.0,2020-12-06,Bayi,Aktif,
101474,İstanbul,Bireysel,1973.0,2017-01-07,Bayi,Aktif,Randevu hatırlatması yapıldı
102180,Ankara,Bireysel,1986.0,2017-03-10,Çağrı Merkezi,Pasif,Kampanya bilgilendirmesi
103508,İstanbul,Bireysel,2001.0,2017-12-31,Web,Aktif,
100689,Ankara,Bireysel,1998.0,2019-01-20,Web,Aktif,Kampanya bilgilendirmesi
100626,Ankara,Bireysel,1981.0,2020-07-01,Bayi,Aktif,Kampanya bilgilendirmesi
101536,Ankara,Bireysel,1970.0,2020-09-09,Mobil Uygulama,Aktif,
103882,İstanbul,Bireysel,1995.0,2021-06-27,Mobil Uygulama,Aktif,Kampanya bilgilendirmesi
103995,ISTANBUL,Kurumsal,1987.0,2018-04-14,Bayi,Aktif,Randevu hatırlatması yapıldı
101956,İstanbul,Bireysel,1958.0,2017-02-16,Bayi,Aktif,
100645,İstanbul,Bireysel,1977.0,2017-08-05,Bayi,Aktif,
102575,Ankara,Bireysel,1959.0,2016-11-13,Web,Aktif,Memnuniyet araması
103682,Bursa,Kurumsal,1975.0,2017-09-11,Web,Aktif,Randevu hatırlatması yapıldı
102176,İstanbul,Bireysel,1986.0,2019-10-04,Bayi,Aktif,Kampanya bilgilendirmesi
104122,İstanbul,Bireysel,2002.0,2021-08-13,Bayi,Aktif,Kampanya bilgilendirmesi
102299,Ankara,Bireysel,1975.0,2019-10-07,Çağrı Merkezi,Aktif,Randevu hatırlatması yapıldı
100596,İstanbul,Bireysel,1965.0,2019-02-12,Bayi,Aktif,Kampanya bilgilendirmesi
102038,İstanbul,Bireysel,1997.0,2018-05-22,Bayi,Aktif,Randevu hatırlatması yapıldı
102026,Bursa,Bireysel,2001.0,2021-07-11,Web,Kaybedildi,Araç satıldı
100288,Antalya,Bireysel,1960.0,2016-10-24,Bayi,Aktif,
100163,Ankara,Bireysel,1964.0,2016-07-01,Bayi,Pasif,
103423,Bursa,Kurumsal,2003.0,2018-08-03,Bayi,Aktif,
103892,Ankara,Bireysel,1983.0,2019-09-29,Web,Pasif,İlgilenmiyor
101468,İstanbul,Bireysel,1956.0,2019-12-08,Web,Aktif,Memnuniyet araması
102146,İstanbul,Bireysel,2004.0,2021-06-10,Bayi,Aktif,
100353,IZMIR,Bireysel,1956.0,2017-04-20,Mobil Uygulama,Aktif,Randevu hatırlatması yapıldı
103657,İstanbul,Bireysel,1960.0,2018-03-10,Web,Aktif,
103383,Kocaeli,Bireysel,1985.0,2017-06-13,Bayi,Aktif,
100674,İstanbul,Bireysel,1964.0,2017-12-31,Bayi,Aktif,Randevu hatırlatması yapıldı
101531,ANKARA,Bireysel,,2017-08-18,Bayi,Aktif,
101961,İstanbul,Bireysel,1971.0,2016-08-10,Bayi,Aktif,
102704,İzmir,Bireysel,1991.0,2021-04-13,Bayi,Aktif,Memnuniyet araması
103261,Ankara,Bireysel,1975.0,2017-10-25,Bayi,Aktif,Randevu hatırlatması yapıldı
100331,Adana,Bireysel,1974.0,2018-06-07,Bayi,Aktif,Kampanya bilgilendirmesi
100881,İstanbul,Bireysel,2001.0,2021-01-25,Web,Aktif,Memnuniyet araması
101361,İstanbul,Bireysel,1982.0,2016-07-31,Mobil Uygulama,Aktif,
100225,Antalya,Bireysel,1981.0,2018-03-01,Web,Aktif,Kampanya bilgilendirmesi
102962,İzmir,Bireysel,1963.0,2017-04-30,Bayi,Aktif,Kampanya bilgilendirmesi
102045,izmir,Bireysel,1991.0,2020-04-26,Bayi,Aktif,Kampanya bilgilendirmesi
103190,İstanbul,Bireysel,1998.0,2018-11-26,Bayi,Aktif,
100706,Antalya,Bireysel,1991.0,2020-06-21,Çağrı Merkezi,Aktif,
102160,İstanbul,Bireysel,2001.0,2021-05-03,Bayi,Kaybedildi,Başka servise geçti
103884,Adana,Bireysel,1970.0,2020-11-24,Çağrı Merkezi,Aktif,Memnuniyet araması
102398,İstanbul,Bireysel,,2018-02-11,Mobil Uygulama,Kaybedildi,Başka servise geçti
103834,Antalya,Bireysel,1960.0,2017-03-06,Mobil Uygulama,Aktif,Randevu hatırlatması yapıldı
102503,Kocaeli,Bireysel,1993.0,2019-06-03,Bayi,Aktif,
102523,Ankara,Bireysel,1983.0,2021-12-24,Çağrı Merkezi,Aktif,
100306,İzmir,Bireysel,1983.0,2021-04-22,Bayi,Aktif,Kampanya bilgilendirmesi
101925,Ankara,Kurumsal,2004.0,2020-01-14,Çağrı Merkezi,Aktif,Kampanya bilgilendirmesi
103597,İzmir,Bireysel,1965.0,2016-05-11,Bayi,Aktif,Randevu hatırlatması yapıldı
102455,Ankara,Bireysel,1978.0,2021-10-12,Bayi,Aktif,Kampanya bilgilendirmesi
101045,Adana,Bireysel,1997.0,2019-04-23,Bayi,Aktif,Memnuniyet araması
102118,Ankara,Bireysel,1955.0,2019-12-02,Çağrı Merkezi,Aktif,Randevu hatırlatması yapıldı
103953,İstanbul,Bireysel,1995.0,2016-10-10,Çağrı Merkezi,Aktif,Memnuniyet araması
103230,Ankara,Kurumsal,1971.0,2018-12-30,Bayi,Aktif,Randevu hatırlatması yapıldı
103092,Adana,Bireysel,1974.0,2017-11-23,Web,Aktif,Kampanya bilgilendirmesi
101785,Bursa,Kurumsal,1960.0,2017-05-22,Bayi,Aktif,Memnuniyet araması
102380,İstanbul,Bireysel,1969.0,2019-07-04,Bayi,Aktif,
104110,İstanbul,Bireysel,1980.0,2016-03-02,Mobil Uygulama,Pasif,Başka servise geçti
103041,istanbul,Bireysel,1993.0,2020-10-22,Web,Kaybedildi,Başka servise geçti
101085,Adana,Kurumsal,1984.0,2019-04-14,Bayi,Aktif,Kampanya bilgilendirmesi
100290,Bursa,Bireysel,2002.0,2017-10-25,Bayi,Aktif,
102573,İzmir,Bireysel,1995.0,2017-11-29,Bayi,Aktif,
100114,İstanbul,Bireysel,1984.0,2020-03-03,Mobil Uygulama,Aktif,
102975,İstanbul,Bireysel,1992.0,2020-10-25,Bayi,Aktif,Randevu hatırlatması yapıldı
100917,İstanbul,Bireysel,1982.0,2021-07-06,Bayi,Aktif,
100526,İstanbul,Bireysel,2004.0,2018-06-21,Bayi,Aktif,Randevu hatırlatması yapıldı
103725,İstanbul,Bireysel,1959.0,2020-10-07,Bayi,Aktif,
101259,Kocaeli,Bireysel,1992.0,2017-03-05,Bayi,Aktif,Memnuniyet araması
101496,İzmir,Bireysel,1997.0,2018-04-17,Bayi,Aktif,Memnuniyet araması
102362,İstanbul,Kurumsal,1971.0,2017-10-30,Bayi,Aktif,Randevu hatırlatması yapıldı
103634,Ankara,Bireysel,1991.0,2021-03-09,Bayi,Aktif,Randevu hatırlatması yapıldı
103978,Bursa,Bireysel,1978.0,2021-04-07,Bayi,Aktif,Memnuniyet araması
101352,İzmir,Bireysel,1958.0,2020-08-11,Bayi,Kaybedildi,
103480,İstanbul,Bireysel,1987.0,2019-12-25,Çağrı Merkezi,Kaybedildi,Araç satıldı
103055,Ankara,Bireysel,1958.0,2017-03-10,Bayi,Pasif,Başka servise geçti
101402,İzmir,Bireysel,1957.0,2019-12-28,Bayi,Pasif,Araç satıldı
104184,Antalya,Kurumsal,1973.0,2021-07-30,Bayi,Aktif,Memnuniyet araması
100931,Ankara,Bireysel,1984.0,2019-01-05,Bayi,Aktif,Randevu hatırlatması yapıldı
102028,izmir,Bireysel,1999.0,2021-05-22,Web,Aktif,
102347,İstanbul,Kurumsal,1982.0,2020-09-22,Bayi,Aktif,
102140,İstanbul,Bireysel,1996.0,2018-12-02,Çağrı Merkezi,Aktif,
103304,İstanbul,Bireysel,1985.0,2018-12-12,Web,Aktif,
102745,Adana,Bireysel,1975.0,2016-04-05,Bayi,Pasif,Ulaşılamadı
103950,Antalya,Bireysel,1966.0,2021-12-12,Bayi,Aktif,
101943,Ankara,Kurumsal,1964.0,2018-02-28,Web,Aktif,Memnuniyet araması
103573,ADANA,Bireysel,2002.0,2021-04-05,Bayi,Aktif,Randevu hatırlatması yapıldı
103698,İstanbul,Bireysel,2000.0,2018-11-22,Bayi,Aktif,Memnuniyet araması
103771,İstanbul,Bireysel,1991.0,2019-07-24,Bayi,Aktif,Randevu hatırlatması yapıldı
101332,Ankara,Bireysel,1987.0,2019-06-14,Çağrı Merkezi,Aktif,Kampanya bilgilendirmesi
101080,İstanbul,Bireysel,1987.0,2020-03-21,Bayi,Pasif,
100687,İstanbul,Bireysel,1993.0,2018-09-24,Çağrı Merkezi,Kaybedildi,Başka servise geçti
103671,istanbul,Kurumsal,1990.0,2018-05-04,Bayi,Aktif,Randevu hatırlatması yapıldı
102953,Kocaeli,Bireysel,1959.0,2021-08-01,Bayi,Kaybedildi,Ulaşılamadı
100644,İstanbul,Kurumsal,1955.0,2016-12-20,Bayi,Aktif,
102758,İstanbul,Bireysel,1975.0,2021-08-09,Web,Kaybedildi,Başka servise geçti
102714,İstanbul,Bireysel,1955.0,2018-04-03,Çağrı Merkezi,Aktif,
101623,Bursa,Kurumsal,1980.0,2021-07-07,Bayi,Aktif,Randevu hatırlatması yapıldı
101033,İstanbul,Kurumsal,1961.0,2019-11-12,Bayi,Aktif,Randevu hatırlatması yapıldı
101776,Bursa,Kurumsal,1985.0,2016-05-17,Bayi,Aktif,
101881,İstanbul,Bireysel,1970.0,2020-12-20,Web,Kaybedildi,Başka servise geçti
100556,Ankara,Bireysel,1992.0,2019-04-09,Web,Aktif,
102790,İzmir,Kurumsal,1960.0,2016-10-23,Bayi,Aktif,Memnuniyet araması
103470,İstanbul,Bireysel,2004.0,2020-09-04,Mobil Uygulama,Aktif,Randevu hatırlatması yapıldı
103463,İstanbul,Bireysel,1966.0,2018-10-11,Çağrı Merkezi,Aktif,
103680,İzmir,Bireysel,1979.0,2021-09-18,Mobil Uygulama,Aktif,Memnuniyet araması
101427,Antalya,Bireysel,1971.0,2017-07-01,Bayi,Aktif,
100517,İzmir,Bireysel,1986.0,2020-08-12,Çağrı Merkezi,Pasif,
102982,İzmir,Bireysel,1996.0,2017-04-23,Mobil Uygulama,Aktif,
101257,İzmir,Bireysel,1966.0,2019-05-14,Çağrı Merkezi,Aktif,
103786,Kocaeli,Kurumsal,1974.0,2018-04-14,Çağrı Merkezi,Aktif,Randevu hatırlatması yapıldı
103557,İstanbul,Bireysel,1992.0,2016-05-26,Bayi,Aktif,
102825,İstanbul,Bireysel,1992.0,2019-11-18,Bayi,Aktif,Kampanya bilgilendirmesi
100501,Ankara,Bireysel,2004.0,2018-06-10,Çağrı Merkezi,Pasif,İlgilenmiyor
102414,İstanbul,Bireysel,1992.0,2018-11-26,Çağrı Merkezi,Aktif,Memnuniyet araması
102637,Ankara,Bireysel,1997.0,2021-09-22,Bayi,Aktif,
101042,İSTANBUL,Bireysel,1968.0,2017-12-14,Bayi,Aktif,Memnuniyet araması
102907,İstanbul,Bireysel,1984.0,2017-11-29,Web,Kaybedildi,Ulaşılamadı
100743,Antalya,Kurumsal,2001.0,2020-03-09,Mobil Uygulama,Aktif,Kampanya bilgilendirmesi
101305,Antalya,Bireysel,1998.0,2017-02-18,Bayi,Aktif,
101386,İstanbul,Bireysel,1977.0,2019-02-25,Web,Aktif,
103613,İstanbul,Bireysel,1992.0,2017-07-18,Bayi,Kaybedildi,Ulaşılamadı
101467,İzmir,Bireysel,1969.0,2019-08-11,Bayi,Aktif,Kampanya bilgilendirmesi
102400,Adana,Bireysel,1981.0,2017-09-12,Bayi,Aktif,
102859,İstanbul,Bireysel,,2017-06-24,Bayi,Aktif,
101370,Ankara,Bireysel,2004.0,2017-02-14,Bayi,Aktif,Memnuniyet araması
104168,İstanbul,Bireysel,1963.0,2018-01-16,Bayi,Aktif,Randevu hatırlatması yapıldı
101348,Adana,Bireysel,1989.0,2019-06-28,Bayi,Kaybedildi,Araç satıldı
102112,BURSA,Bireysel,1958.0,2017-09-04,Bayi,Aktif,
100731,Ankara,Bireysel,1970.0,2021-08-28,Bayi,Aktif,
101789,İstanbul,Bireysel,1960.0,2017-01-02,Çağrı Merkezi,Aktif,
102869,Adana,Bireysel,1998.0,2016-10-21,Bayi,Aktif,Randevu hatırlatması yapıldı
100869,İstanbul,Bireysel,1971.0,2021-04-13,Çağrı Merkezi,Aktif,Randevu hatırlatması yapıldı
100543,Kocaeli,Bireysel,1991.0,2016-04-12,Çağrı Merkezi,Aktif,Randevu hatırlatması yapıldı
103349,İzmir,Bireysel,1959.0,2020-03-16,Çağrı Merkezi,Aktif,İlgilenmiyor
102574,Kocaeli,Bireysel,1960.0,2019-08-12,Mobil Uygulama,Aktif,Kampanya bilgilendirmesi
100207,İstanbul,Bireysel,1975.0,2019-01-25,Web,Aktif,Randevu hatırlatması yapıldı
103761,İstanbul,Bireysel,1999.0,2019-09-06,Mobil Uygulama,Aktif,
101483,Kocaeli,Bireysel,1970.0,2017-12-22,Bayi,Aktif,
102699,İstanbul,Bireysel,,2021-01-25,Web,Pasif,Kampanya bilgilendirmesi
100341,İstanbul,Bireysel,1967.0,2017-11-15,Bayi,Aktif,Kampanya bilgilendirmesi
103419,İzmir,Bireysel,1995.0,2020-03-23,Bayi,Aktif,
100962,Ankara,Bireysel,1969.0,2019-09-01,Çağrı Merkezi,Aktif,
103086,İstanbul,Kurumsal,1983.0,2018-06-11,Web,Aktif,
102864,İstanbul,Bireysel,1989.0,2016-01-23,Bayi,Aktif,Kampanya bilgilendirmesi
103235,Adana,Bireysel,1999.0,2017-01-12,Bayi,Kaybedildi,Başka servise geçti
103552,Ankara,Bireysel,1976.0,2021-11-28,Bayi,Pasif,Randevu hatırlatması yapıldı
102390,İstanbul,Bireysel,1965.0,2016-06-15,Çağrı Merkezi,Aktif,Randevu hatırlatması yapıldı
102569,Antalya,Bireysel,1999.0,2018-10-26,Web,Aktif,Kampanya bilgilendirmesi
100707,İzmir,Bireysel,1967.0,2016-07-26,Bayi,Aktif,
101685,İstanbul,Bireysel,1976.0,2021-08-27,Bayi,Aktif,Randevu hatırlatması yapıldı
100430,İzmir,Bireysel,1968.0,2019-05-23,Mobil Uygulama,Aktif,
102366,İstanbul,Kurumsal,1967.0,2018-10-28,Mobil Uygulama,Aktif,Kampanya bilgilendirmesi
100368,İstanbul,Kurumsal,1970.0,2020-08-07,Bayi,Aktif,
101293,Ankara,Bireysel,1992.0,2021-01-11,Bayi,Kaybedildi,Ulaşılamadı
102681,İstanbul,Kurumsal,1991.0,2020-08-28,Bayi,Aktif,
102449,İstanbul,Bireysel,1990.0,2017-12-07,Mobil Uygulama,Aktif,
101360,Antalya,Bireysel,1958.0,2018-03-05,Bayi,Aktif,Memnuniyet araması
102217,İstanbul,Bireysel,1985.0,2020-01-01,Bayi,Aktif,Kampanya bilgilendirmesi
102643,Ankara,Bireysel,2000.0,2017-01-12,Çağrı Merkezi,Aktif,
101506,İstanbul,Bireysel,1981.0,2019-06-30,Mobil Uygulama,Aktif,Kampanya bilgilendirmesi
100506,İstanbul,Bireysel,1976.0,2020-06-12,Web,Kaybedildi,Başka servise geçti
102027,İstanbul,Kurumsal,1958.0,2020-07-25,Mobil Uygulama,Aktif,
101537,İzmir,Bireysel,1978.0,2021-03-15,Bayi,Aktif,Randevu hatırlatması yapıldı
101203,Adana,Bireysel,1997.0,2020-02-19,Bayi,Kaybedildi,İlgilenmiyor
103032,Ankara,Bireysel,1985.0,2019-01-02,Bayi,Aktif,Randevu hatırlatması yapıldı
100205,İstanbul,Bireysel,1959.0,2018-01-20,Bayi,Pasif,Ulaşılamadı
102990,İstanbul,Bireysel,1974.0,2019-02-20,Çağrı Merkezi,Pasif,Araç satıldı
103315,Kocaeli,Bireysel,1956.0,2018-07-05,Bayi,Aktif,Memnuniyet araması
101390,İzmir,Bireysel,1984.0,2016-12-15,Bayi,Aktif,Kampanya bilgilendirmesi
102824,Antalya,Bireysel,1996.0,2016-03-08,Bayi,Aktif,
101147,Ankara,Kurumsal,1972.0,2018-02-10,Çağrı Merkezi,Aktif,
103498,İstanbul,Bireysel,1958.0,2020-01-10,Bayi,Aktif,Araç satıldı
100320,İstanbul,Bireysel,1966.0,2021-04-23,Mobil Uygulama,Aktif,
104097,İstanbul,Kurumsal,2002.0,2018-05-20,Bayi,Aktif,Randevu hatırlatması yapıldı
103689,Antalya,Bireysel,1998.0,2016-10-25,Mobil Uygulama,Aktif,Randevu hatırlatması yapıldı
104063,İzmir,Bireysel,1975.0,2017-05-21,Web,Aktif,
102358,Bursa,Kurumsal,1993.0,2019-11-26,Bayi,Aktif,Randevu hatırlatması yapıldı
101365,Ankara,Bireysel,1967.0,2016-11-11,Web,Aktif,Memnuniyet araması
101419,İstanbul,Bireysel,1991.0,2018-10-18,Bayi,Aktif,Randevu hatırlatması yapıldı
100356,İstanbul,Bireysel,1973.0,2018-12-19,Bayi,Aktif,Memnuniyet araması
102764,İzmir,Kurumsal,1998.0,2020-12-17,Bayi,Aktif,
103361,izmir,Bireysel,1955.0,2019-10-22,Bayi,Aktif,Kampanya bilgilendirmesi
103374,Antalya,Bireysel,1977.0,2019-11-13,Bayi,Aktif,
102991,İzmir,Bireysel,1998.0,2018-10-09,Bayi,Aktif,Memnuniyet araması
100680,İstanbul,Bireysel,1987.0,2017-04-01,Bayi,Aktif,Kampanya bilgilendirmesi
102036,İstanbul,Bireysel,1970.0,2017-09-16,Bayi,Aktif,
101417,Antalya,Bireysel,1960.0,2020-05-22,Bayi,Aktif,
103804,İstanbul,Bireysel,1968.0,2020-02-04,Mobil Uygulama,Aktif,
101807,İstanbul,Kurumsal,1975.0,2016-10-30,Bayi,Aktif,
103896,İstanbul,Bireysel,1969.0,2019-01-17,Web,Aktif,Randevu hatırlatması yapıldı
102508,İstanbul,Bireysel,1983.0,2017-07-18,Web,Aktif,
101165,İstanbul,Bireysel,1965.0,2019-11-26,Bayi,Kaybedildi,Araç satıldı
103766,Ankara,Bireysel,1965.0,2020-07-30,Çağrı Merkezi,Aktif,Memnuniyet araması
100755,İzmir,Bireysel,2004.0,2021-06-20,Çağrı Merkezi,Aktif,Kampanya bilgilendirmesi
101682,İstanbul,Bireysel,1998.0,2018-04-02,Bayi,Pasif,Memnuniyet araması
103460,İzmir,Bireysel,1978.0,2021-10-02,Web,Aktif,Memnuniyet araması
101056,İstanbul,Bireysel,1972.0,2017-08-13,Bayi,Aktif,Kampanya bilgilendirmesi
102686,İstanbul,Bireysel,1992.0,2021-05-25,Bayi,Aktif,Randevu hatırlatması yapıldı
103669,İzmir,Bireysel,1979.0,2020-02-29,Bayi,Aktif,
103558,İstanbul,Kurumsal,1998.0,2019-01-16,Bayi,Aktif,Kampanya bilgilendirmesi
104169,İstanbul,Kurumsal,1995.0,2018-08-13,Bayi,Aktif,
100194,Ankara,Bireysel,1996.0,2017-07-15,Çağrı Merkezi,Aktif,Randevu hatırlatması yapıldı
101441,İstanbul,Bireysel,1980.0,2016-04-25,Web,Aktif,Memnuniyet araması
103477,İzmir,Bireysel,,2018-06-14,Mobil Uygulama,Aktif,
102223,İzmir,Bireysel,1970.0,2020-05-24,Bayi,Aktif,
100358,İstanbul,Bireysel,1978.0,2021-05-24,Bayi,Aktif,Kampanya bilgilendirmesi
103328,İstanbul,Bireysel,1990.0,2019-09-18,Bayi,Aktif,Memnuniyet araması
100542,Antalya,Kurumsal,1996.0,2021-08-15,Bayi,Aktif,Memnuniyet araması
104096,Bursa,Bireysel,1976.0,2016-06-24,Web,Kaybedildi,Ulaşılamadı
100538,Kocaeli,Bireysel,1989.0,2018-09-02,Bayi,Aktif,
101781,Adana,Bireysel,1999.0,2019-01-19,Web,Aktif,
102514,Adana,Bireysel,1974.0,2018-07-22,Çağrı Merkezi,Aktif,Memnuniyet araması
103105,Bursa,Bireysel,1959.0,2018-06-29,Bayi,Kaybedildi,Ulaşılamadı
100019,Ankara,Bireysel,1959.0,2017-08-08,Web,Aktif,Kampanya bilgilendirmesi
100646,Antalya,Bireysel,1967.0,2020-02-19,Web,Kaybedildi,
100435,Ankara,Bireysel,1962.0,2016-06-17,Bayi,Aktif,Kampanya bilgilendirmesi
101986,Bursa,Kurumsal,1965.0,2018-03-25,Web,Aktif,Memnuniyet araması
102892,ISTANBUL,Bireysel,1985.0,2019-11-18,Bayi,Aktif,Kampanya bilgilendirmesi
101663,Bursa,Bireysel,1977.0,2019-07-11,Mobil Uygulama,Aktif,
100446,ISTANBUL,Bireysel,1982.0,2020-11-11,Bayi,Kaybedildi,Başka servise geçti
104039,Ankara,Bireysel,1958.0,2018-08-13,Web,Aktif,
101254,İzmir,Bireysel,1984.0,2019-01-08,Bayi,Aktif,Kampanya bilgilendirmesi
101784,Ankara,Bireysel,1958.0,2016-05-21,Bayi,Aktif,Randevu hatırlatması yapıldı
100049,İzmir,Bireysel,1998.0,2020-02-20,Bayi,Aktif,
100440,İstanbul,Bireysel,1964.0,2016-10-21,Web,Aktif,
101704,Bursa,Bireysel,1979.0,2019-11-19,Web,Aktif,Randevu hatırlatması yapıldı
102773,İzmir,Kurumsal,1998.0,2015-12-27,Bayi,Aktif,
101049,İzmir,Bireysel,1978.0,2020-05-05,Bayi,Aktif,
102841,İstanbul,Bireysel,1961.0,2020-12-07,Web,Aktif,Kampanya bilgilendirmesi
101869,Bursa,Bireysel,1964.0,2021-04-12,Web,Kaybedildi,Ulaşılamadı
101029,Bursa,Bireysel,1982.0,2017-08-18,Bayi,Aktif,
100787,İzmir,Bireysel,1996.0,2018-05-14,Bayi,Aktif,Memnuniyet araması
102875,İstanbul,Kurumsal,1987.0,2017-07-27,Web,Aktif,Memnuniyet araması
102203,İstanbul,Bireysel,1976.0,2020-08-05,Bayi,Aktif,
103150,İzmir,Bireysel,1976.0,2021-08-15,Bayi,Aktif,
101883,İstanbul,Bireysel,1974.0,2016-01-29,Çağrı Merkezi,Aktif,
102567,İstanbul,Bireysel,1987.0,2020-05-25,Bayi,Pasif,
103952,İstanbul,Bireysel,2004.0,2016-07-20,Web,Aktif,Memnuniyet araması
101895,İstanbul,Bireysel,2003.0,2019-01-25,Bayi,Aktif,Memnuniyet araması
103472,İstanbul,Bireysel,1969.0,2020-12-08,Çağrı Merkezi,Aktif,
103505,İstanbul,Bireysel,1973.0,2020-10-07,Bayi,Aktif,
104035,İstanbul,Bireysel,1987.0,2018-05-19,Bayi,Aktif,
100310,Ankara,Bireysel,1975.0,2020-09-19,Mobil Uygulama,Aktif,Randevu hatırlatması yapıldı
102535,İstanbul,Bireysel,1959.0,2019-05-08,Bayi,Aktif,
100810,Ankara,Bireysel,1995.0,2016-08-19,Bayi,Aktif,Kampanya bilgilendirmesi
101378,Bursa,Bireysel,1966.0,2021-04-10,Mobil Uygulama,Aktif,Kampanya bilgilendirmesi
102926,Ankara,Kurumsal,1960.0,2020-06-29,Web,Aktif,
103917,Ankara,Bireysel,1982.0,2017-03-10,Bayi,Aktif,
101951,Kocaeli,Kurumsal,1980.0,2016-02-29,Çağrı Merkezi,Aktif,Memnuniyet araması
101244,Antalya,Bireysel,1993.0,2017-07-02,Bayi,Aktif,Memnuniyet araması
102741,Antalya,Bireysel,1974.0,2020-02-20,Web,Pasif,
101561,Antalya,Bireysel,1993.0,2016-10-04,Bayi,Aktif,
102539,İstanbul,Bireysel,1970.0,2018-02-04,Bayi,Aktif,
103660,İzmir,Bireysel,,2021-10-17,Bayi,Aktif,
101756,İzmir,Bireysel,1959.0,2021-07-12,Bayi,Aktif,Memnuniyet araması
100559,İstanbul,Bireysel,1986.0,2017-06-28,Mobil Uygulama,Aktif,Randevu hatırlatması yapıldı
102097,İstanbul,Kurumsal,2001.0,2017-08-27,Bayi,Aktif,Randevu hatırlatması yapıldı
101641,İstanbul,Kurumsal,1973.0,2018-11-28,Mobil Uygulama,Kaybedildi,Ulaşılamadı
100408,Ankara,Bireysel,1974.0,2020-07-16,Çağrı Merkezi,Aktif,
101645,İstanbul,Bireysel,1969.0,2021-02-17,Bayi,Kaybedildi,Başka servise geçti
101286,Adana,Bireysel,1967.0,2021-12-12,Web,Pasif,İlgilenmiyor
102661,İstanbul,Bireysel,1962.0,2016-11-11,Bayi,Aktif,Memnuniyet araması
103643,Kocaeli,Bireysel,1986.0,2019-01-02,Bayi,Aktif,
103359,İstanbul,Kurumsal,1989.0,2018-12-21,Bayi,Aktif,Memnuniyet araması
104193,Antalya,Kurumsal,1956.0,2021-03-14,Bayi,Pasif,
102023,Ankara,Bireysel,2000.0,2016-12-20,Bayi,Aktif,Randevu hatırlatması yapıldı
102609,İstanbul,Kurumsal,,2020-12-02,Çağrı Merkezi,Aktif,
103941,ankara,Bireysel,1992.0,2019-04-23,Bayi,Aktif,Kampanya bilgilendirmesi
102294,Bursa,Bireysel,1966.0,2017-11-05,Bayi,Aktif,Randevu hatırlatması yapıldı
102013,İstanbul,Bireysel,1982.0,2020-05-24,Web,Kaybedildi,
103268,ankara,Bireysel,1996.0,2020-12-29,Bayi,Kaybedildi,İlgilenmiyor
100873,İstanbul,Bireysel,1976.0,2019-08-04,Web,Kaybedildi,Başka servise geçti
103110,İstanbul,Bireysel,1955.0,2016-03-05,Bayi,Aktif,
101723,Antalya,Bireysel,1957.0,2016-04-22,Bayi,Aktif,Randevu hatırlatması yapıldı
103363,İzmir,Bireysel,1972.0,2016-04-04,Bayi,Aktif,Randevu hatırlatması yapıldı
100031,İstanbul,Bireysel,1963.0,2016-12-13,Web,Aktif,Kampanya bilgilendirmesi
102085,İstanbul,Bireysel,2001.0,2020-06-06,Çağrı Merkezi,Aktif,Memnuniyet araması
100486,İstanbul,Bireysel,1982.0,2018-02-20,Web,Aktif,Randevu hatırlatması yapıldı
101840,Ankara,Bireysel,1978.0,2020-05-16,Web,Aktif,
100554,Bursa,Bireysel,1967.0,2021-07-12,Web,Aktif,Memnuniyet araması
102812,ANKARA,Bireysel,1988.0,2017-03-07,Çağrı Merkezi,Aktif,Kampanya bilgilendirmesi
100874,Antalya,Bireysel,2003.0,2018-08-18,Bayi,Aktif,
101064,Ankara,Kurumsal,2003.0,2020-10-27,Bayi,Kaybedildi,Ulaşılamadı
103245,İstanbul,Bireysel,1962.0,2021-11-27,Bayi,Aktif,
101041,Ankara,Kurumsal,1993.0,2017-08-17,Mobil Uygulama,Aktif,Randevu hatırlatması yapıldı
100775,İstanbul,Bireysel,1984.0,2021-05-07,Bayi,Kaybedildi,İlgilenmiyor
103157,İstanbul,Bireysel,1977.0,2016-03-17,Web,Aktif,
101507,Ankara,Kurumsal,1960.0,2016-06-07,Bayi,Aktif,
100130,İstanbul,Bireysel,1969.0,2016-11-22,Bayi,Aktif,
102684,Kocaeli,Kurumsal,1956.0,2019-09-12,Bayi,Aktif,Memnuniyet araması
102604,İstanbul,Bireysel,1955.0,2017-10-04,Bayi,Aktif,
100849,Antalya,Kurumsal,2021.0,2019-12-15,Çağrı Merkezi,Aktif,
103439,Adana,Kurumsal,2003.0,2019-07-24,Web,Aktif,Kampanya bilgilendirmesi
101163,İstanbul,Bireysel,1957.0,2020-02-06,Bayi,Pasif,Memnuniyet araması
100456,KOCAELİ,Bireysel,1991.0,2019-06-09,Web,Aktif,
102212,Adana,Bireysel,1977.0,2018-10-16,Bayi,Aktif,Kampanya bilgilendirmesi
101525,İstanbul,Bireysel,1964.0,2020-08-29,Web,Aktif,Kampanya bilgilendirmesi
101590,İstanbul,Bireysel,1996.0,2019-05-09,Bayi,Aktif,
100032,Antalya,Kurumsal,1962.0,2020-09-25,Bayi,Aktif,Kampanya bilgilendirmesi
103807,İstanbul,Bireysel,1956.0,2017-10-23,Web,Aktif,
100494,Ankara,Bireysel,1958.0,2021-10-27,Bayi,Kaybedildi,Araç satıldı
101818,Ankara,Bireysel,1986.0,2017-04-08,Bayi,Aktif,Kampanya bilgilendirmesi
102857,Ankara,Bireysel,1978.0,2018-07-16,Bayi,Aktif,
101281,Ankara,Kurumsal,1981.0,2016-12-18,Bayi,Aktif,
101381,İstanbul,Bireysel,2021.0,2021-04-27,Bayi,Aktif,
102579,İstanbul,Bireysel,1987.0,2018-12-03,Mobil Uygulama,Pasif,Randevu hatırlatması yapıldı
101310,İstanbul,Kurumsal,1960.0,2020-03-02,Bayi,Aktif,
102091,İstanbul,Bireysel,1960.0,2020-03-09,Web,Aktif,Memnuniyet araması
102424,Ankara,Bireysel,1971.0,2019-04-11,Bayi,Aktif,Memnuniyet araması
100886,Bursa,Bireysel,1992.0,2017-02-08,Bayi,Aktif,
102039,İzmir,Bireysel,1965.0,2020-04-26,Web,Aktif,
103200,İzmir,Bireysel,1974.0,2019-12-22,Bayi,Aktif,
104162,Bursa,Bireysel,1976.0,2021-06-29,Bayi,Kaybedildi,İlgilenmiyor
101300,Ankara,Bireysel,1978.0,2016-01-01,Çağrı Merkezi,Aktif,Randevu hatırlatması yapıldı
101630,Bursa,Bireysel,1975.0,2017-02-04,Web,Pasif,İlgilenmiyor
103970,ankara,Bireysel,1958.0,2016-03-13,Bayi,Aktif,
102330,Adana,Bireysel,1991.0,2021-12-29,Web,Aktif,Memnuniyet araması
101194,Ankara,Bireysel,1964.0,2021-09-18,Web,Aktif,
101940,Ankara,Bireysel,1963.0,2020-12-27,Bayi,Aktif,Memnuniyet araması
100934,İstanbul,Bireysel,1980.0,2016-12-07,Bayi,Aktif,
100809,Ankara,Kurumsal,1962.0,2020-08-25,Mobil Uygulama,Aktif,Kampanya bilgilendirmesi
103008,İstanbul,Kurumsal,1964.0,2016-07-29,Web,Aktif,
103259,İstanbul,Kurumsal,1984.0,2018-08-15,Bayi,Aktif,Kampanya bilgilendirmesi
104144,ankara,Bireysel,1957.0,2017-09-09,Bayi,Aktif,Memnuniyet araması
103077,Ankara,Kurumsal,1996.0,2018-08-30,Web,Aktif,Memnuniyet araması
103438,İstanbul,Bireysel,1965.0,2017-03-09,Web,Aktif,
102219,Ankara,Bireysel,1987.0,2016-07-10,Mobil Uygulama,Kaybedildi,Başka servise geçti
103469,ankara,Bireysel,1961.0,2020-10-04,Çağrı Merkezi,Aktif,
101481,İstanbul,Bireysel,1994.0,2019-06-01,Bayi,Aktif,
101864,Kocaeli,Kurumsal,1983.0,2018-12-22,Web,Kaybedildi,
102467,İstanbul,Bireysel,1999.0,2016-12-17,Web,Kaybedildi,Başka servise geçti
103226,Istanbul,Kurumsal,1991.0,2021-10-04,Mobil Uygulama,Aktif,
103228,İstanbul,Kurumsal,1955.0,2020-04-10,Çağrı Merkezi,Aktif,Kampanya bilgilendirmesi
100057,İstanbul,Bireysel,1976.0,2019-04-12,Çağrı Merkezi,Kaybedildi,Başka servise geçti
103116,İstanbul,Bireysel,1996.0,2020-08-04,Web,Aktif,Randevu hatırlatması yapıldı
103045,Ankara,Bireysel,1981.0,2019-09-01,Mobil Uygulama,Aktif,
101523,İstanbul,Bireysel,1959.0,2019-02-02,Web,Aktif,Randevu hatırlatması yapıldı
102287,Adana,Bireysel,1962.0,2017-06-12,Mobil Uygulama,Pasif,
102450,İzmir,Kurumsal,1968.0,2018-03-21,Bayi,Aktif,
102006,İstanbul,Bireysel,1988.0,2020-01-24,Mobil Uygulama,Aktif,Randevu hatırlatması yapıldı
103224,İstanbul,Bireysel,1987.0,2017-07-11,Bayi,Aktif,
100597,İstanbul,Bireysel,1983.0,2019-03-03,Web,Aktif,Memnuniyet araması
102716,İstanbul,Bireysel,1976.0,2016-05-19,Bayi,Kaybedildi,
100513,İstanbul,Bireysel,2003.0,2021-09-04,Web,Kaybedildi,İlgilenmiyor
100135,Antalya,Bireysel,1976.0,2017-03-11,Çağrı Merkezi,Aktif,Randevu hatırlatması yapıldı
102428,İzmir,Bireysel,1955.0,2016-07-03,Bayi,Aktif,Memnuniyet araması
102972,Ankara,Bireysel,1955.0,2020-10-07,Bayi,Aktif,Kampanya bilgilendirmesi
103749,İstanbul,Kurumsal,1994.0,2021-01-24,Çağrı Merkezi,Aktif,Kampanya bilgilendirmesi
100156,Adana,Bireysel,1997.0,2020-08-30,Bayi,Aktif,Randevu hatırlatması yapıldı
103812,BURSA,Bireysel,1997.0,2016-10-13,Bayi,Aktif,Kampanya bilgilendirmesi
102939,Ankara,Kurumsal,1956.0,2021-08-20,Bayi,Pasif,
101039,Bursa,Bireysel,1996.0,2020-01-19,Bayi,Aktif,Kampanya bilgilendirmesi
103992,İstanbul,Bireysel,1986.0,2019-06-24,Bayi,Aktif,Randevu hatırlatması yapıldı
103906,Ankara,Kurumsal,1964.0,2017-07-26,Bayi,Aktif,
100926,İstanbul,Bireysel,2000.0,2020-04-15,Web,Kaybedildi,Ulaşılamadı
103344,Ankara,Kurumsal,1988.0,2017-03-12,Bayi,Pasif,Kampanya bilgilendirmesi
103627,İstanbul,Bireysel,1968.0,2019-06-05,Bayi,Kaybedildi,
103648,İstanbul,Bireysel,1959.0,2016-05-31,Bayi,Aktif,
101134,Ankara,Bireysel,1988.0,2016-05-02,Bayi,Aktif,Randevu hatırlatması yapıldı
103236,İstanbul,Bireysel,1988.0,2016-10-03,Çağrı Merkezi,Kaybedildi,Araç satıldı
103897,İstanbul,Bireysel,1957.0,2018-04-18,Bayi,Aktif,
100531,İstanbul,Bireysel,1998.0,2016-07-30,Bayi,Aktif,Kampanya bilgilendirmesi
102989,İstanbul,Bireysel,1955.0,2021-05-28,Bayi,Aktif,Memnuniyet araması
100766,Ankara,Bireysel,1967.0,2020-07-04,Mobil Uygulama,Aktif,Randevu hatırlatması yapıldı
103674,İstanbul,Bireysel,1998.0,2021-12-01,Bayi,Aktif,Randevu hatırlatması yapıldı
103052,İstanbul,Kurumsal,1995.0,2020-09-11,Bayi,Aktif,
100951,Kocaeli,Bireysel,1967.0,2020-09-20,Web,Aktif,
104115,İstanbul,Bireysel,2003.0,2021-08-04,Çağrı Merkezi,Aktif,Randevu hatırlatması yapıldı
104119,Kocaeli,Bireysel,1968.0,2020-11-12,Web,Aktif,
103835,İstanbul,Bireysel,1962.0,2021-11-19,Web,Kaybedildi,
103590,İstanbul,Bireysel,1976.0,2016-06-07,Bayi,Aktif,Randevu hatırlatması yapıldı
100877,Adana,Bireysel,1981.0,2017-07-20,Bayi,Aktif,Randevu hatırlatması yapıldı
103031,Ankara,Bireysel,1955.0,2021-12-16,Mobil Uygulama,Aktif,
100814,İzmir,Bireysel,1960.0,2016-04-15,Web,Aktif,Kampanya bilgilendirmesi
103109,İstanbul,Kurumsal,1979.0,2019-04-14,Çağrı Merkezi,Aktif,
102733,ANKARA,Bireysel,2002.0,2021-11-11,Bayi,Aktif,
102849,İstanbul,Bireysel,1962.0,2021-02-18,Çağrı Merkezi,Aktif,
102469,İzmir,Bireysel,1958.0,2016-04-01,Bayi,Aktif,Kampanya bilgilendirmesi
100410,İstanbul,Bireysel,1956.0,2021-08-15,Mobil Uygulama,Aktif,
103042,Bursa,Bireysel,,2018-06-18,Web,Aktif,Memnuniyet araması
102286,Bursa,Bireysel,1994.0,2021-05-08,Çağrı Merkezi,Kaybedildi,İlgilenmiyor
101367,İstanbul,Bireysel,1966.0,2019-03-09,Çağrı Merkezi,Aktif,
100297,İstanbul,Kurumsal,1969.0,2019-01-24,Web,Aktif,
100201,İstanbul,Bireysel,2003.0,2019-09-11,Bayi,Aktif,Kampanya bilgilendirmesi
100376,İzmir,Bireysel,1955.0,2021-12-15,Web,Aktif,Randevu hatırlatması yapıldı
100586,İSTANBUL,Bireysel,1969.0,2021-01-01,Bayi,Aktif,Kampanya bilgilendirmesi
102148,ANKARA,Bireysel,1986.0,2020-10-01,Bayi,Aktif,Randevu hatırlatması yapıldı
102735,İstanbul,Bireysel,1971.0,2017-05-14,Bayi,Aktif,
101741,İstanbul,Bireysel,1957.0,2018-05-10,Çağrı Merkezi,Pasif,
100648,İstanbul,Bireysel,1988.0,2016-01-02,Çağrı Merkezi,Aktif,
100110,İstanbul,Kurumsal,,2020-09-18,Web,Pasif,İlgilenmiyor
103409,Bursa,Kurumsal,1969.0,2018-04-28,Mobil Uygulama,Aktif,Memnuniyet araması
102228,Ankara,Bireysel,1994.0,2017-02-07,Bayi,Pasif,Memnuniyet araması
102671,Ankara,Bireysel,1997.0,2020-05-24,Bayi,Aktif,
101579,İstanbul,Bireysel,1986.0,2018-09-08,Web,Aktif,Kampanya bilgilendirmesi
103453,Bursa,Bireysel,1995.0,2019-06-16,Çağrı Merkezi,Aktif,Randevu hatırlatması yapıldı
100631,Adana,Bireysel,1964.0,2017-07-17,Bayi,Aktif,Kampanya bilgilendirmesi
100158,Antalya,Kurumsal,1961.0,2021-05-08,Bayi,Aktif,
103191,İstanbul,Bireysel,1958.0,2021-06-18,Web,Aktif,Randevu hatırlatması yapıldı
103035,Bursa,Bireysel,1965.0,2017-06-11,Web,Aktif,Memnuniyet araması
102207,İstanbul,Bireysel,1956.0,2021-04-25,Bayi,Aktif,
104164,Adana,Kurumsal,1996.0,2016-10-01,Bayi,Aktif,Memnuniyet araması
104130,İstanbul,Bireysel,1988.0,2016-02-27,Mobil Uygulama,Aktif,
102183,Kocaeli,Bireysel,1974.0,2021-05-07,Mobil Uygulama,Aktif,Memnuniyet araması
102534,Ankara,Bireysel,1964.0,2016-10-24,Bayi,Aktif,Kampanya bilgilendirmesi
102936,Adana,Bireysel,1967.0,2019-10-27,Çağrı Merkezi,Aktif,
102101,Bursa,Bireysel,2002.0,2021-05-21,Bayi,Aktif,
103433,İstanbul,Kurumsal,1998.0,2017-06-22,Web,Aktif,Randevu hatırlatması yapıldı
103332,Ankara,Bireysel,1989.0,2018-04-30,Bayi,Aktif,
103638,Ankara,Bireysel,1972.0,2020-01-25,Bayi,Aktif,
103661,İstanbul,Bireysel,1980.0,2020-09-05,Bayi,Aktif,
102378,İzmir,Bireysel,1971.0,2017-07-26,Web,Kaybedildi,Ulaşılamadı
103017,İzmir,Bireysel,2000.0,2021-03-17,Bayi,Aktif,
103370,ISTANBUL,Bireysel,1991.0,2018-03-25,Çağrı Merkezi,Aktif,
102785,Ankara,Bireysel,,2016-04-19,Web,Aktif,Randevu hatırlatması yapıldı
102803,Kocaeli,Bireysel,1978.0,2021-12-29,Bayi,Aktif,Memnuniyet araması
101666,İstanbul,Bireysel,1988.0,2016-01-11,Bayi,Aktif,Kampanya bilgilendirmesi
103072,Bursa,Bireysel,1981.0,2016-07-13,Bayi,Aktif,Randevu hatırlatması yapıldı
103566,İstanbul,Bireysel,1979.0,2019-07-02,Çağrı Merkezi,Kaybedildi,Ulaşılamadı
103997,İstanbul,Bireysel,1971.0,2020-05-07,Mobil Uygulama,Aktif,Randevu hatırlatması yapıldı
101989,İzmir,Bireysel,1980.0,2020-05-22,Çağrı Merkezi,Aktif,Memnuniyet araması
102071,İstanbul,Bireysel,1890.0,2018-04-12,Web,Aktif,Randevu hatırlatması yapıldı
101515,İzmir,Bireysel,1962.0,2016-06-20,Bayi,Aktif,Memnuniyet araması
102833,İstanbul,Bireysel,1969.0,2016-07-04,Bayi,Aktif,Memnuniyet araması
102522,İstanbul,Bireysel,1993.0,2018-07-18,Mobil Uygulama,Aktif,
101307,Antalya,Bireysel,1971.0,2018-07-25,Bayi,Aktif,
100609,Ankara,Bireysel,1986.0,2016-03-26,Çağrı Merkezi,Pasif,Araç satıldı
103939,Bursa,Bireysel,1988.0,2017-11-17,Bayi,Aktif,
104140,Kocaeli,Bireysel,2002.0,2016-02-21,Bayi,Aktif,Memnuniyet araması
101968,İstanbul,Bireysel,1987.0,2017-09-15,Bayi,Aktif,
101948,Ankara,Bireysel,2000.0,2018-05-10,Bayi,Aktif,Randevu hatırlatması yapıldı
100498,İstanbul,Bireysel,1969.0,2021-06-28,Çağrı Merkezi,Aktif,Kampanya bilgilendirmesi
100365,Kocaeli,Bireysel,1981.0,2019-08-02,Bayi,Aktif,Randevu hatırlatması yapıldı
102338,İstanbul,Bireysel,1984.0,2016-04-20,Bayi,Aktif,
101669,Ankara,Bireysel,2000.0,2017-08-02,Çağrı Merkezi,Aktif,
103318,Bursa,Bireysel,1957.0,2016-06-28,Web,Kaybedildi,Araç satıldı
103859,Kocaeli,Kurumsal,1956.0,2020-04-18,Mobil Uygulama,Aktif,Kampanya bilgilendirmesi
102516,İstanbul,Bireysel,2000.0,2017-02-27,Bayi,Kaybedildi,
100605,İstanbul,Bireysel,1969.0,2021-02-27,Bayi,Aktif,Memnuniyet araması
100067,Adana,Bireysel,1961.0,2016-12-20,Çağrı Merkezi,Kaybedildi,Ulaşılamadı
100452,İstanbul,Bireysel,1957.0,2016-02-01,Bayi,Kaybedildi,Başka servise geçti
104191,İstanbul,Kurumsal,1965.0,2021-04-02,Web,Aktif,
103089,İstanbul,Bireysel,1995.0,2017-02-15,Web,Aktif,Memnuniyet araması
102259,Kocaeli,Bireysel,2001.0,2016-01-12,Bayi,Kaybedildi,Başka servise geçti
103742,İstanbul,Bireysel,2003.0,2017-10-25,Bayi,Aktif,Kampanya bilgilendirmesi
100144,Ankara,Kurumsal,1992.0,2017-06-11,Çağrı Merkezi,Aktif,Kampanya bilgilendirmesi
102369,İstanbul,Bireysel,1969.0,2021-05-13,Bayi,Aktif,Kampanya bilgilendirmesi
101798,İstanbul,Bireysel,1991.0,2017-04-07,Bayi,Aktif,
102765,İstanbul,Bireysel,1965.0,2017-09-01,Bayi,Aktif,Randevu hatırlatması yapıldı
103257,İstanbul,Bireysel,1969.0,2020-11-23,Bayi,Aktif,Memnuniyet araması
103513,İstanbul,Bireysel,2001.0,2021-12-12,Bayi,Aktif,Randevu hatırlatması yapıldı
103782,İstanbul,Bireysel,1975.0,2020-05-26,Web,Aktif,
103792,İstanbul,Bireysel,1979.0,2019-05-15,Bayi,Aktif,Memnuniyet araması
102581,Antalya,Bireysel,1956.0,2018-01-06,Bayi,Aktif,Memnuniyet araması
103482,Adana,Bireysel,1987.0,2018-01-22,Web,Pasif,Memnuniyet araması
101628,İstanbul,Bireysel,1975.0,2017-10-20,Web,Aktif,Randevu hatırlatması yapıldı
101195,Bursa,Bireysel,1972.0,2019-03-02,Web,Aktif,
101505,İstanbul,Bireysel,1977.0,2021-07-16,Bayi,Aktif,
101145,İstanbul,Kurumsal,1965.0,2021-01-26,Bayi,Aktif,
100683,İzmir,Kurumsal,1962.0,2016-05-26,Mobil Uygulama,Kaybedildi,İlgilenmiyor
100090,İstanbul,Bireysel,1966.0,2017-06-29,Bayi,Aktif,Memnuniyet araması
102270,İzmir,Bireysel,1957.0,2020-09-01,Çağrı Merkezi,Kaybedildi,Başka servise geçti
103299,İzmir,Bireysel,1995.0,2020-07-12,Bayi,Aktif,
100973,İstanbul,Kurumsal,1990.0,2019-02-25,Bayi,Aktif,Memnuniyet araması
103180,Adana,Bireysel,1971.0,2021-09-10,Bayi,Aktif,
101693,Antalya,Bireysel,,2017-09-18,Çağrı Merkezi,Aktif,Memnuniyet araması
102521,İstanbul,Kurumsal,1957.0,2018-09-12,Bayi,Aktif,Randevu hatırlatması yapıldı
101183,İzmir,Bireysel,2004.0,2020-09-19,Web,Aktif,
100624,İzmir,Bireysel,1988.0,2016-06-23,Çağrı Merkezi,Aktif,Kampanya bilgilendirmesi
103339,Ankara,Bireysel,1960.0,2017-12-31,Çağrı Merkezi,Aktif,Kampanya bilgilendirmesi
102340,İstanbul,Bireysel,1970.0,2021-04-30,Bayi,Aktif,Memnuniyet araması
103980,İstanbul,Bireysel,1985.0,2017-01-06,Bayi,Aktif,
103826,ISTANBUL,Bireysel,2003.0,2021-09-20,Bayi,Aktif,Kampanya bilgilendirmesi
101274,KOCAELİ,Kurumsal,1974.0,2021-10-06,Mobil Uygulama,Aktif,
101979,İstanbul,Bireysel,1983.0,2016-04-11,Bayi,Aktif,
103161,ankara,Bireysel,1956.0,2016-09-16,Web,Aktif,
102312,İstanbul,Kurumsal,1993.0,2016-11-05,Web,Aktif,Kampanya bilgilendirmesi
100421,Adana,Kurumsal,1958.0,2018-04-23,Çağrı Merkezi,Aktif,
102879,Antalya,Bireysel,1979.0,2017-02-23,Bayi,Pasif,Ulaşılamadı
100141,Kocaeli,Bireysel,1989.0,2016-06-08,Web,Aktif,
103961,Ankara,Bireysel,1978.0,2021-08-23,Çağrı Merkezi,Aktif,Randevu hatırlatması yapıldı
101491,Kocaelı,Bireysel,1964.0,2019-03-16,Çağrı Merkezi,Kaybedildi,İlgilenmiyor
102511,Bursa,Kurumsal,2003.0,2017-09-18,Çağrı Merkezi,Aktif,
101502,İzmir,Bireysel,2004.0,2017-09-16,Bayi,Pasif,
100912,İstanbul,Bireysel,1966.0,2018-01-08,Bayi,Aktif,Memnuniyet araması
100106,İstanbul,Bireysel,1977.0,2021-01-02,Bayi,Aktif,
102775,Kocaeli,Bireysel,1982.0,2021-12-27,Bayi,Aktif,Kampanya bilgilendirmesi
102938,İstanbul,Kurumsal,1993.0,2016-12-24,Bayi,Aktif,
103860,Antalya,Bireysel,1994.0,2021-10-20,Web,Pasif,Ulaşılamadı
100943,İzmir,Bireysel,1989.0,2017-07-21,Bayi,Aktif,Memnuniyet araması
103223,istanbul,Bireysel,1963.0,2016-11-03,Web,Aktif,
101521,Antalya,Kurumsal,1963.0,2017-01-13,Çağrı Merkezi,Aktif,Kampanya bilgilendirmesi
102896,Ankara,Bireysel,1994.0,2017-03-16,Web,Aktif,Memnuniyet araması
103880,Ankara,Bireysel,2000.0,2017-06-12,Bayi,Aktif,Kampanya bilgilendirmesi
101636,İzmir,Bireysel,1981.0,2019-11-19,Web,Kaybedildi,
104105,Istanbul,Bireysel,1955.0,2021-11-25,Mobil Uygulama,Aktif,Kampanya bilgilendirmesi
103375,Ankara,Bireysel,1966.0,2021-02-06,Bayi,Aktif,
102662,Bursa,Bireysel,1980.0,2020-06-26,Web,Aktif,
103681,İstanbul,Bireysel,1978.0,2016-04-23,Bayi,Pasif,Ulaşılamadı
103442,İstanbul,Kurumsal,1980.0,2017-01-09,Bayi,Aktif,Kampanya bilgilendirmesi
101149,Ankara,Bireysel,1987.0,2019-08-23,Bayi,Aktif,Kampanya bilgilendirmesi
102320,İstanbul,Kurumsal,1998.0,2021-08-03,Bayi,Aktif,
101373,İstanbul,Bireysel,1972.0,2018-10-09,Mobil Uygulama,Aktif,
101393,Antalya,Bireysel,1978.0,2019-05-31,Bayi,Aktif,Memnuniyet araması
103214,Bursa,Bireysel,2000.0,2018-10-26,Çağrı Merkezi,Kaybedildi,
100351,İzmir,Bireysel,1996.0,2021-07-27,Bayi,Aktif,Kampanya bilgilendirmesi
101046,Adana,Bireysel,2000.0,2018-09-06,Web,Kaybedildi,İlgilenmiyor
100519,KOCAELİ,Bireysel,2004.0,2020-12-27,Bayi,Pasif,Ulaşılamadı
103640,Ankara,Bireysel,1966.0,2016-12-12,Bayi,Aktif,Kampanya bilgilendirmesi
103644,İzmir,Bireysel,1973.0,2017-08-20,Bayi,Aktif,Randevu hatırlatması yapıldı
100050,Antalya,Bireysel,1974.0,2016-09-19,Çağrı Merkezi,Aktif,Memnuniyet araması
103576,İstanbul,Bireysel,1979.0,2017-08-30,Bayi,Pasif,Randevu hatırlatması yapıldı
101086,Ankara,Bireysel,1995.0,2017-01-21,Web,Aktif,Memnuniyet araması
100054,Ankara,Bireysel,1989.0,2016-11-27,Çağrı Merkezi,Aktif,Randevu hatırlatması yapıldı
101101,Kocaeli,Bireysel,1972.0,2018-11-06,Web,Aktif,Kampanya bilgilendirmesi
101587,İstanbul,Bireysel,,2018-04-04,Web,Aktif,
104058,İstanbul,Bireysel,1960.0,2017-08-23,Bayi,Pasif,Memnuniyet araması
103734,Antalya,Kurumsal,1968.0,2021-11-05,Bayi,Aktif,Randevu hatırlatması yapıldı
101501,Bursa,Bireysel,1981.0,2017-01-11,Bayi,Aktif,Randevu hatırlatması yapıldı
100819,Ankara,Kurumsal,1962.0,2019-12-29,Web,Aktif,
101169,Ankara,Bireysel,1999.0,2020-02-29,Web,Aktif,Kampanya bilgilendirmesi
101568,Ankara,Bireysel,1974.0,2020-06-26,Bayi,Aktif,
100640,İstanbul,Bireysel,,2020-07-04,Bayi,Aktif,Randevu hatırlatması yapıldı
101605,İzmir,Bireysel,1958.0,2017-04-25,Bayi,Aktif,
103215,İstanbul,Bireysel,2003.0,2017-06-30,Mobil Uygulama,Pasif,İlgilenmiyor
101051,Kocaeli,Bireysel,1990.0,2021-11-14,Çağrı Merkezi,Aktif,Kampanya bilgilendirmesi
100252,İstanbul,Bireysel,1959.0,2018-06-22,Çağrı Merkezi,Aktif,Memnuniyet araması
102546,Ankara,Bireysel,1986.0,2019-12-30,Çağrı Merkezi,Aktif,
101790,İzmir,Bireysel,1977.0,2019-11-06,Mobil Uygulama,Aktif,Başka servise geçti
100957,İstanbul,Bireysel,1980.0,2017-05-13,Web,Aktif,Memnuniyet araması
100026,Bursa,Kurumsal,1985.0,2017-12-30,Bayi,Aktif,Memnuniyet araması
101430,İstanbul,Kurumsal,1995.0,2018-03-19,Bayi,Aktif,
102126,İstanbul,Bireysel,,2016-06-18,Bayi,Aktif,Kampanya bilgilendirmesi
102297,Izmir,Bireysel,1987.0,2016-05-20,Mobil Uygulama,Aktif,
101410,Ankara,Bireysel,1964.0,2016-06-18,Bayi,Kaybedildi,
102237,İstanbul,Bireysel,1995.0,2016-04-01,Web,Aktif,Randevu hatırlatması yapıldı
103184,istanbul,Bireysel,2001.0,2021-02-25,Bayi,Kaybedildi,Araç satıldı
103907,İstanbul,Bireysel,1997.0,2018-02-09,Web,Aktif,Randevu hatırlatması yapıldı
103567,Ankara,Bireysel,1976.0,2020-04-13,Web,Pasif,Araç satıldı
103018,İstanbul,Bireysel,1996.0,2018-06-10,Bayi,Aktif,Kampanya bilgilendirmesi
103523,İzmir,Bireysel,1992.0,2019-10-30,Mobil Uygulama,Aktif,Memnuniyet araması
100273,İstanbul,Bireysel,1999.0,2020-07-23,Mobil Uygulama,Aktif,Memnuniyet araması
103064,Kocaeli,Bireysel,1956.0,2016-01-18,Bayi,Kaybedildi,Başka servise geçti
102289,Ankara,Bireysel,1994.0,2020-09-09,Web,Aktif,Kampanya bilgilendirmesi
100906,Ankara,Bireysel,1964.0,2017-03-01,Bayi,Aktif,Memnuniyet araması
100311,İstanbul,Bireysel,1961.0,2021-01-10,Bayi,Aktif,Kampanya bilgilendirmesi
100985,Ankara,Bireysel,1995.0,2020-06-11,Bayi,Kaybedildi,Başka servise geçti
103126,Kocaeli,Kurumsal,1973.0,2018-08-22,Bayi,Aktif,Kampanya bilgilendirmesi
100242,İstanbul,Bireysel,1956.0,2020-02-27,Web,Aktif,
102443,İstanbul,Bireysel,1963.0,2016-07-24,Web,Aktif,
102944,İstanbul,Kurumsal,1971.0,2018-06-07,Bayi,Aktif,Kampanya bilgilendirmesi
100952,Bursa,Bireysel,1956.0,2019-10-12,Bayi,Aktif,
100508,İzmir,Bireysel,1982.0,2019-08-15,Web,Aktif,Kampanya bilgilendirmesi
101087,Adana,Bireysel,2003.0,2021-08-14,Web,Aktif,Memnuniyet araması
100899,İzmir,Bireysel,1967.0,2015-12-25,Bayi,Kaybedildi,Araç satıldı
103358,İzmir,Bireysel,1963.0,2017-04-20,Web,Pasif,Araç satıldı
101875,İzmir,Bireysel,1965.0,2019-05-19,Bayi,Aktif,
103445,İstanbul,Bireysel,1982.0,2016-12-28,Çağrı Merkezi,Aktif,
100745,Adana,Kurumsal,2004.0,2020-03-02,Çağrı Merkezi,Aktif,Randevu hatırlatması yapıldı
101180,Bursa,Bireysel,1994.0,2018-01-29,Mobil Uygulama,Aktif,Randevu hatırlatması yapıldı
103490,İstanbul,Bireysel,2000.0,2016-08-15,Web,Aktif,Kampanya bilgilendirmesi
102327,İzmir,Bireysel,1955.0,2018-12-24,Mobil Uygulama,Pasif,
104126,Kocaeli,Bireysel,1976.0,2020-03-29,Bayi,Aktif,
102634,Kocaeli,Bireysel,2004.0,2019-01-16,Web,Aktif,Randevu hatırlatması yapıldı
100765,İstanbul,Kurumsal,1994.0,2020-02-12,Bayi,Aktif,
101516,Antalya,Bireysel,1963.0,2018-01-01,Web,Aktif,Randevu hatırlatması yapıldı
100274,İzmir,Bireysel,1992.0,2019-11-30,Web,Aktif,
102427,İstanbul,Bireysel,1979.0,2018-10-09,Bayi,Kaybedildi,İlgilenmiyor
100307,İstanbul,Bireysel,1980.0,2021-02-05,Mobil Uygulama,Kaybedildi,Ulaşılamadı
103346,İstanbul,Bireysel,1979.0,2017-10-03,Bayi,Kaybedildi,Başka servise geçti
102111,İstanbul,Bireysel,1964.0,2019-06-02,Bayi,Pasif,Kampanya bilgilendirmesi
100261,Bursa,Kurumsal,1957.0,2017-12-13,Mobil Uygulama,Aktif,
103016,İstanbul,Kurumsal,1973.0,2020-04-10,Bayi,Aktif,Randevu hatırlatması yapıldı
101752,İstanbul,Bireysel,1968.0,2020-07-23,Bayi,Aktif,Kampanya bilgilendirmesi
104018,Kocaeli,Bireysel,1990.0,2017-04-08,Bayi,Aktif,
100503,İstanbul,Bireysel,1966.0,2021-10-23,Bayi,Aktif,
103112,İzmir,Bireysel,1995.0,2020-11-09,Bayi,Aktif,Randevu hatırlatması yapıldı
103554,İstanbul,Bireysel,1965.0,2020-05-22,Web,Pasif,
101652,İstanbul,Bireysel,2004.0,2021-06-22,Bayi,Kaybedildi,Araç satıldı
103302,Bursa,Bireysel,1958.0,2019-06-29,Mobil Uygulama,Aktif,İlgilenmiyor
102048,İstanbul,Bireysel,1987.0,2016-12-29,Bayi,Aktif,
101136,Ankara,Bireysel,1972.0,2019-03-04,Bayi,Aktif,
102868,Bursa,Bireysel,1977.0,2021-03-20,Çağrı Merkezi,Pasif,Randevu hatırlatması yapıldı
102104,Kocaelı,Bireysel,1972.0,2021-03-14,Bayi,Aktif,Memnuniyet araması
103377,Istanbul,Bireysel,1966.0,2021-10-07,Web,Aktif,Randevu hatırlatması yapıldı
100253,Bursa,Bireysel,1974.0,2016-06-04,Bayi,Aktif,Randevu hatırlatması yapıldı
103527,İstanbul,Bireysel,1973.0,2018-11-09,Bayi,Aktif,Kampanya bilgilendirmesi
102763,İstanbul,Kurumsal,1978.0,2020-04-16,Bayi,Aktif,Kampanya bilgilendirmesi
103074,İzmir,Bireysel,1977.0,2019-06-11,Bayi,Pasif,Ulaşılamadı
100215,Ankara,Kurumsal,1980.0,2016-04-08,Bayi,Aktif,Kampanya bilgilendirmesi
100876,Ankara,Bireysel,,2019-01-03,Bayi,Aktif,
103968,İstanbul,Bireysel,1983.0,2021-06-30,Web,Aktif,Memnuniyet araması
102770,Ankara,Bireysel,1965.0,2018-09-23,Web,Aktif,
103888,İstanbul,Kurumsal,1969.0,2019-11-20,Bayi,Aktif,Kampanya bilgilendirmesi
102374,Ankara,Bireysel,1991.0,2021-05-05,Bayi,Aktif,Kampanya bilgilendirmesi
101222,Ankara,Bireysel,2002.0,2021-11-27,Bayi,Aktif,
104006,İzmir,Bireysel,1981.0,2018-01-07,Çağrı Merkezi,Kaybedildi,İlgilenmiyor
102117,İstanbul,Kurumsal,1968.0,2019-03-19,Bayi,Aktif,
101672,İstanbul,Bireysel,1972.0,2018-06-21,Web,Aktif,
100896,İstanbul,Kurumsal,1973.0,2019-03-23,Bayi,Aktif,
103958,İstanbul,Kurumsal,1998.0,2016-08-23,Bayi,Aktif,
101919,İstanbul,Bireysel,2004.0,2017-12-09,Web,Kaybedildi,İlgilenmiyor
101954,İstanbul,Kurumsal,1995.0,2021-01-26,Bayi,Kaybedildi,Ulaşılamadı
101946,Antalya,Bireysel,1991.0,2021-08-03,Bayi,Kaybedildi,İlgilenmiyor
101212,ISTANBUL,Bireysel,2001.0,2017-01-09,Mobil Uygulama,Aktif,Memnuniyet araması
102043,İstanbul,Bireysel,1990.0,2021-04-05,Bayi,Kaybedildi,
102445,Bursa,Bireysel,1995.0,2020-11-26,Bayi,Aktif,Memnuniyet araması
103699,Adana,Bireysel,1967.0,2016-03-31,Mobil Uygulama,Kaybedildi,
102113,İzmir,Bireysel,1967.0,2020-05-02,Çağrı Merkezi,Aktif,Kampanya bilgilendirmesi
103403,Antalya,Bireysel,1961.0,2016-06-22,Web,Pasif,Kampanya bilgilendirmesi
100855,Antalya,Bireysel,1955.0,2019-02-19,Bayi,Aktif,Randevu hatırlatması yapıldı
101140,İstanbul,Bireysel,1960.0,2018-04-17,Çağrı Merkezi,Aktif,Randevu hatırlatması yapıldı
104052,İstanbul,Kurumsal,1990.0,2018-10-24,Bayi,Aktif,Kampanya bilgilendirmesi
102412,Ankara,Bireysel,1995.0,2019-08-08,Mobil Uygulama,Aktif,
101338,İzmir,Bireysel,1985.0,2016-08-31,Web,Aktif,Memnuniyet araması
100129,Antalya,Bireysel,1995.0,2021-02-17,Bayi,Pasif,Kampanya bilgilendirmesi
100761,İstanbul,Bireysel,1967.0,2017-12-27,Bayi,Kaybedildi,Başka servise geçti
102489,İstanbul,Bireysel,1986.0,2018-01-13,Bayi,Aktif,Randevu hatırlatması yapıldı
103267,Ankara,Bireysel,1991.0,2021-07-12,Bayi,Aktif,
104176,İzmir,Bireysel,1999.0,2017-08-03,Bayi,Aktif,Kampanya bilgilendirmesi
103208,İzmir,Bireysel,1984.0,2018-11-26,Bayi,Pasif,
101044,Kocaeli,Bireysel,2004.0,2016-01-04,Mobil Uygulama,Pasif,Memnuniyet araması
101249,Adana,Kurumsal,1964.0,2016-11-20,Bayi,Aktif,Memnuniyet araması
101163,İstanbul,Bireysel,1957.0,2020-02-06,Bayi,Pasif,Memnuniyet araması
102612,Antalya,Bireysel,1987.0,2017-05-30,Bayi,Aktif,Kampanya bilgilendirmesi
102751,Adana,Bireysel,1982.0,2020-02-08,Bayi,Aktif,
102291,İstanbul,Bireysel,1999.0,2018-12-08,Bayi,Aktif,Randevu hatırlatması yapıldı
101100,Ankara,Kurumsal,1890.0,2018-07-12,Bayi,Pasif,Araç satıldı
100830,Adana,Bireysel,1959.0,2016-11-24,Bayi,Aktif,Kampanya bilgilendirmesi
103820,Ankara,Bireysel,1987.0,2020-04-08,Bayi,Aktif,Memnuniyet araması
102149,Ankara,Kurumsal,2004.0,2020-12-17,Bayi,Pasif,
100360,İstanbul,Bireysel,1983.0,2019-07-12,Bayi,Aktif,
101856,Antalya,Kurumsal,,2016-06-18,Bayi,Pasif,
101248,İstanbul,Kurumsal,1977.0,2018-03-31,Bayi,Pasif,Memnuniyet araması
102418,İzmir,Bireysel,1975.0,2017-04-05,Bayi,Kaybedildi,Ulaşılamadı
100269,Ankara,Bireysel,1988.0,2018-03-15,Bayi,Aktif,Randevu hatırlatması yapıldı
104156,Antalya,Bireysel,1973.0,2018-08-01,Bayi,Aktif,
101541,İstanbul,Kurumsal,2002.0,2017-12-13,Bayi,Aktif,Memnuniyet araması
100795,Ankara,Bireysel,1973.0,2017-11-13,Web,Aktif,Kampanya bilgilendirmesi
103079,İstanbul,Bireysel,1970.0,2019-05-27,Bayi,Aktif,Memnuniyet araması
103440,Bursa,Bireysel,1974.0,2020-01-10,Bayi,Aktif,
101665,İstanbul,Kurumsal,1973.0,2016-12-02,Bayi,Aktif,Randevu hatırlatması yapıldı
103321,İSTANBUL,Bireysel,1998.0,2021-08-31,Mobil Uygulama,Aktif,Kampanya bilgilendirmesi
103802,İstanbul,Kurumsal,1981.0,2021-12-21,Bayi,Aktif,
101985,Ankara,Bireysel,1973.0,2016-10-27,Bayi,Aktif,Memnuniyet araması
101552,Ankara,Bireysel,1964.0,2019-11-30,Bayi,Aktif,Memnuniyet araması
102429,Kocaeli,Bireysel,1981.0,2020-05-03,Bayi,Aktif,Kampanya bilgilendirmesi
103871,İzmir,Bireysel,1991.0,2019-02-18,Web,Aktif,
100537,Bursa,Bireysel,1957.0,2017-03-28,Çağrı Merkezi,Aktif,
103056,İzmir,Bireysel,1978.0,2018-08-15,Bayi,Aktif,Kampanya bilgilendirmesi
104190,Ankara,Bireysel,1995.0,2021-02-11,Bayi,Aktif,Kampanya bilgilendirmesi
103973,İstanbul,Bireysel,1994.0,2019-08-09,Bayi,Aktif,
100319,Adana,Bireysel,1955.0,2019-07-27,Bayi,Pasif,
103059,Kocaeli,Bireysel,1991.0,2017-12-07,Web,Aktif,
101928,Ankara,Bireysel,1957.0,2021-09-08,Bayi,Aktif,
103021,istanbul,Bireysel,1975.0,2019-11-26,Bayi,Aktif,
102105,İstanbul,Bireysel,1985.0,2018-06-14,Mobil Uygulama,Aktif,Kampanya bilgilendirmesi
101408,İstanbul,Bireysel,1975.0,2021-11-20,Bayi,Pasif,Randevu hatırlatması yapıldı
103628,Bursa,Bireysel,1964.0,2020-01-24,Web,Aktif,Kampanya bilgilendirmesi
102406,İstanbul,Bireysel,1980.0,2017-07-29,Web,Aktif,
103603,İzmir,Bireysel,1964.0,2020-07-04,Bayi,Aktif,Randevu hatırlatması yapıldı
101899,İstanbul,Bireysel,1964.0,2020-06-26,Web,Aktif,Memnuniyet araması
100511,İstanbul,Bireysel,1997.0,2019-08-27,Bayi,Aktif,
101571,İstanbul,Kurumsal,1998.0,2019-09-14,Mobil Uygulama,Aktif,Randevu hatırlatması yapıldı
103795,Bursa,Bireysel,1974.0,2017-05-31,Bayi,Aktif,
103243,istanbul,Bireysel,2001.0,2016-11-06,Bayi,Aktif,Memnuniyet araması
104041,Kocaeli,Bireysel,1974.0,2019-02-05,Web,Kaybedildi,Başka servise geçti
101250,İzmir,Bireysel,2001.0,2017-08-04,Web,Kaybedildi,Başka servise geçti
101211,Kocaelı,Bireysel,1999.0,2017-04-02,Web,Kaybedildi,Başka servise geçti
102059,Bursa,Bireysel,1973.0,2019-02-28,Bayi,Aktif,
102646,İzmir,Kurumsal,1991.0,2021-04-28,Çağrı Merkezi,Aktif,Memnuniyet araması
101711,İstanbul,Bireysel,2002.0,2016-08-18,Çağrı Merkezi,Aktif,Memnuniyet araması
102231,Ankara,Kurumsal,1957.0,2019-02-17,Bayi,Aktif,
103103,Antalya,Kurumsal,1989.0,2017-12-13,Çağrı Merkezi,Aktif,Başka servise geçti
100628,İstanbul,Bireysel,1980.0,2016-07-10,Bayi,Aktif,Randevu hatırlatması yapıldı
102287,Adana,Bireysel,1962.0,2017-06-12,Mobil Uygulama,Pasif,
103262,İstanbul,Bireysel,1985.0,2019-02-23,Bayi,Aktif,Memnuniyet araması
101141,Kocaeli,Bireysel,1989.0,2021-06-03,Bayi,Kaybedildi,
103601,İzmir,Bireysel,1959.0,2020-03-02,Bayi,Aktif,Kampanya bilgilendirmesi
100947,Ankara,Bireysel,1992.0,2018-07-12,Bayi,Aktif,Kampanya bilgilendirmesi
102186,Bursa,Bireysel,1993.0,2019-08-21,Bayi,Pasif,Randevu hatırlatması yapıldı
101594,İstanbul,Bireysel,1975.0,2020-10-06,Web,Aktif,Randevu hatırlatması yapıldı
100866,İzmir,Bireysel,1998.0,2021-02-24,Bayi,Aktif,Randevu hatırlatması yapıldı
101794,İstanbul,Bireysel,1959.0,2018-05-10,Bayi,Aktif,Kampanya bilgilendirmesi
102956,İstanbul,Bireysel,1992.0,2018-06-21,Mobil Uygulama,Aktif,Randevu hatırlatması yapıldı
102065,İstanbul,Kurumsal,2004.0,2018-04-13,Mobil Uygulama,Aktif,Memnuniyet araması
102557,İzmir,Bireysel,1994.0,2020-03-01,Bayi,Aktif,Randevu hatırlatması yapıldı
100701,İstanbul,Bireysel,1979.0,2019-02-16,Bayi,Kaybedildi,Araç satıldı
100718,İstanbul,Bireysel,1991.0,2018-02-20,Mobil Uygulama,Aktif,Randevu hatırlatması yapıldı
102820,İstanbul,Bireysel,1994.0,2019-12-15,Web,Aktif,Randevu hatırlatması yapıldı
103121,İzmir,Kurumsal,1956.0,2019-08-27,Bayi,Aktif,Kampanya bilgilendirmesi
101873,Bursa,Bireysel,1960.0,2021-07-31,Bayi,Aktif,Kampanya bilgilendirmesi
101239,Bursa,Bireysel,1973.0,2020-08-15,Bayi,Aktif,Memnuniyet araması
100126,ANTALYA,Bireysel,1974.0,2018-09-26,Bayi,Aktif,Randevu hatırlatması yapıldı
102918,İzmir,Bireysel,1983.0,2016-03-08,Bayi,Aktif,
102927,İstanbul,Bireysel,1965.0,2017-04-22,Bayi,Aktif,Randevu hatırlatması yapıldı
103119,Ankara,Bireysel,1955.0,2020-12-05,Bayi,Kaybedildi,Araç satıldı
100257,İstanbul,Bireysel,1985.0,2017-03-23,Bayi,Aktif,Randevu hatırlatması yapıldı
104048,istanbul,Bireysel,1959.0,2016-08-22,Bayi,Aktif,
101854,İstanbul,Kurumsal,1957.0,2020-04-14,Bayi,Aktif,
103857,İstanbul,Bireysel,1967.0,2016-09-23,Mobil Uygulama,Aktif,Kampanya bilgilendirmesi
101578,Bursa,Bireysel,1994.0,2020-03-21,Bayi,Pasif,
102888,İzmir,Bireysel,1998.0,2019-11-28,Bayi,Aktif,Memnuniyet araması
100583,İstanbul,Kurumsal,2000.0,2019-05-03,Bayi,Aktif,
100092,Ankara,Bireysel,1959.0,2018-10-13,Web,Aktif,Memnuniyet araması
103999,İstanbul,Bireysel,1977.0,2018-06-19,Bayi,Aktif,Memnuniyet araması
101808,İstanbul,Bireysel,1996.0,2021-12-21,Mobil Uygulama,Pasif,İlgilenmiyor
100017,Bursa,Bireysel,1975.0,2020-01-06,Bayi,Aktif,Memnuniyet araması
104147,Ankara,Kurumsal,1978.0,2017-04-28,Bayi,Aktif,Randevu hatırlatması yapıldı
103478,İstanbul,Bireysel,1990.0,2016-09-04,Bayi,Kaybedildi,
103890,İstanbul,Bireysel,1968.0,2016-04-11,Web,Pasif,Randevu hatırlatması yapıldı
103120,İstanbul,Bireysel,1962.0,2021-11-11,Bayi,Aktif,
102206,İstanbul,Kurumsal,1962.0,2020-10-10,Web,Aktif,
103990,İstanbul,Kurumsal,1959.0,2021-12-31,Bayi,Aktif,Memnuniyet araması
101375,Ankara,Bireysel,1976.0,2021-05-04,Web,Aktif,
101314,İstanbul,Bireysel,1959.0,2021-05-25,Bayi,Aktif,Memnuniyet araması
101771,İstanbul,Bireysel,1960.0,2016-08-25,Bayi,Aktif,
102932,Bursa,Kurumsal,,2020-04-26,Çağrı Merkezi,Aktif,Kampanya bilgilendirmesi
101566,İstanbul,Kurumsal,2002.0,2018-06-27,Bayi,Aktif,Randevu hatırlatması yapıldı
100991,İstanbul,Kurumsal,1989.0,2020-03-10,Bayi,Aktif,Memnuniyet araması
100972,İstanbul,Bireysel,1963.0,2019-07-01,Çağrı Merkezi,Aktif,Randevu hatırlatması yapıldı
100659,Ankara,Bireysel,1962.0,2018-07-07,Mobil Uygulama,Kaybedildi,İlgilenmiyor
100383,Kocaeli,Kurumsal,1979.0,2021-11-01,Bayi,Aktif,Kampanya bilgilendirmesi
101243,Istanbul,Bireysel,2001.0,2020-07-27,Çağrı Merkezi,Aktif,Memnuniyet araması
103143,Bursa,Bireysel,,2020-07-11,Bayi,Aktif,Kampanya bilgilendirmesi
101094,İstanbul,Bireysel,1990.0,2021-08-20,Bayi,Kaybedildi,Başka servise geçti
101732,İstanbul,Bireysel,1989.0,2020-10-24,Bayi,Aktif,Memnuniyet araması
102139,Antalya,Bireysel,1975.0,2017-05-28,Bayi,Aktif,
102723,İstanbul,Bireysel,1993.0,2017-11-02,Bayi,Pasif,Araç satıldı
102478,İstanbul,Bireysel,1999.0,2021-04-16,Bayi,Aktif,Memnuniyet araması
100103,İzmir,Bireysel,1967.0,2020-02-04,Web,Aktif,Memnuniyet araması
103127,Kocaeli,Kurumsal,1988.0,2018-08-13,Web,Aktif,
103989,İstanbul,Bireysel,1983.0,2021-06-19,Çağrı Merkezi,Aktif,Randevu hatırlatması yapıldı
102506,Kocaeli,Bireysel,1959.0,2021-05-18,Web,Aktif,Kampanya bilgilendirmesi
103061,Adana,Bireysel,2002.0,2019-03-28,Web,Aktif,Memnuniyet araması
100615,Ankara,Kurumsal,1988.0,2019-06-14,Web,Aktif,
101553,Adana,Bireysel,1990.0,2017-04-28,Çağrı Merkezi,Pasif,Kampanya bilgilendirmesi
100914,Adana,Bireysel,2001.0,2018-03-15,Mobil Uygulama,Aktif,Randevu hatırlatması yapıldı
101152,İstanbul,Bireysel,1959.0,2021-02-05,Bayi,Aktif,Randevu hatırlatması yapıldı
103741,İstanbul,Bireysel,1984.0,2020-02-25,Bayi,Aktif,
103182,Ankara,Bireysel,1990.0,2016-09-16,Bayi,Kaybedildi,İlgilenmiyor
102533,İstanbul,Bireysel,,2017-08-12,Bayi,Aktif,Memnuniyet araması
102092,İzmir,Kurumsal,1977.0,2018-11-28,Çağrı Merkezi,Aktif,Kampanya bilgilendirmesi
100423,İzmir,Kurumsal,1999.0,2018-08-08,Bayi,Aktif,
100594,ankara,Bireysel,1999.0,2019-07-23,Bayi,Aktif,Memnuniyet araması
103797,İstanbul,Bireysel,1988.0,2020-06-11,Bayi,Aktif,Randevu hatırlatması yapıldı
102087,Istanbul,Bireysel,1986.0,2016-01-29,Çağrı Merkezi,Aktif,
101137,İzmir,Bireysel,1984.0,2017-03-03,Bayi,Aktif,Memnuniyet araması
102000,İstanbul,Bireysel,1996.0,2017-08-01,Çağrı Merkezi,Aktif,
100589,Ankara,Bireysel,1993.0,2019-05-22,Bayi,Aktif,Memnuniyet araması
102858,IZMIR,Bireysel,1961.0,2018-09-07,Bayi,Aktif,
100999,İstanbul,Bireysel,1970.0,2021-06-26,Bayi,Aktif,
102502,İstanbul,Kurumsal,2003.0,2017-01-18,Bayi,Aktif,Kampanya bilgilendirmesi
102866,İstanbul,Bireysel,1998.0,2017-07-03,Bayi,Kaybedildi,
103418,İstanbul,Bireysel,1970.0,2019-04-24,Bayi,Aktif,
102464,İstanbul,Bireysel,1960.0,2017-07-21,Mobil Uygulama,Kaybedildi,İlgilenmiyor
100161,Adana,Kurumsal,1969.0,2020-12-27,Bayi,Aktif,Kampanya bilgilendirmesi
102971,Ankara,Kurumsal,1969.0,2021-08-10,Bayi,Aktif,Randevu hatırlatması yapıldı
101170,Ankara,Kurumsal,1975.0,2018-03-05,Çağrı Merkezi,Aktif,Kampanya bilgilendirmesi
103151,İzmir,Bireysel,1985.0,2018-11-03,Bayi,Pasif,İlgilenmiyor
100475,İstanbul,Bireysel,1974.0,2020-09-05,Bayi,Aktif,
101735,Antalya,Bireysel,1974.0,2017-04-15,Bayi,Aktif,
101282,Antalya,Bireysel,1978.0,2018-11-07,Bayi,Aktif,
102145,Adana,Bireysel,1962.0,2017-03-08,Mobil Uygulama,Aktif,Memnuniyet araması
103362,Ankara,Bireysel,1993.0,2020-12-27,Bayi,Aktif,Randevu hatırlatması yapıldı
101210,İstanbul,Kurumsal,1978.0,2018-10-27,Bayi,Aktif,Kampanya bilgilendirmesi
101340,İzmir,Bireysel,1972.0,2021-08-26,Çağrı Merkezi,Aktif,Memnuniyet araması
102798,Ankara,Bireysel,1998.0,2016-08-02,Mobil Uygulama,Aktif,Memnuniyet araması
104114,İzmir,Bireysel,2001.0,2019-03-26,Bayi,Aktif,Randevu hatırlatması yapıldı
102837,İstanbul,Kurumsal,1978.0,2021-03-10,Çağrı Merkezi,Aktif,Kampanya bilgilendirmesi
103541,İstanbul,Bireysel,1960.0,2019-02-07,Çağrı Merkezi,Kaybedildi,Başka servise geçti
101123,Kocaeli,Bireysel,1990.0,2020-09-19,Bayi,Kaybedildi,Ulaşılamadı
102275,İstanbul,Bireysel,1986.0,2016-08-18,Bayi,Kaybedildi,Başka servise geçti
102499,Ankara,Bireysel,1982.0,2017-05-17,Bayi,Aktif,Randevu hatırlatması yapıldı
102925,Antalya,Bireysel,1994.0,2016-06-01,Bayi,Aktif,
102899,İstanbul,Bireysel,1992.0,2019-10-14,Web,Aktif,
100382,İstanbul,Bireysel,1977.0,2019-04-01,Web,Aktif,Kampanya bilgilendirmesi
103279,İstanbul,Bireysel,1981.0,2020-08-22,Web,Aktif,Kampanya bilgilendirmesi
103534,Bursa,Bireysel,1989.0,2016-09-28,Web,Aktif,Ulaşılamadı
102864,İstanbul,Bireysel,1989.0,2016-01-23,Bayi,Aktif,Kampanya bilgilendirmesi
100762,İstanbul,Kurumsal,1966.0,2019-01-25,Mobil Uygulama,Aktif,Randevu hatırlatması yapıldı
103104,İstanbul,Bireysel,1983.0,2018-08-05,Mobil Uygulama,Aktif,
102697,Ankara,Bireysel,1990.0,2021-03-25,Bayi,Kaybedildi,Araç satıldı
101302,İzmir,Bireysel,1989.0,2020-01-06,Web,Kaybedildi,Araç satıldı
101786,İstanbul,Bireysel,1992.0,2016-08-16,Bayi,Aktif,
102370,İstanbul,Bireysel,1978.0,2017-11-03,Web,Aktif,Kampanya bilgilendirmesi
102700,Ankara,Bireysel,1979.0,2016-08-07,Bayi,Kaybedildi,İlgilenmiyor
103945,Bursa,Bireysel,1981.0,2017-12-10,Bayi,Aktif,Kampanya bilgilendirmesi
104054,İstanbul,Bireysel,1979.0,2019-09-05,Çağrı Merkezi,Aktif,Kampanya bilgilendirmesi
102884,Bursa,Bireysel,1963.0,2018-07-03,Bayi,Aktif,Memnuniyet araması
103556,Antalya,Bireysel,1975.0,2017-06-12,Bayi,Aktif,
102997,Bursa,Bireysel,1971.0,2021-09-29,Web,Aktif,
102491,İzmir,Kurumsal,,2017-11-08,Bayi,Kaybedildi,Ulaşılamadı
101528,Ankara,Bireysel,2003.0,2021-03-12,Bayi,Aktif,Randevu hatırlatması yapıldı
102030,İzmir,Bireysel,1968.0,2020-09-17,Bayi,Aktif,Memnuniyet araması
103712,Kocaeli,Kurumsal,1980.0,2016-06-05,Bayi,Aktif,
102631,İstanbul,Bireysel,1960.0,2017-01-29,Bayi,Aktif,Randevu hatırlatması yapıldı
103502,Adana,Bireysel,1994.0,2016-05-12,Bayi,Kaybedildi,
100751,Kocaeli,Bireysel,1977.0,2016-03-06,Bayi,Aktif,Memnuniyet araması
103933,İzmir,Bireysel,1972.0,2019-05-03,Web,Pasif,İlgilenmiyor
101601,Ankara,Kurumsal,1998.0,2018-10-22,Bayi,Aktif,Randevu hatırlatması yapıldı
101011,İstanbul,Bireysel,1973.0,2019-08-18,Bayi,Pasif,
101698,Ankara,Bireysel,1984.0,2017-09-22,Mobil Uygulama,Aktif,Randevu hatırlatması yapıldı
101870,İstanbul,Bireysel,1978.0,2021-12-07,Web,Aktif,Kampanya bilgilendirmesi
101990,İstanbul,Bireysel,2000.0,2016-11-16,Web,Kaybedildi,Başka servise geçti
102922,Bursa,Bireysel,,2017-02-08,Bayi,Aktif,Kampanya bilgilendirmesi
100714,Bursa,Bireysel,,2016-10-20,Mobil Uygulama,Aktif,Memnuniyet araması
102420,İstanbul,Bireysel,1974.0,2020-01-14,Bayi,Kaybedildi,Başka servise geçti
100398,Bursa,Bireysel,1985.0,2020-02-07,Bayi,Aktif,Memnuniyet araması
100390,Bursa,Bireysel,1989.0,2016-01-18,Çağrı Merkezi,Aktif,Kampanya bilgilendirmesi
103237,İstanbul,Bireysel,1998.0,2019-04-09,Mobil Uygulama,Aktif,
100189,İstanbul,Bireysel,1997.0,2019-10-18,Mobil Uygulama,Aktif,Randevu hatırlatması yapıldı
100922,İstanbul,Bireysel,1958.0,2021-09-19,Bayi,Aktif,Randevu hatırlatması yapıldı
100321,İstanbul,Bireysel,1956.0,2018-02-19,Çağrı Merkezi,Kaybedildi,Ulaşılamadı
103563,Istanbul,Bireysel,1958.0,2019-05-27,Bayi,Kaybedildi,İlgilenmiyor
102761,İstanbul,Kurumsal,1998.0,2020-12-14,Bayi,Aktif,
104187,İzmir,Bireysel,1987.0,2020-04-30,Bayi,Aktif,
101200,İstanbul,Bireysel,,2017-09-28,Bayi,Pasif,Memnuniyet araması
100123,Bursa,Bireysel,1959.0,2020-02-25,Bayi,Aktif,Kampanya bilgilendirmesi
102058,Ankara,Bireysel,1959.0,2020-01-26,Bayi,Aktif,Memnuniyet araması
100068,İzmir,Kurumsal,1967.0,2020-10-21,Bayi,Aktif,Kampanya bilgilendirmesi
102213,İstanbul,Bireysel,2003.0,2019-05-18,Çağrı Merkezi,Aktif,Randevu hatırlatması yapıldı
100805,Ankara,Bireysel,1975.0,2021-04-13,Mobil Uygulama,Aktif,Randevu hatırlatması yapıldı
101811,İzmir,Bireysel,1964.0,2020-03-04,Web,Aktif,
103695,Antalya,Bireysel,1998.0,2016-06-28,Bayi,Aktif,Kampanya bilgilendirmesi
101974,Antalya,Bireysel,1984.0,2018-11-28,Bayi,Aktif,Kampanya bilgilendirmesi
103174,İstanbul,Bireysel,1968.0,2018-02-13,Web,Aktif,Kampanya bilgilendirmesi
102280,Bursa,Bireysel,1980.0,2021-03-24,Bayi,Aktif,
101376,Ankara,Bireysel,1973.0,2020-10-31,Çağrı Merkezi,Aktif,
100374,İstanbul,Bireysel,1957.0,2016-07-23,Çağrı Merkezi,Aktif,Kampanya bilgilendirmesi
100572,ankara,Bireysel,1968.0,2021-03-11,Web,Kaybedildi,
104118,Adana,Bireysel,1962.0,2018-10-22,Web,Aktif,Randevu hatırlatması yapıldı
103633,İstanbul,Bireysel,2002.0,2018-12-14,Çağrı Merkezi,Aktif,Memnuniyet araması
100727,İstanbul,Bireysel,1957.0,2020-07-31,Bayi,Kaybedildi,Araç satıldı
100272,Ankara,Bireysel,1977.0,2017-04-29,Bayi,Kaybedildi,
101646,İstanbul,Bireysel,1975.0,2018-11-24,Bayi,Aktif,Kampanya bilgilendirmesi
104014,İstanbul,Bireysel,1965.0,2021-10-19,Çağrı Merkezi,Aktif,Randevu hatırlatması yapıldı
103762,Ankara,Bireysel,2004.0,2018-04-07,Web,Aktif,
101670,İstanbul,Bireysel,1958.0,2016-01-28,Bayi,Aktif,Randevu hatırlatması yapıldı
100240,İstanbul,Kurumsal,2001.0,2017-10-16,Web,Aktif,
102983,İstanbul,Bireysel,1995.0,2017-11-07,Bayi,Aktif,
103256,İstanbul,Bireysel,1985.0,2016-10-07,Bayi,Aktif,Kampanya bilgilendirmesi
102125,Izmir,Bireysel,1966.0,2017-05-31,Bayi,Aktif,Randevu hatırlatması yapıldı
102272,Bursa,Bireysel,1975.0,2018-04-06,Mobil Uygulama,Aktif,Memnuniyet araması
101918,İstanbul,Kurumsal,1991.0,2019-07-16,Bayi,Aktif,Randevu hatırlatması yapıldı
102711,İstanbul,Bireysel,1970.0,2020-07-31,Bayi,Aktif,
102691,Adana,Bireysel,1997.0,2018-12-12,Bayi,Pasif,
101855,İzmir,Bireysel,1994.0,2021-10-16,Bayi,Aktif,
101595,IZMIR,Bireysel,1985.0,2017-09-27,Bayi,Aktif,
101967,İzmir,Kurumsal,1971.0,2019-08-05,Web,Aktif,Randevu hatırlatması yapıldı
100982,Istanbul,Kurumsal,1978.0,2019-02-01,Bayi,Aktif,
103758,İzmir,Bireysel,1960.0,2018-05-04,Bayi,Aktif,Kampanya bilgilendirmesi
103591,Kocaeli,Bireysel,1955.0,2019-11-25,Mobil Uygulama,Aktif,Kampanya bilgilendirmesi
103949,Ankara,Bireysel,1971.0,2018-11-27,Bayi,Aktif,Randevu hatırlatması yapıldı
100461,İstanbul,Bireysel,,2017-11-06,Bayi,Aktif,Randevu hatırlatması yapıldı
102360,İstanbul,Kurumsal,2000.0,2020-07-19,Bayi,Aktif,Kampanya bilgilendirmesi
103091,İstanbul,Bireysel,1971.0,2018-01-17,Web,Kaybedildi,Araç satıldı
103264,izmir,Bireysel,1958.0,2020-12-07,Bayi,Aktif,
102462,Bursa,Bireysel,1956.0,2018-09-05,Bayi,Aktif,Kampanya bilgilendirmesi
103078,İstanbul,Bireysel,1972.0,2016-01-05,Bayi,Kaybedildi,Başka servise geçti
103227,Ankara,Bireysel,1988.0,2019-11-27,Bayi,Aktif,
102329,İstanbul,Bireysel,1977.0,2021-05-16,Web,Pasif,
100500,İstanbul,Bireysel,2000.0,2017-08-31,Bayi,Aktif,Kampanya bilgilendirmesi
102377,Ankara,Bireysel,1962.0,2020-02-21,Çağrı Merkezi,Aktif,
102049,Antalya,Kurumsal,1980.0,2021-01-15,Web,Aktif,Kampanya bilgilendirmesi
100573,Ankara,Bireysel,1977.0,2016-11-07,Bayi,Kaybedildi,İlgilenmiyor
102981,İstanbul,Kurumsal,1970.0,2016-08-08,Mobil Uygulama,Aktif,Randevu hatırlatması yapıldı
101901,İstanbul,Bireysel,1991.0,2021-01-20,Bayi,Aktif,Memnuniyet araması
101780,İstanbul,Bireysel,1983.0,2021-07-06,Bayi,Aktif,
103777,İstanbul,Bireysel,1971.0,2016-01-25,Bayi,Aktif,
100610,İstanbul,Bireysel,1982.0,2021-09-07,Web,Aktif,Kampanya bilgilendirmesi
100742,Adana,Bireysel,2000.0,2019-08-29,Çağrı Merkezi,Aktif,Kampanya bilgilendirmesi
101186,Kocaeli,Bireysel,1982.0,2017-03-30,Çağrı Merkezi,Aktif,Randevu hatırlatması yapıldı
101931,Bursa,Bireysel,1974.0,2018-05-05,Bayi,Aktif,Memnuniyet araması
102388,Ankara,Bireysel,1971.0,2017-02-19,Bayi,Aktif,Randevu hatırlatması yapıldı
101207,Kocaeli,Bireysel,1979.0,2021-10-14,Web,Aktif,Memnuniyet araması
102542,İzmir,Bireysel,1985.0,2018-08-06,Bayi,Kaybedildi,Ulaşılamadı
102253,Ankara,Bireysel,1982.0,2021-12-15,Çağrı Merkezi,Aktif,Memnuniyet araması
102830,İstanbul,Bireysel,2004.0,2021-01-23,Bayi,Aktif,
101121,Ankara,Bireysel,1995.0,2016-08-02,Web,Aktif,
102046,İstanbul,Kurumsal,1956.0,2020-02-14,Bayi,Aktif,
101691,Kocaeli,Bireysel,1969.0,2018-10-14,Bayi,Aktif,
100928,Adana,Bireysel,1958.0,2017-01-28,Bayi,Aktif,Kampanya bilgilendirmesi
100056,İstanbul,Bireysel,1992.0,2021-01-26,Bayi,Aktif,Kampanya bilgilendirmesi
102399,İstanbul,Bireysel,2000.0,2016-07-22,Web,Pasif,Başka servise geçti
104045,Ankara,Kurumsal,1968.0,2017-05-27,Bayi,Aktif,Memnuniyet araması
100941,İstanbul,Bireysel,1985.0,2020-12-26,Web,Aktif,
100772,IZMIR,Kurumsal,1957.0,2020-05-20,Bayi,Aktif,
102088,İzmir,Bireysel,2003.0,2016-07-13,Bayi,Aktif,Kampanya bilgilendirmesi
100523,Antalya,Bireysel,1996.0,2019-05-23,Web,Aktif,Randevu hatırlatması yapıldı
103337,Ankara,Bireysel,1970.0,2016-01-15,Bayi,Aktif,
100492,Ankara,Bireysel,1997.0,2017-08-14,Bayi,Aktif,Randevu hatırlatması yapıldı
102353,Ankara,Bireysel,1958.0,2016-03-20,Bayi,Aktif,Kampanya bilgilendirmesi
100216,İstanbul,Bireysel,1977.0,2016-03-29,Bayi,Aktif,
101850,İstanbul,Bireysel,1997.0,2017-12-22,Web,Aktif,Kampanya bilgilendirmesi
101323,Ankara,Bireysel,1973.0,2021-04-07,Bayi,Aktif,Memnuniyet araması
103444,İzmir,Bireysel,1976.0,2018-01-26,Web,Pasif,Randevu hatırlatması yapıldı
100539,İstanbul,Bireysel,1973.0,2018-08-18,Bayi,Aktif,
104091,Ankara,Bireysel,2002.0,2017-06-10,Çağrı Merkezi,Aktif,Memnuniyet araması
103769,Adana,Bireysel,1965.0,2018-07-19,Bayi,Aktif,Kampanya bilgilendirmesi
101262,Ankara,Kurumsal,1963.0,2019-03-22,Mobil Uygulama,Pasif,Kampanya bilgilendirmesi
103449,Ankara,Bireysel,1967.0,2018-10-28,Bayi,Aktif,
101113,İzmir,Bireysel,1990.0,2021-03-25,Bayi,Aktif,
103596,İstanbul,Bireysel,,2019-04-13,Bayi,Aktif,
101554,İstanbul,Bireysel,1964.0,2021-12-05,Mobil Uygulama,Aktif,
100006,Adana,Bireysel,1992.0,2019-05-23,Mobil Uygulama,Aktif,
100898,İzmir,Bireysel,1992.0,2021-04-21,Bayi,Aktif,Kampanya bilgilendirmesi
102317,İzmir,Bireysel,1995.0,2020-10-19,Web,Aktif,Randevu hatırlatması yapıldı
103111,İstanbul,Bireysel,,2019-05-02,Bayi,Pasif,Memnuniyet araması
100153,Antalya,Bireysel,1988.0,2021-03-17,Bayi,Aktif,
102128,istanbul,Bireysel,1980.0,2016-02-21,Bayi,Aktif,Randevu hatırlatması yapıldı
101454,ADANA,Bireysel,1997.0,2019-12-21,Bayi,Kaybedildi,Başka servise geçti
103314,Bursa,Bireysel,1956.0,2016-01-31,Web,Aktif,Kampanya bilgilendirmesi
104103,İstanbul,Bireysel,1990.0,2018-10-04,Mobil Uygulama,Kaybedildi,Araç satıldı
100845,İzmir,Bireysel,1965.0,2019-09-23,Mobil Uygulama,Kaybedildi,
102438,Ankara,Bireysel,2004.0,2016-06-13,Bayi,Pasif,Kampanya bilgilendirmesi
102394,İstanbul,Bireysel,1979.0,2019-10-28,Bayi,Aktif,Kampanya bilgilendirmesi
101917,İstanbul,Bireysel,1967.0,2016-07-29,Bayi,Aktif,Kampanya bilgilendirmesi
100175,İzmir,Bireysel,2004.0,2017-11-11,Bayi,Aktif,Kampanya bilgilendirmesi
100277,Ankara,Bireysel,2001.0,2016-11-09,Bayi,Pasif,
103579,İzmir,Bireysel,1986.0,2021-07-18,Bayi,Kaybedildi,
104076,İstanbul,Bireysel,1956.0,2016-05-22,Bayi,Aktif,
102073,İstanbul,Bireysel,1956.0,2020-09-04,Bayi,Aktif,Kampanya bilgilendirmesi
102210,İstanbul,Kurumsal,1973.0,2019-07-11,Bayi,Aktif,
100606,İstanbul,Bireysel,2001.0,2021-07-17,Çağrı Merkezi,Aktif,Memnuniyet araması
100695,İstanbul,Bireysel,1967.0,2019-02-25,Web,Aktif,Randevu hatırlatması yapıldı
103658,İstanbul,Bireysel,1998.0,2017-03-06,Web,Aktif,Kampanya bilgilendirmesi
102168,İstanbul,Bireysel,1990.0,2019-07-08,Bayi,Aktif,Kampanya bilgilendirmesi
103131,Ankara,Kurumsal,1956.0,2018-01-21,Bayi,Aktif,Memnuniyet araması
102311,İstanbul,Bireysel,1978.0,2016-09-11,Bayi,Aktif,Memnuniyet araması
101803,Bursa,Bireysel,1982.0,2020-07-04,Bayi,Aktif,Memnuniyet araması
102619,İstanbul,Bireysel,1967.0,2017-03-09,Çağrı Merkezi,Aktif,Memnuniyet araması
104017,Bursa,Bireysel,1994.0,2019-02-11,Bayi,Aktif,
103241,İzmir,Bireysel,1977.0,2018-05-20,Bayi,Aktif,
102130,Ankara,Bireysel,1984.0,2018-02-13,Bayi,Aktif,
101986,Bursa,Kurumsal,1965.0,2018-03-25,Web,Aktif,Memnuniyet araması
101801,ISTANBUL,Bireysel,1973.0,2021-09-16,Çağrı Merkezi,Aktif,
100739,Ankara,Bireysel,1962.0,2021-05-09,Web,Aktif,Randevu hatırlatması yapıldı
103983,İstanbul,Bireysel,1974.0,2021-05-11,Web,Aktif,Memnuniyet araması
101871,İstanbul,Bireysel,1960.0,2021-03-28,Bayi,Aktif,Memnuniyet araması
102163,Kocaeli,Bireysel,1979.0,2016-09-14,Bayi,Aktif,Memnuniyet araması
103294,İstanbul,Bireysel,1971.0,2016-04-24,Web,Aktif,Memnuniyet araması
101695,Ankara,Bireysel,1973.0,2016-11-16,Web,Aktif,
103167,ANKARA,Bireysel,2000.0,2019-05-21,Mobil Uygulama,Aktif,Memnuniyet araması
102459,Antalya,Bireysel,1970.0,2016-05-13,Bayi,Pasif,
103937,İstanbul,Bireysel,1997.0,2017-12-31,Bayi,Aktif,
101809,Antalya,Bireysel,1964.0,2017-12-26,Web,Aktif,Kampanya bilgilendirmesi
102162,İstanbul,Bireysel,1956.0,2021-08-29,Web,Aktif,
100726,İstanbul,Bireysel,1985.0,2017-04-29,Web,Aktif,Kampanya bilgilendirmesi
100436,İstanbul,Bireysel,1974.0,2018-08-12,Bayi,Aktif,Memnuniyet araması
100084,Bursa,Bireysel,2001.0,2019-10-19,Çağrı Merkezi,Aktif,Randevu hatırlatması yapıldı
102141,Ankara,Kurumsal,2000.0,2016-05-30,Bayi,Aktif,Randevu hatırlatması yapıldı
102350,İstanbul,Kurumsal,1998.0,2016-06-04,Web,Aktif,Randevu hatırlatması yapıldı
100020,Kocaeli,Bireysel,1963.0,2020-07-15,Bayi,Kaybedildi,Ulaşılamadı
101583,İstanbul,Bireysel,1976.0,2019-08-15,Bayi,Aktif,Memnuniyet araması
100186,Bursa,Bireysel,1965.0,2021-04-08,Bayi,Aktif,
102276,Antalya,Bireysel,,2017-07-14,Bayi,Aktif,
101234,Adana,Kurumsal,1982.0,2016-09-15,Web,Aktif,
100334,Ankara,Bireysel,1971.0,2021-07-27,Bayi,Aktif,Kampanya bilgilendirmesi
103680,İzmir,Bireysel,1979.0,2021-09-18,Mobil Uygulama,Aktif,Memnuniyet araması
103600,Antalya,Bireysel,1983.0,2018-07-12,Bayi,Aktif,
101256,Bursa,Bireysel,2000.0,2017-02-13,Web,Aktif,Başka servise geçti
103984,Bursa,Bireysel,1980.0,2019-09-02,Bayi,Aktif,
100509,İstanbul,Bireysel,1970.0,2019-05-22,Bayi,Aktif,Memnuniyet araması
103501,Adana,Bireysel,1990.0,2019-04-07,Web,Aktif,
102363,İzmir,Bireysel,1955.0,2016-07-23,Web,Pasif,Ulaşılamadı
103374,Antalya,Bireysel,1977.0,2019-11-13,Bayi,Aktif,
102839,İzmir,Kurumsal,1965.0,2016-12-01,Çağrı Merkezi,Aktif,
102876,Antalya,Kurumsal,1974.0,2021-02-10,Web,Aktif,Randevu hatırlatması yapıldı
103690,Adana,Bireysel,1964.0,2019-09-07,Web,Aktif,
102600,Antalya,Bireysel,1979.0,2021-11-12,Bayi,Aktif,
102720,Ankara,Bireysel,1982.0,2017-02-16,Bayi,Aktif,Kampanya bilgilendirmesi
101783,İstanbul,Bireysel,1989.0,2019-03-07,Bayi,Aktif,
103311,İstanbul,Bireysel,1963.0,2017-07-12,Bayi,Aktif,
103210,İstanbul,Bireysel,1981.0,2018-06-14,Çağrı Merkezi,Aktif,Memnuniyet araması
103098,Adana,Bireysel,1973.0,2019-06-05,Çağrı Merkezi,Aktif,Randevu hatırlatması yapıldı
102047,İzmir,Bireysel,1966.0,2016-05-06,Bayi,Aktif,Randevu hatırlatması yapıldı
102123,İzmir,Bireysel,1983.0,2016-05-16,Web,Aktif,Randevu hatırlatması yapıldı
103253,Bursa,Bireysel,1976.0,2017-03-13,Bayi,Aktif,Kampanya bilgilendirmesi
102389,Adana,Bireysel,1981.0,2016-05-26,Web,Kaybedildi,
103134,İstanbul,Bireysel,1998.0,2017-02-09,Mobil Uygulama,Aktif,
100308,Antalya,Bireysel,1965.0,2018-02-12,Bayi,Aktif,Memnuniyet araması
104098,İstanbul,Bireysel,1958.0,2017-08-08,Mobil Uygulama,Pasif,Memnuniyet araması
100923,Ankara,Bireysel,1986.0,2021-09-21,Bayi,Pasif,
103231,İstanbul,Bireysel,1980.0,2018-07-18,Bayi,Aktif,
101548,Antalya,Bireysel,1960.0,2020-01-29,Bayi,Pasif,
101777,İstanbul,Bireysel,1961.0,2016-10-05,Web,Aktif,Memnuniyet araması
103544,Bursa,Bireysel,1999.0,2018-10-10,Çağrı Merkezi,Aktif,
100018,Kocaeli,Bireysel,1982.0,2020-09-13,Bayi,Aktif,
101744,Ankara,Kurumsal,1995.0,2018-02-22,Bayi,Aktif,Kampanya bilgilendirmesi
102116,İzmir,Bireysel,1968.0,2021-12-26,Mobil Uygulama,Aktif,
104100,Bursa,Bireysel,1977.0,2021-11-13,Bayi,Kaybedildi,İlgilenmiyor
104071,Antalya,Bireysel,1964.0,2020-10-28,Çağrı Merkezi,Aktif,
100722,Kocaeli,Bireysel,1968.0,2021-12-05,Bayi,Pasif,Araç satıldı
102161,İzmir,Kurumsal,1986.0,2018-01-27,Web,Aktif,
101889,İstanbul,Bireysel,1989.0,2017-11-20,Çağrı Merkezi,Aktif,
101861,İzmir,Bireysel,1993.0,2018-12-12,Web,Kaybedildi,Ulaşılamadı
101227,ISTANBUL,Bireysel,1986.0,2020-12-06,Bayi,Kaybedildi,İlgilenmiyor
102774,Ankara,Bireysel,1975.0,2020-07-10,Bayi,Aktif,Kampanya bilgilendirmesi
103691,İzmir,Bireysel,1977.0,2019-03-03,Bayi,Aktif,
102565,İzmir,Bireysel,1994.0,2016-01-15,Bayi,Aktif,Randevu hatırlatması yapıldı
100015,İzmir,Bireysel,1997.0,2017-08-29,Çağrı Merkezi,Aktif,Memnuniyet araması
101127,İstanbul,Bireysel,1967.0,2021-03-11,Çağrı Merkezi,Aktif,Memnuniyet araması
100416,İzmir,Kurumsal,1959.0,2019-06-14,Web,Kaybedildi,Araç satıldı
101591,İstanbul,Bireysel,1993.0,2016-09-17,Çağrı Merkezi,Aktif,
103560,İstanbul,Bireysel,1976.0,2019-07-29,Bayi,Pasif,Kampanya bilgilendirmesi
101498,Ankara,Bireysel,1994.0,2016-12-31,Web,Aktif,
100264,İzmir,Bireysel,1962.0,2018-12-14,Bayi,Aktif,Randevu hatırlatması yapıldı
100394,İstanbul,Kurumsal,1992.0,2016-07-20,Web,Aktif,
103838,İzmir,Bireysel,1975.0,2016-07-22,Bayi,Aktif,
100847,Bursa,Bireysel,1997.0,2017-01-18,Bayi,Kaybedildi,İlgilenmiyor
100292,İzmir,Bireysel,1964.0,2017-04-10,Web,Aktif,
101288,İstanbul,Bireysel,1973.0,2021-02-13,Bayi,Aktif,Randevu hatırlatması yapıldı
102300,İstanbul,Bireysel,1980.0,2021-09-14,Bayi,Aktif,
101927,İstanbul,Bireysel,1992.0,2018-11-12,Bayi,Aktif,Randevu hatırlatması yapıldı
102654,ADANA,Kurumsal,1970.0,2021-07-26,Web,Kaybedildi,Başka servise geçti
103744,İstanbul,Bireysel,2002.0,2019-06-05,Web,Kaybedildi,Ulaşılamadı
103164,Ankara,Bireysel,1957.0,2018-07-15,Mobil Uygulama,Kaybedildi,Araç satıldı
103487,Adana,Bireysel,1993.0,2021-02-25,Bayi,Aktif,Kampanya bilgilendirmesi
101026,İstanbul,Bireysel,1993.0,2021-07-21,Bayi,Aktif,Kampanya bilgilendirmesi
103622,Ankara,Kurumsal,1994.0,2016-12-09,Çağrı Merkezi,Aktif,
101400,Ankara,Bireysel,1975.0,2020-03-16,Bayi,Kaybedildi,İlgilenmiyor
100381,İzmir,Bireysel,1974.0,2018-10-16,Mobil Uygulama,Kaybedildi,Ulaşılamadı
104004,Ankara,Kurumsal,1998.0,2021-02-12,Web,Aktif,Kampanya bilgilendirmesi
102241,Antalya,Bireysel,1961.0,2019-05-14,Bayi,Aktif,
100968,İstanbul,Bireysel,1995.0,2021-04-23,Bayi,Aktif,
102416,Kocaelı,Bireysel,1985.0,2020-12-31,Web,Aktif,Randevu hatırlatması yapıldı
102451,Antalya,Kurumsal,1960.0,2019-09-02,Bayi,Aktif,
102727,İstanbul,Kurumsal,1967.0,2016-09-22,Bayi,Aktif,Kampanya bilgilendirmesi
102014,İstanbul,Bireysel,1990.0,2020-10-11,Mobil Uygulama,Aktif,
100567,Ankara,Bireysel,1987.0,2020-11-10,Bayi,Aktif,
101027,Antalya,Bireysel,1994.0,2016-10-22,Bayi,Aktif,
101120,Antalya,Bireysel,1992.0,2017-05-16,Mobil Uygulama,Aktif,Memnuniyet araması
100900,Ankara,Bireysel,1964.0,2018-01-28,Bayi,Aktif,Kampanya bilgilendirmesi
100536,Bursa,Bireysel,1964.0,2019-11-08,Bayi,Aktif,Randevu hatırlatması yapıldı
103844,İstanbul,Bireysel,1973.0,2018-07-10,Web,Aktif,Memnuniyet araması
103000,Bursa,Bireysel,1957.0,2016-09-22,Bayi,Aktif,Randevu hatırlatması yapıldı
103028,İstanbul,Bireysel,1957.0,2021-04-01,Bayi,Pasif,İlgilenmiyor
102545,Kocaeli,Bireysel,2002.0,2017-02-16,Bayi,Aktif,
100548,İzmir,Bireysel,2000.0,2017-08-25,Web,Aktif,
100460,Adana,Bireysel,1998.0,2018-01-22,Bayi,Aktif,
101309,İstanbul,Bireysel,1974.0,2016-10-18,Çağrı Merkezi,Aktif,
100212,İstanbul,Bireysel,1986.0,2017-11-28,Mobil Uygulama,Aktif,
100938,İstanbul,Kurumsal,2001.0,2020-08-22,Bayi,Aktif,Kampanya bilgilendirmesi
103483,Antalya,Kurumsal,1983.0,2019-07-03,Bayi,Aktif,Memnuniyet araması
103718,İzmir,Bireysel,1978.0,2016-01-22,Mobil Uygulama,Aktif,
102222,Adana,Bireysel,1975.0,2016-10-03,Web,Aktif,
101312,İzmir,Bireysel,1963.0,2020-04-29,Web,Aktif,Randevu hatırlatması yapıldı
100193,Kocaeli,Bireysel,1998.0,2021-01-22,Web,Aktif,Randevu hatırlatması yapıldı
101929,Ankara,Kurumsal,1992.0,2020-04-27,Bayi,Aktif,Memnuniyet araması
101138,Kocaeli,Bireysel,1997.0,2019-07-15,Mobil Uygulama,Kaybedildi,İlgilenmiyor
100230,İzmir,Bireysel,2000.0,2016-10-05,Bayi,Kaybedildi,Ulaşılamadı
101242,İstanbul,Bireysel,1982.0,2020-04-30,Bayi,Kaybedildi,Araç satıldı
100598,Ankara,Bireysel,1957.0,2020-05-25,Çağrı Merkezi,Pasif,Memnuniyet araması
102810,İstanbul,Bireysel,1960.0,2019-06-08,Bayi,Aktif,
100155,İstanbul,Bireysel,1999.0,2020-10-11,Web,Kaybedildi,
103476,İstanbul,Bireysel,1961.0,2021-08-01,Mobil Uygulama,Aktif,Kampanya bilgilendirmesi
101206,Antalya,Bireysel,1890.0,2017-09-28,Mobil Uygulama,Aktif,
103067,İstanbul,Bireysel,1960.0,2017-02-22,Bayi,Aktif,Memnuniyet araması
100075,İstanbul,Bireysel,1960.0,2020-08-14,Bayi,Kaybedildi,İlgilenmiyor
101460,İstanbul,Bireysel,1971.0,2016-07-16,Bayi,Aktif,Kampanya bilgilendirmesi
101231,Ankara,Bireysel,1981.0,2018-08-18,Bayi,Aktif,Kampanya bilgilendirmesi
102689,Ankara,Bireysel,1991.0,2016-01-10,Bayi,Aktif,Memnuniyet araması
100234,İstanbul,Kurumsal,1996.0,2020-03-10,Web,Aktif,
100083,İstanbul,Bireysel,1956.0,2017-05-31,Çağrı Merkezi,Aktif,
103842,BURSA,Bireysel,1991.0,2018-01-25,Bayi,Aktif,
103662,Ankara,Bireysel,1984.0,2018-10-04,Bayi,Aktif,Kampanya bilgilendirmesi
101055,İstanbul,Bireysel,1972.0,2021-11-28,Çağrı Merkezi,Aktif,
100291,İstanbul,Bireysel,1969.0,2020-09-21,Çağrı Merkezi,Aktif,Memnuniyet araması
100915,İzmir,Bireysel,1972.0,2018-12-07,Bayi,Aktif,Kampanya bilgilendirmesi
101112,Ankara,Kurumsal,,2021-03-02,Bayi,Aktif,Memnuniyet araması
101573,İstanbul,Bireysel,1997.0,2018-04-12,Bayi,Aktif,Memnuniyet araması
103781,Bursa,Bireysel,1999.0,2018-05-15,Web,Kaybedildi,
100921,Ankara,Bireysel,1996.0,2020-07-31,Web,Aktif,Memnuniyet araması
101556,Ankara,Bireysel,1991.0,2017-09-12,Bayi,Aktif,
100599,İstanbul,Bireysel,1969.0,2019-10-12,Bayi,Aktif,Randevu hatırlatması yapıldı
103763,İstanbul,Bireysel,1991.0,2019-04-04,Bayi,Kaybedildi,Araç satıldı
100258,Ankara,Bireysel,1957.0,2017-09-12,Bayi,Aktif,Kampanya bilgilendirmesi
100256,Bursa,Bireysel,1994.0,2016-11-05,Web,Aktif,Randevu hatırlatması yapıldı
100769,Bursa,Bireysel,2000.0,2020-04-27,Bayi,Aktif,Randevu hatırlatması yapıldı
102540,Ankara,Kurumsal,1988.0,2016-09-29,Mobil Uygulama,Aktif,
101727,ADANA,Bireysel,1964.0,2016-07-18,Bayi,Pasif,Kampanya bilgilendirmesi
100111,Bursa,Bireysel,2003.0,2017-07-26,Web,Aktif,Kampanya bilgilendirmesi
101680,KOCAELİ,Bireysel,1991.0,2020-08-23,Bayi,Aktif,
101697,İstanbul,Kurumsal,1989.0,2019-04-02,Bayi,Aktif,
103273,Antalya,Bireysel,1981.0,2021-11-18,Bayi,Aktif,
103069,Bursa,Bireysel,1990.0,2016-05-11,Bayi,Aktif,Kampanya bilgilendirmesi
104055,Bursa,Bireysel,1977.0,2016-03-17,Çağrı Merkezi,Aktif,
100713,Kocaeli,Bireysel,1976.0,2019-04-09,Bayi,Aktif,Memnuniyet araması
101480,Antalya,Kurumsal,1983.0,2017-10-14,Web,Aktif,
103706,İstanbul,Bireysel,1965.0,2019-01-28,Web,Aktif,Memnuniyet araması
101020,Adana,Kurumsal,1971.0,2021-05-13,Web,Aktif,
102708,İstanbul,Bireysel,1963.0,2021-09-11,Mobil Uygulama,Aktif,
103642,İzmir,Bireysel,1995.0,2019-04-30,Bayi,Aktif,Kampanya bilgilendirmesi
103451,Ankara,Bireysel,1963.0,2016-04-01,Bayi,Kaybedildi,Başka servise geçti
103779,Ankara,Bireysel,1959.0,2016-07-17,Web,Aktif,
100271,istanbul,Bireysel,2000.0,2021-09-30,Bayi,Aktif,Kampanya bilgilendirmesi
100064,Kocaeli,Bireysel,2002.0,2021-09-13,Mobil Uygulama,Aktif,Kampanya bilgilendirmesi
101095,Ankara,Bireysel,1996.0,2021-03-31,Mobil Uygulama,Aktif,
103607,Ankara,Bireysel,1986.0,2016-08-01,Bayi,Aktif,Kampanya bilgilendirmesi
100779,İzmir,Bireysel,1993.0,2020-10-17,Çağrı Merkezi,Kaybedildi,Ulaşılamadı
100037,Ankara,Bireysel,,2021-10-01,Bayi,Aktif,
103333,Ankara,Kurumsal,1991.0,2020-09-05,Web,Aktif,Kampanya bilgilendirmesi
102994,İstanbul,Kurumsal,1994.0,2021-01-18,Bayi,Pasif,Randevu hatırlatması yapıldı
100861,İstanbul,Bireysel,1965.0,2021-08-19,Bayi,Aktif,Randevu hatırlatması yapıldı
101851,Kocaeli,Bireysel,1992.0,2020-04-14,Çağrı Merkezi,Pasif,
103095,İzmir,Bireysel,1980.0,2017-11-13,Çağrı Merkezi,Pasif,
101362,Bursa,Bireysel,2002.0,2017-05-29,Bayi,Aktif,
101235,İstanbul,Bireysel,1961.0,2020-11-07,Mobil Uygulama,Aktif,Randevu hatırlatması yapıldı
103745,İstanbul,Bireysel,1982.0,2018-07-19,Mobil Uygulama,Aktif,Randevu hatırlatması yapıldı
102596,Bursa,Bireysel,1983.0,2018-10-31,Bayi,Aktif,Kampanya bilgilendirmesi
101863,İstanbul,Bireysel,1993.0,2020-08-29,Web,Aktif,
102768,İstanbul,Bireysel,1961.0,2021-02-17,Web,Aktif,
100633,Ankara,Bireysel,1983.0,2021-11-15,Web,Aktif,
100217,İstanbul,Bireysel,1979.0,2017-11-27,Bayi,Aktif,Kampanya bilgilendirmesi
101054,İstanbul,Bireysel,1997.0,2020-01-02,Web,Aktif,Memnuniyet araması
101884,ANTALYA,Bireysel,2001.0,2020-12-27,Web,Aktif,Memnuniyet araması
102886,İzmir,Bireysel,1992.0,2017-08-15,Bayi,Aktif,
100181,İzmir,Bireysel,2003.0,2016-12-01,Web,Kaybedildi,Ulaşılamadı
102967,İstanbul,Bireysel,,2020-05-19,Mobil Uygulama,Aktif,
102794,Ankara,Bireysel,1976.0,2019-01-28,Mobil Uygulama,Aktif,
102950,İstanbul,Bireysel,1986.0,2020-11-15,Web,Aktif,Araç satıldı
102143,İstanbul,Kurumsal,1958.0,2021-03-27,Bayi,Aktif,Kampanya bilgilendirmesi
100045,İzmir,Bireysel,1963.0,2017-12-14,Bayi,Kaybedildi,Araç satıldı
104195,İstanbul,Bireysel,1958.0,2017-02-23,Mobil Uygulama,Aktif,
102945,İstanbul,Bireysel,1980.0,2017-01-04,Bayi,Aktif,
103974,Kocaeli,Bireysel,1957.0,2018-07-13,Web,Kaybedildi,
100333,Ankara,Kurumsal,2001.0,2016-08-30,Bayi,Aktif,
103105,Bursa,Bireysel,1959.0,2018-06-29,Bayi,Kaybedildi,Ulaşılamadı
102080,Adana,Bireysel,1985.0,2015-12-25,Bayi,Aktif,Randevu hatırlatması yapıldı
103308,İstanbul,Bireysel,1970.0,2017-09-30,Bayi,Aktif,Memnuniyet araması
101422,İstanbul,Bireysel,2001.0,2018-05-01,Bayi,Aktif,Memnuniyet araması
103772,İzmir,Bireysel,1978.0,2018-05-15,Web,Kaybedildi,Ulaşılamadı
101414,İSTANBUL,Bireysel,1974.0,2017-12-28,Mobil Uygulama,Aktif,
100145,Antalya,Bireysel,1997.0,2018-09-25,Web,Aktif,
101575,İstanbul,Bireysel,2002.0,2018-07-29,Bayi,Aktif,Kampanya bilgilendirmesi
102314,Bursa,Kurumsal,1987.0,2020-10-04,Bayi,Aktif,
100987,Antalya,Bireysel,1964.0,2016-05-11,Bayi,Aktif,
104111,İstanbul,Bireysel,1984.0,2020-01-13,Bayi,Aktif,Memnuniyet araması
100529,İstanbul,Bireysel,2004.0,2018-04-30,Web,Aktif,Kampanya bilgilendirmesi
100802,Kocaeli,Bireysel,1966.0,2018-02-12,Bayi,Aktif,Randevu hatırlatması yapıldı
103998,İzmir,Kurumsal,1996.0,2016-06-24,Bayi,Pasif,
100388,Kocaeli,Bireysel,1991.0,2017-09-12,Bayi,Aktif,Randevu hatırlatması yapıldı
100836,İstanbul,Bireysel,1966.0,2019-03-20,Bayi,Aktif,
100191,İstanbul,Kurumsal,1962.0,2020-02-02,Bayi,Pasif,Kampanya bilgilendirmesi
103694,Antalya,Kurumsal,1977.0,2020-05-30,Mobil Uygulama,Aktif,Memnuniyet araması
101160,Ankara,Kurumsal,1978.0,2019-03-29,Bayi,Aktif,
100275,Ankara,Bireysel,1984.0,2017-08-18,Web,Pasif,Randevu hatırlatması yapıldı
100148,Ankara,Bireysel,1957.0,2016-12-08,Bayi,Aktif,
100295,Ankara,Bireysel,2001.0,2017-06-22,Çağrı Merkezi,Aktif,Kampanya bilgilendirmesi
102848,Istanbul,Bireysel,1991.0,2021-11-14,Çağrı Merkezi,Aktif,Kampanya bilgilendirmesi
102588,Adana,Bireysel,1956.0,2020-08-21,Bayi,Aktif,Randevu hatırlatması yapıldı
101716,Ankara,Kurumsal,1993.0,2016-03-16,Çağrı Merkezi,Aktif,Randevu hatırlatması yapıldı
103183,Ankara,Bireysel,1991.0,2016-09-28,Bayi,Aktif,Memnuniyet araması
102001,İstanbul,Bireysel,1956.0,2019-04-11,Bayi,Aktif,Randevu hatırlatması yapıldı
103899,İstanbul,Bireysel,1968.0,2018-08-30,Çağrı Merkezi,Aktif,
102054,Antalya,Kurumsal,1975.0,2021-03-31,Çağrı Merkezi,Kaybedildi,
100975,Ankara,Bireysel,2004.0,2021-07-31,Bayi,Aktif,
103217,İstanbul,Bireysel,1960.0,2017-03-21,Web,Aktif,Memnuniyet araması
104200,İstanbul,Bireysel,1967.0,2018-09-21,Bayi,Aktif,
101922,Ankara,Bireysel,1969.0,2016-08-30,Bayi,Aktif,Randevu hatırlatması yapıldı
100042,Kocaeli,Kurumsal,1977.0,2018-05-12,Web,Aktif,Randevu hatırlatması yapıldı
100378,İzmir,Bireysel,1965.0,2021-01-01,Bayi,Aktif,
101279,Antalya,Bireysel,1985.0,2016-10-05,Çağrı Merkezi,Aktif,
102195,İzmir,Bireysel,1999.0,2018-08-03,Mobil Uygulama,Aktif,Randevu hatırlatması yapıldı
103710,İstanbul,Bireysel,2021.0,2021-03-24,Web,Aktif,Randevu hatırlatması yapıldı
102005,Kocaeli,Bireysel,1985.0,2019-03-04,Mobil Uygulama,Pasif,
103504,İstanbul,Bireysel,1969.0,2020-11-22,Mobil Uygulama,Kaybedildi,Araç satıldı
103138,Adana,Bireysel,1961.0,2020-06-06,Mobil Uygulama,Kaybedildi,İlgilenmiyor
100206,Antalya,Bireysel,2002.0,2020-02-06,Mobil Uygulama,Pasif,
101069,İzmir,Bireysel,1996.0,2019-11-08,Bayi,Aktif,Randevu hatırlatması yapıldı
103153,İstanbul,Bireysel,1955.0,2016-06-04,Web,Kaybedildi,Başka servise geçti
104072,İstanbul,Bireysel,1964.0,2016-03-12,Web,Aktif,Başka servise geçti
103186,İzmir,Bireysel,1965.0,2017-03-18,Bayi,Aktif,Kampanya bilgilendirmesi
103793,Ankara,Bireysel,1992.0,2021-08-27,Bayi,Aktif,
102719,Kocaeli,Bireysel,2002.0,2018-04-21,Çağrı Merkezi,Aktif,Randevu hatırlatması yapıldı
102673,Bursa,Bireysel,1981.0,2016-12-11,Web,Aktif,
102460,İstanbul,Bireysel,1986.0,2017-04-07,Web,Aktif,Memnuniyet araması
101983,Ankara,Kurumsal,1981.0,2019-06-10,Bayi,Aktif,
100741,İstanbul,Bireysel,,2020-05-17,Bayi,Aktif,
101033,İstanbul,Kurumsal,1961.0,2019-11-12,Bayi,Aktif,Randevu hatırlatması yapıldı
102122,İSTANBUL,Bireysel,2002.0,2016-12-11,Bayi,Aktif,
103047,İstanbul,Bireysel,1979.0,2016-12-22,Çağrı Merkezi,Aktif,Memnuniyet araması
101726,Antalya,Bireysel,1994.0,2017-04-02,Bayi,Aktif,Randevu hatırlatması yapıldı
104080,İstanbul,Bireysel,1977.0,2018-10-27,Bayi,Aktif,
102255,İstanbul,Bireysel,1956.0,2017-11-25,Web,Aktif,Kampanya bilgilendirmesi
102916,Kocaeli,Bireysel,1958.0,2020-10-27,Web,Aktif,
